DELETE FROM edu_course_exercise WHERE id='2296675';
INSERT INTO edu_course_exercise (id, question_type, course_id, content, easy_error, source, checked, is_pk) VALUES ('2296675', '12', '50505050', '<p>以下面旋律片段为主题，按要求创编乐段。</p><p>要求：</p><p>（1）将谱例中的旋律改写为圆舞曲（须改变原谱的音符时值）。（5分）</p><p>（2）写出拍号、速度和表情符号。（5分）</p><p><img width="554px" height="117px" src="https://fb.fbstatic.cn/api/tarzan/images/1684fc374e3ce73.png?width=700" /></p>', '', '2018年下半年教师资格证考试《初中音乐》题第29题', '1', '0');
DELETE FROM edu_course_exercise_qa WHERE id='2296675';
INSERT INTO edu_course_exercise_qa (id, course_exercise_id, type, question, cando, answer, total_score) VALUES ('2296675', '2296675', '12', '', '0', '<p><img width="552px" height="151px" src="https://fb.fbstatic.cn/api/tarzan/images/168641e4f71f4be.png?width=700" /></p>', '0');
DELETE FROM edu_course_exercise_comment WHERE id='2296675';
INSERT INTO edu_course_exercise_comment (id, path, course_exercise_qa_id, comment) VALUES ('2296675', ',2296675', '2296675', '<p>本题针对创编乐段提出两个要求：（1）将谱例中的旋律改写为圆舞曲（须改变原谱的音符时值）。（2）要写出拍号、速度和表情符号。首先，圆舞曲是起源于欧洲的宫廷舞曲体裁，其最大特点是以三拍子节奏为基础，因此在节拍上可以选择3/4、3/8、6/8等；其次，圆舞曲一般速度较快，因此可以选择大于100的速度标记，如Allegro或Allegretto等；最后表情标记可以是优美地或高雅的，即Congrozia或Elegante。</p>');
DELETE FROM edu_course_exercise WHERE id='229667749613';
INSERT INTO edu_course_exercise (id, question_type, course_id, content, easy_error, source, checked, is_pk) VALUES ('229667749613', '12', '50505050', '<p>分析下列谱例，并按要求作答。</p><p>要求：</p>', '', '2018年下半年教师资格证考试《初中音乐》题第30题', '1', '0');
DELETE FROM edu_course_exercise_qa WHERE id='2296677';
INSERT INTO edu_course_exercise_qa (id, course_exercise_id, type, question, cando, answer, total_score) VALUES ('2296677', '229667749613', '12', '<p>（1）歌曲分为3个乐句，画出曲式结构图示，标明小节数。（5分）</p>', '0', '<p>（1）单一部曲式：</p><p><img width="355px" height="118px" src="https://fb.fbstatic.cn/api/tarzan/images/168641690fb2d37.png?width=700" /></p>', '15.0');
DELETE FROM edu_course_exercise_qa WHERE id='2296677786';
INSERT INTO edu_course_exercise_qa (id, course_exercise_id, type, question, cando, answer, total_score) VALUES ('2296677786', '229667749613', '12', '<p>（2）分析每个乐句的调式调性。（6分）</p>', '0', '<p>（2）a句是A羽五声调式；b句和c句是A羽六声加变宫调式。</p>', '6');
DELETE FROM edu_course_exercise_qa WHERE id='22966777861';
INSERT INTO edu_course_exercise_qa (id, course_exercise_id, type, question, cando, answer, total_score) VALUES ('22966777861', '229667749613', '12', '<p>（4）说明第2句和第3句运用了哪种旋律发展手法。（2分）</p><p><img width="593px" height="146px" src="https://fb.fbstatic.cn/api/tarzan/images/1684fc3f074f9a6.png?width=700" /></p>', '0', '<p>（4）第2和第3乐句运用了换头合尾的旋律发展手法。</p>', '2');
DELETE FROM edu_course_exercise_qa WHERE id='229667778617';
INSERT INTO edu_course_exercise_qa (id, course_exercise_id, type, question, cando, answer, total_score) VALUES ('229667778617', '229667749613', '12', '<p>（3）说明歌曲调式的特点。（2分）</p>', '0', '<p>（3）其调式特点表现为：①五声音阶的创作本身具有独特的民族性，是中国民间音乐的重要标志；②VII级偏音“变宫”的加入使音乐更具变化，下行六度构唱带有河北方言特色。总之，该调式音乐旋律质朴流畅，一气呵成，具有浓郁民族特色。</p>', '2');
DELETE FROM edu_course_exercise_comment WHERE id='2296677';
INSERT INTO edu_course_exercise_comment (id, path, course_exercise_qa_id, comment) VALUES ('2296677', ',2296677', '2296677', '<p>本题共四问。（1）第一问要求写出曲式结构图。谱例中是一个三句类的一段体，每4小节一句，分别标记为a，b和c。（2）第二问考查调式调性。视唱旋律不难发现这是民族调式，且每一乐句都停留在首调唱名“la”音上，因此三个乐句都是羽调式；但第1乐句中没有偏音，而第2、3乐句中出现了首调唱名“si”的VII级音，因此第1乐句是五声调式，第2、3乐句是六声调式。（3）第三问追问调式特点。可以从五声音阶的民族性和旋律走向两个方面进行分析。（4）第四问是探寻第2、第3乐句的旋律发展手法。7～8小节和11～12小节音乐素材完全相同，但这两乐句的前两小节材料上形成了对比，这种形式叫做“换头合尾”的发展手法。</p>');
DELETE FROM edu_course_exercise_comment WHERE id='2296677786';
INSERT INTO edu_course_exercise_comment (id, path, course_exercise_qa_id, comment) VALUES ('2296677786', ',2296677786', '2296677786', '<p>本题共四问。（1）第一问要求写出曲式结构图。谱例中是一个三句类的一段体，每4小节一句，分别标记为a，b和c。（2）第二问考查调式调性。视唱旋律不难发现这是民族调式，且每一乐句都停留在首调唱名“la”音上，因此三个乐句都是羽调式；但第1乐句中没有偏音，而第2、3乐句中出现了首调唱名“si”的VII级音，因此第1乐句是五声调式，第2、3乐句是六声调式。（3）第三问追问调式特点。可以从五声音阶的民族性和旋律走向两个方面进行分析。（4）第四问是探寻第2、第3乐句的旋律发展手法。7～8小节和11～12小节音乐素材完全相同，但这两乐句的前两小节材料上形成了对比，这种形式叫做“换头合尾”的发展手法。</p>');
DELETE FROM edu_course_exercise_comment WHERE id='22966777861';
INSERT INTO edu_course_exercise_comment (id, path, course_exercise_qa_id, comment) VALUES ('22966777861', ',22966777861', '22966777861', '<p>本题共四问。（1）第一问要求写出曲式结构图。谱例中是一个三句类的一段体，每4小节一句，分别标记为a，b和c。（2）第二问考查调式调性。视唱旋律不难发现这是民族调式，且每一乐句都停留在首调唱名“la”音上，因此三个乐句都是羽调式；但第1乐句中没有偏音，而第2、3乐句中出现了首调唱名“si”的VII级音，因此第1乐句是五声调式，第2、3乐句是六声调式。（3）第三问追问调式特点。可以从五声音阶的民族性和旋律走向两个方面进行分析。（4）第四问是探寻第2、第3乐句的旋律发展手法。7～8小节和11～12小节音乐素材完全相同，但这两乐句的前两小节材料上形成了对比，这种形式叫做“换头合尾”的发展手法。</p>');
DELETE FROM edu_course_exercise_comment WHERE id='229667778617';
INSERT INTO edu_course_exercise_comment (id, path, course_exercise_qa_id, comment) VALUES ('229667778617', ',229667778617', '229667778617', '<p>本题共四问。（1）第一问要求写出曲式结构图。谱例中是一个三句类的一段体，每4小节一句，分别标记为a，b和c。（2）第二问考查调式调性。视唱旋律不难发现这是民族调式，且每一乐句都停留在首调唱名“la”音上，因此三个乐句都是羽调式；但第1乐句中没有偏音，而第2、3乐句中出现了首调唱名“si”的VII级音，因此第1乐句是五声调式，第2、3乐句是六声调式。（3）第三问追问调式特点。可以从五声音阶的民族性和旋律走向两个方面进行分析。（4）第四问是探寻第2、第3乐句的旋律发展手法。7～8小节和11～12小节音乐素材完全相同，但这两乐句的前两小节材料上形成了对比，这种形式叫做“换头合尾”的发展手法。</p>');
DELETE FROM edu_course_exercise WHERE id='2296714';
INSERT INTO edu_course_exercise (id, question_type, course_id, content, easy_error, source, checked, is_pk) VALUES ('2296714', '12', '50505050', '<p>依据下面的谱例，创作完整的乐段。要求：</p><p>（1）根据第一乐句的旋律风格及和声织体，续写第二乐句。（4分)</p><p>（2）创作的第二乐句要与第一乐句同头换尾。（3分)</p><p>（3）乐段结束时的终止式里要用到终止四六和弦。（3分)</p><p><img width="608px" height="100px" src="https://fb.fbstatic.cn/api/tarzan/images/1684fdb281cce79.png?width=700" /></p>', '', '2018年下半年教师资格证考试《高中音乐》题（精选）第30题', '1', '0');
DELETE FROM edu_course_exercise_qa WHERE id='2296714';
INSERT INTO edu_course_exercise_qa (id, course_exercise_id, type, question, cando, answer, total_score) VALUES ('2296714', '2296714', '12', '', '0', '<p><img width="559px" height="128px" src="https://fb.fbstatic.cn/api/tarzan/images/16864688c7e5e96.png?width=700" /></p>', '0');
DELETE FROM edu_course_exercise_comment WHERE id='2296714';
INSERT INTO edu_course_exercise_comment (id, path, course_exercise_qa_id, comment) VALUES ('2296714', ',2296714', '2296714', '<p>本题针对创编乐段提出三个要求：（1）续写第二乐句。（2）运用同头换尾手法，即两个乐句开头相同，结尾不同。（3）运用终止四六和弦，即使用<img flag="tex" src="https://fb.fbstatic.cn/api/planet/accessories/formulas?latex=03AIWIlGjpcrhphi4%2BnkKg%3D%3D" />和弦进行终止式的写作。</p>');
DELETE FROM edu_course_exercise WHERE id='2296716';
INSERT INTO edu_course_exercise (id, question_type, course_id, content, easy_error, source, checked, is_pk) VALUES ('2296716', '12', '50505050', '<p>依据《普通高中音乐课程标准（实验）》的基本理念，按照下列要求进行教学设计。</p><p>教学对象：选修“演奏”模块的学生</p><p>教学内容：器乐合奏《平安夜》</p><p>要求：</p><p>（1）自选合适的乐器，设定教学目标和重点。（10分)</p><p>（2）针对教学重点设计教学过程，其中至少包括2个课堂提问。（15分)</p><p>（3）针对（2）中的主要环节，写出设计意图。（10分)</p>', '', '2018年下半年教师资格证考试《高中音乐》题（精选）第31题', '1', '0');
DELETE FROM edu_course_exercise_qa WHERE id='2296716';
INSERT INTO edu_course_exercise_qa (id, course_exercise_id, type, question, cando, answer, total_score) VALUES ('2296716', '2296716', '12', '', '0', '<p>(1)【教学目标】 </p><p>①情感态度与价值观：感受欧洲音乐的美，体悟平安夜的安乐氛围，培养国际交往能力，理解多元文化。</p><p>②过程与方法：通过反复聆听、指挥协作以及小组合作探究法，能够进一步提升演奏水平。</p><p>③知识与技能：掌握乐器演奏的基本技能，体会器乐合奏的艺术魅力。</p><p>【教学重难点】</p><p>①教学重点：能够准确地完成器乐演奏，并适当表达情感。</p><p>②教学难点：能够对指挥动作做出正确反应，深刻理解作品的文化内涵。</p><p> </p><p>（2）【教学过程】</p><p>（一）课堂导入</p><p>教师运用多媒体为学生播放教堂中唱诗班集体唱诗的视频，引导学生思考这式欧洲哪一个重要的节日？引出圣诞节，激发兴趣，进入新课。 </p><p>（二）初步感知</p><p>1.初听音乐作品，请同学们思考乐曲的情绪和速度如何？（抒情、平静地；稍慢）</p><p>2.复听音乐作品，请同学们留意乐曲的演奏形式是怎样的？（长笛与小提琴合奏）</p><p>3.三听音乐作品，请同学们自主分享赞美诗的人文知识。（赞美诗巴洛克时期的一种教会复调音乐诗歌，也叫众赞歌。）</p><p>（三）探究音乐</p><p> 1.请同学们按照已有的声部分组进行各声部的识谱练习，并在小组内部范唱，组内互评，发现问题并解决。</p><p> 如：引导同学们掌握小提琴长弓的演奏以及长笛长时值气息的把握。</p><p>2.请同学们自选乐器、合理组合进行分声部演奏练习，教师巡视并纠错。</p><p>如小提琴、长笛、萨克斯加入沙锤，或小提琴、小号加入三角铁等形式。</p><p>3.请旋律声部同学在全班范围内进行展示，自评与互评相结合。</p><p>4.教师演奏主旋律，请其他旋律声部跟随老师进行合奏练习，打击乐声部以伴唱形式进行模拟练习，教师担任指挥。</p><p>5.全体合奏，教师引导并纠错。</p><p>6.教师提示同学们注意乐曲的强弱力度变化，演奏出平静、抒情的感情，提示同学们注意音量控制以及声部的和谐统一。</p><p>（四）拓展延伸 </p><p>教师请同学们分享自己一个我们中国的传统节日和传统习俗，如春节放鞭炮的神话渊源、中秋节嫦娥奔月的绮丽传奇等，请同学们思考我们该怎样继承和发扬我国的传统节日？小组合作，学生自主发言，限时10分钟，学生自评与教师评价相结合。</p><p>（五）小结作业</p><p>1.师生共同总结本课收获。</p><p>2.课下搜索代表中国传统节日的器乐合奏作品，下节课一起分享。</p><p>【设计意图】</p><p>本节课的教学环节主要包含了课堂导入、初步感知、探究音乐、巩固延伸以及小结作业五个部分，以下谈一谈各主要教学环节的设计意图。</p><p>首先，感知环节中引领同学们先后三次欣赏音乐作品，按照学习情绪速度、演奏形式、人文知识的顺序来感知音乐作品。</p><p>其次，探究音乐环节中是由学生做主体、在师生合作的基础上来完成的。我们按照                              “识谱—试唱—演奏”的顺序来探究音乐。以上设计，都符合《普通高中音乐课程标准（实验版）》 中“以音乐审美为核心，培养兴趣爱好”以及“重视音乐实践、增强创造意识”的基本理念。</p><p>再次，巩固延伸环节教师引导同学们分享中国传统节日和民俗文化，并以学生代表发言的方式进行展评，运用多元化的评价方式结束。该环节符合《普通高中音乐课程标准（实验版）》 中“弘扬民族音乐，理解多元文化”以及“面向全体学生，注重个性发展”的基本理念。</p>', '0');
DELETE FROM edu_course_exercise_comment WHERE id='2296716';
INSERT INTO edu_course_exercise_comment (id, path, course_exercise_qa_id, comment) VALUES ('2296716', ',2296716', '2296716', '<p>本题是一道教学设计题，共三问：</p><p>第一问要求设计教学目标和教学重难点，可以从以下几个方面入手。（1）三个维度：情感态度与价值观、过程与方法、知识与技能。（2）四个要求：①行为主体必须是学生；②行为条件，如时间、场所等；③行为动词必须是具体、可测评的；④表现程度及质量效果。（3）制定的依据：①学科课标，即《普通高中音乐课程标准（实验版）》中对演奏课的相关目标要求；②教材情况，即在教材中或单元中的作用、地位及重要性；③学生情况，即学生所具备的基础知识水平和理应达到的水平，以及学生的具体兴趣、认知情况等等。</p><p>第二问是书写主要的教学过程，从以下四个方面进行设计：（1）激趣导入；（2）初步感知；（3）探究音乐；（4）巩固延伸；（5）小结作业。 </p><p>第三问是针对第二问设计的教学过程主要环节阐述设计意图，主要通过对学生的帮助以及新课改体现的理念着手作答即可。</p>');
DELETE FROM edu_course_exercise WHERE id='181742';
INSERT INTO edu_course_exercise (id, question_type, course_id, content, easy_error, source, checked, is_pk) VALUES ('181742', '11', '41414141', '<p>异分母分数加、减法人们在日常生活中产生的垃圾叫生活垃圾。</p><p>(1)废金属和纸张是垃圾回收的主要对象，它们在生活垃圾中共占几分之几？</p><p><img width="475px" height="674px" src="https://fb.fbstatic.cn/api/tarzan/images/15225c8b6593566.jpg?width=700" /></p><p>分母不同的分数，要先通分才能相加。</p><p><img width="475px" height="674px" src="https://fb.fbstatic.cn/api/tarzan/images/15225c8ee178967.jpg?width=700" /></p><p>(2)危险垃圾多还是食物残渣多？多多少？</p>', '', '2012年下半年教师资格证考试《教育教学知识与能力》（小学）题第27题', '1', '0');
DELETE FROM edu_course_exercise_qa WHERE id='1764730';
INSERT INTO edu_course_exercise_qa (id, course_exercise_id, type, question, cando, answer, total_score) VALUES ('1764730', '181742', '11', '<p>（1）试分析“异分母分数加、减法”的原理及算法。</p><p>（2）如指导高年级小学生学习上述内容，试拟教学目标，教学重、难点。</p><p>（3）根据拟定的教学目标和教学重点，设计新授部分的教学活动。</p>', '0', '<p>（1）原理：异分母分数加法和减法的算法就是先通分再按同分母分数相加减的方法进行计算，结果能约分的要约分。其原理是将异分母分数转化成同分母分数，以符合相同计数单位相加、减的基本原理。</p><p>（2）教学目标设计如下：</p><p>①知识与技能目标：理解异分母分数加减法的算理，掌握异分母分数加减法的算法并能正确进行计算。</p><p>②过程与方法目标：通过小组交流异分母与同分母的转化，继续渗透转化的数学思想，培养学生自觉验算的良好习惯。</p><p>③情感态度价值观目标：学生在交流的过程中体验成功的喜悦，增强学生自主学习、合作交流的意识。    </p><p>教学重点：异分母分数加减法的计算法则。</p><p>    教学难点：运用通分解决异分母分数不能直接相加减的问题。</p><p>（3）新授部分的教学活动：</p><p>二、合作探究</p><p>1. 老师激趣：其实，要知道像13+14=（  ）这样的异分母分数加减法怎么计算，有两种途径，一是我来告诉你们怎么算，二是你们自己去研究，你们选哪种？</p><p> </p><p>2. 学生独立或者几个人合作研究，老师巡视收集材料。</p><p>3. 汇报</p><p>（1）老师出示学生计算结果13+14=17，问：说说你是怎样计算的？</p><p>生：13+14分子相同，分母不同，所以分子不变，分母相加，所以是17。</p><p>师：还有谁是这样做的？说说你的想法？</p><p>生汇报。</p><p>师评价：你们能从同分母分数加减法中得到启示，通过自己的猜想，得出答案，这很不错。不过，数学学习光有猜想还不够，还要我们通过缜密的思考去验证，到底13+14=17对不对呢？谁有办法验证验证？</p><p>生验证：①17比13还小，所以13+14不可能等于更小的17。</p><p>②13化成小数大约是0.3，14化成小数是0.25，加起来大约是0.55，而17化成小数大约是014，所以不对。</p><p>师评价：你们能用比较分数大小、把分数化成小数两种方法进行验证，用旧知识解决了新问题，多好的方法呀！我们还可以用画图的方法来验证。出示课件验证。</p><p>师：通过大家的验证，可以看出13+14的确不等于17。</p><p>师问得出13+14=17结果的学生：现在你们能说说，你们错在哪儿了吗？</p><p>生：不能把分母相加。</p><p>师评价：虽然你们错了，但是正是由于你们的猜想，让大家更清楚了异分母分数加法不能用分母相加，我觉得大家应该感谢你们。</p><p>（2）师出示学生计算结果13+14=712，问：说说你是怎样计算的？</p><p>生：13+14分母不相同，先化成分母相同的分数，再相加。</p><p>师：还有谁是这样做的？说说你的想法？</p><p>生汇报。</p><p>师评价：你们也从同分母分数加减法中得到启示，通过自己的猜想，得出答案，这很不错。不过，这也得验证，谁来验证验证？</p><p>生验证：①13等于412，14等于312，所以13+14等于712。</p><p>②13化成小数大约是0.3，14化成小数是0.25，加起来大约是0.55，而712化成小数大约是0.55，差不多。</p><p>师评价：我们也可以用画图的方法来验证。出示课件验证。</p><p>师：通过大家的验证，可以看出13+14的确等于712。想一想，我们是怎样得出712的？</p><p>生：把13变成412，14变成312，13+14等于712</p><p>师评价：刚才大家说把13变成412，14变成312，别小看这一变，你们把新知识变成了旧知识，这在数学中就叫转化。（板书：转化）而转化的思想在数学学习中是非常重要的，它是打开数学王国大门的一把金钥匙，运用它，你们会变得越来越聪明。</p><p>师问得出13+14=17结果的学生：现在你们能说说应该怎样计算了吗？</p><p>生：先把分母化成相同的，再相加。</p><p>师评价：你看，刚才你们错了，通过别人的想法，修正了自己的猜想，其实，这就是学习，就是提高。</p><p>4. 整理计算过程</p><p>（1）师：刚才这只是我们的思考过程，谁能用算式把计算过程写出来？</p><p>生说师板书</p><p>（2）师强调：我们对通分的过程已经很熟练了，在写计算过程时，可以直接写出通分的结果。</p><p> </p><p> </p>', '0');
DELETE FROM edu_course_exercise_comment WHERE id='1764730';
INSERT INTO edu_course_exercise_comment (id, path, course_exercise_qa_id, comment) VALUES ('1764730', ',1764730', '1764730', '<p>（1）原理：异分母分数加法和减法的算法就是先通分再按同分母分数相加减的方法进行计算，结果能约分的要约分。其原理是将异分母分数转化成同分母分数，以符合相同计数单位相加、减的基本原理。</p><p>（2）教学目标设计如下：</p><p>①知识与技能目标：理解异分母分数加减法的算理，掌握异分母分数加减法的算法并能正确进行计算。</p><p>②过程与方法目标：通过小组交流异分母与同分母的转化，继续渗透转化的数学思想，培养学生自觉验算的良好习惯。</p><p>③情感态度价值观目标：学生在交流的过程中体验成功的喜悦，增强学生自主学习、合作交流的意识。    </p><p>教学重点：异分母分数加减法的计算法则。</p><p>    教学难点：运用通分解决异分母分数不能直接相加减的问题。</p><p>（3）新授部分的教学活动：</p><p>二、合作探究</p><p>1. 老师激趣：其实，要知道像13+14=（  ）这样的异分母分数加减法怎么计算，有两种途径，一是我来告诉你们怎么算，二是你们自己去研究，你们选哪种？</p><p> </p><p>2. 学生独立或者几个人合作研究，老师巡视收集材料。</p><p>3. 汇报</p><p>（1）老师出示学生计算结果13+14=17，问：说说你是怎样计算的？</p><p>生：13+14分子相同，分母不同，所以分子不变，分母相加，所以是17。</p><p>师：还有谁是这样做的？说说你的想法？</p><p>生汇报。</p><p>师评价：你们能从同分母分数加减法中得到启示，通过自己的猜想，得出答案，这很不错。不过，数学学习光有猜想还不够，还要我们通过缜密的思考去验证，到底13+14=17对不对呢？谁有办法验证验证？</p><p>生验证：①17比13还小，所以13+14不可能等于更小的17。</p><p>②13化成小数大约是0.3，14化成小数是0.25，加起来大约是0.55，而17化成小数大约是014，所以不对。</p><p>师评价：你们能用比较分数大小、把分数化成小数两种方法进行验证，用旧知识解决了新问题，多好的方法呀！我们还可以用画图的方法来验证。出示课件验证。</p><p>师：通过大家的验证，可以看出13+14的确不等于17。</p><p>师问得出13+14=17结果的学生：现在你们能说说，你们错在哪儿了吗？</p><p>生：不能把分母相加。</p><p>师评价：虽然你们错了，但是正是由于你们的猜想，让大家更清楚了异分母分数加法不能用分母相加，我觉得大家应该感谢你们。</p><p>（2）师出示学生计算结果13+14=712，问：说说你是怎样计算的？</p><p>生：13+14分母不相同，先化成分母相同的分数，再相加。</p><p>师：还有谁是这样做的？说说你的想法？</p><p>生汇报。</p><p>师评价：你们也从同分母分数加减法中得到启示，通过自己的猜想，得出答案，这很不错。不过，这也得验证，谁来验证验证？</p><p>生验证：①13等于412，14等于312，所以13+14等于712。</p><p>②13化成小数大约是0.3，14化成小数是0.25，加起来大约是0.55，而712化成小数大约是0.55，差不多。</p><p>师评价：我们也可以用画图的方法来验证。出示课件验证。</p><p>师：通过大家的验证，可以看出13+14的确等于712。想一想，我们是怎样得出712的？</p><p>生：把13变成412，14变成312，13+14等于712</p><p>师评价：刚才大家说把13变成412，14变成312，别小看这一变，你们把新知识变成了旧知识，这在数学中就叫转化。（板书：转化）而转化的思想在数学学习中是非常重要的，它是打开数学王国大门的一把金钥匙，运用它，你们会变得越来越聪明。</p><p>师问得出13+14=17结果的学生：现在你们能说说应该怎样计算了吗？</p><p>生：先把分母化成相同的，再相加。</p><p>师评价：你看，刚才你们错了，通过别人的想法，修正了自己的猜想，其实，这就是学习，就是提高。</p><p>4. 整理计算过程</p><p>（1）师：刚才这只是我们的思考过程，谁能用算式把计算过程写出来？</p><p>生说师板书</p><p>（2）师强调：我们对通分的过程已经很熟练了，在写计算过程时，可以直接写出通分的结果。</p><p> </p><p> </p>');
DELETE FROM edu_course_exercise WHERE id='181750';
INSERT INTO edu_course_exercise (id, question_type, course_id, content, easy_error, source, checked, is_pk) VALUES ('181750', '11', '41414141', '<p>请认真阅读下列材料，并按要求作答。</p><p>       在进行“三角形面积”教学时，指导面积计算公式一般采用两种方法：一种是把两个完全一样的三角形拼成一个平行四边形(见图1)，另一个是利用三角形中位线剪拼成平行四边形(见图2-1)或折叠成长方形(见图2-2)。</p><p><img width="314px" height="175px" src="https://fb.fbstatic.cn/api/tarzan/images/15225d5ec9ddcf2.png?width=700" /></p>', '', '2013年上半年教师资格证考试《教育教学知识与能力》（小学）题第27题', '1', '0');
DELETE FROM edu_course_exercise_qa WHERE id='1764926';
INSERT INTO edu_course_exercise_qa (id, course_exercise_id, type, question, cando, answer, total_score) VALUES ('1764926', '181750', '11', '<p>请根据上述材料，回答问题(1)(2)(3)。</p><p>(1)试分析上述两种方法所蕴含的数学思想。</p><p>(2)若指导高年段小学生学习上述内容，试拟定教学目标。</p><p>(3)根据你定的教学目标，设计讲授的部分教学活动。</p>', '0', '<p>（1）两种方法蕴含的数学思想是转化与化归。本节课需要求三角形面积公式，将三角形通过剪拼转化为平行四边形或长方形，通过平行四边形或长方形的面积公式得到三角形的面积公式。</p><p>（2）教学目标拟定如下：</p><p>①知识与技能目标：掌握三角形的面积公式，并会灵活应用这个公式。</p><p>②过程与方法目标：通过小组协作探究，学生的动手操作、观察、分析推理能力得到一定的提高。</p><p>③情感、态度与价值观目标：学生的创新意识和学习数学的兴趣得到激发。</p><p>（3）教学活动设计如下：</p><p>探究新知环节：</p><p>（一）复习平行四边形面积公式的推导方法。</p><p>请学生复习回顾平行四边形的面积计算和推导过程。 </p><p>（二）三角形面积公式的推导。 </p><p>请同学们拿出课前准备的锐角三角形、钝角三角形和直角三角形三种类型三角形（各两个）小组合作动手拼一拼、摆一摆。 </p><p>1、课件出示讨论要求： </p><p>2、用两个完全一样的三角形摆拼，能拼出什么图形？ </p><p>3、拼出的图形与原来三角形有什么联系？</p><p>（2）学生以小组为单位进行操作和讨论。 </p><p>（3）展示学生的拼摆过程，交流汇报。 </p><p>请各小组汇报结果。同时设置提问“哪两个三角形可以拼成一个平行四边形？”在学生给出正确答案后，继续设问“谁能说说，每个三角形的面积与拼成的平行四边形的面积有什么关系？”教师再通过课件展示，让学生直观体验三角形的旋转和平移。</p><p>（三）归纳公式。</p><p>1、讨论：（屏幕显示提纲） </p><p>①三角形的底和高与平行四边形的底和高有什么关系？ </p><p>②怎样求三角形的面积？ </p><p>③你能根据实验结果，写出三角形的面积计算公式吗？ </p><p>2、指导学生进行小组讨论交流，回答以上提问，锻炼学生的动手操作能力和分析观察能力。</p>', '0');
DELETE FROM edu_course_exercise_comment WHERE id='1764926';
INSERT INTO edu_course_exercise_comment (id, path, course_exercise_qa_id, comment) VALUES ('1764926', ',1764926', '1764926', '<p>（1）两种方法蕴含的数学思想是转化与化归。本节课需要求三角形面积公式，将三角形通过剪拼转化为平行四边形或长方形，通过平行四边形或长方形的面积公式得到三角形的面积公式。</p><p>（2）教学目标拟定如下：</p><p>①知识与技能目标：掌握三角形的面积公式，并会灵活应用这个公式。</p><p>②过程与方法目标：通过小组协作探究，学生的动手操作、观察、分析推理能力得到一定的提高。</p><p>③情感、态度与价值观目标：学生的创新意识和学习数学的兴趣得到激发。</p><p>（3）教学活动设计如下：</p><p>探究新知环节：</p><p>（一）复习平行四边形面积公式的推导方法。</p><p>请学生复习回顾平行四边形的面积计算和推导过程。 </p><p>（二）三角形面积公式的推导。 </p><p>请同学们拿出课前准备的锐角三角形、钝角三角形和直角三角形三种类型三角形（各两个）小组合作动手拼一拼、摆一摆。 </p><p>1、课件出示讨论要求： </p><p>2、用两个完全一样的三角形摆拼，能拼出什么图形？ </p><p>3、拼出的图形与原来三角形有什么联系？</p><p>（2）学生以小组为单位进行操作和讨论。 </p><p>（3）展示学生的拼摆过程，交流汇报。 </p><p>请各小组汇报结果。同时设置提问“哪两个三角形可以拼成一个平行四边形？”在学生给出正确答案后，继续设问“谁能说说，每个三角形的面积与拼成的平行四边形的面积有什么关系？”教师再通过课件展示，让学生直观体验三角形的旋转和平移。</p><p>（三）归纳公式。</p><p>1、讨论：（屏幕显示提纲） </p><p>①三角形的底和高与平行四边形的底和高有什么关系？ </p><p>②怎样求三角形的面积？ </p><p>③你能根据实验结果，写出三角形的面积计算公式吗？ </p><p>2、指导学生进行小组讨论交流，回答以上提问，锻炼学生的动手操作能力和分析观察能力。</p>');
DELETE FROM edu_course_exercise WHERE id='181788';
INSERT INTO edu_course_exercise (id, question_type, course_id, content, easy_error, source, checked, is_pk) VALUES ('181788', '11', '41414141', '<p align="center">《再见了，亲人》</p><p>       大娘，停住您送别的脚步吧！为了帮我们洗补衣服，您已经几夜没合眼了。您这么大年纪，能支持得住吗？快回家休息吧！为什么摇头呢？难道您担心我们会把您这位朝鲜阿妈妮忘怀？不，永远不会。八年来，您为我们花了多少心血，给了我们多少慈母般的温暖！记得五次战役的时候，由于敌机的封锁，造成了暂时的供应困难。我们空着肚子，在阵地上跟敌人拼了三天三夜。是您带着全村妇女，顶着打糕，冒着炮火，穿过硝烟，送到阵地上给我们吃。这真是雪中送炭啊！当时许多同志都感动得流下了眼泪。在您的帮助下，我们打胜利了那次阻击战。您在回去的途中，累得昏倒在路旁了。我们还记得，我们的一个伤员在您家里休养，敌机来了，您丢下自己的小孙孙把伤员背进了防空洞。当您再回去抢救小孙孙的时候，房子已经炸平了。您为我们失去了唯一的亲人。您说，这比山还高比海还深的情谊，我们怎么能忘怀？</p><p>       小金花，不要哭了，擦干眼泪，再给我们唱个《捣米谣》吧！怎么？心理难过，唱不出来？你一向是个坚强的孩子啊！那一回，侦察员老王到敌占区去侦察，被敌人抓住了，关在一座小房子里，有一个班的鬼子看守着。你妈妈知道了，带着你混进敌占区，偷偷地靠近了关着老王的那所小房子。你妈妈故意跟着哨兵争吵，引出那个班的敌人。你乘机钻进屋里，解开老王身上的绳索，救出了老王。你回到村里，焦急地等待妈妈。第二天就传来噩耗，你妈妈拉响手榴弹跟敌人同归于尽了。同志们伤心地痛哭起来，你却把脚一跺，嘴角抽动着狠狠地说：“妈妈，这个仇我一定要报！”小金花，你是多么刚强呀！可是今天，跟志愿军叔叔分别的今天，你怎么就落泪了呢？</p><p>       大嫂，请回去吧！看，您的孩子在您的背上睡熟了。山路这样崎岖，您架着双拐，已经送了几十里。就是您一步不送，我们只要想起您的双拐，也永远不会忘记您。我们清楚地记得，那是1952年的春天，金达菜花开满山野的时候，您知道我们缺少蔬菜，就挎着篮子上山挖野菜。后面山上的野菜挖光了，您又跑到前沿阵地去挖。不料敌人的一颗炮弹在您的身旁爆炸，您倒在了血泊里……伤好以后，您只能靠着双拐走路了。您为我们付出了这样高的代价，难道还不足以表达您对中国人们的友谊吗？再见了，亲人！再见了，亲爱的土地！列车呀，请慢一点儿开，让我们再看一眼朝鲜的亲人，让我们在这曾经洒过鲜血的土地上再停留片刻。再见了，亲人！我们的心永远跟你们在一起！</p>', '', '2012年上半年教师资格证考试《教育教学知识与能力》（小学）题第27题', '1', '0');
DELETE FROM edu_course_exercise_qa WHERE id='1765202';
INSERT INTO edu_course_exercise_qa (id, course_exercise_id, type, question, cando, answer, total_score) VALUES ('1765202', '181788', '11', '<p>请为上文《再见，亲人》设计一份教学案例。</p>', '0', '<p>（1）教学目标：</p><p>①认识生字词，能正确读写“战役、封锁、硝烟”等词语。</p><p>②正确、流利、有感情地朗读课文，画出自己喜欢的段落并背诵。</p><p>③理解课文内容，体会中朝人民用鲜血凝成的伟大友谊。</p><p>（2）教学重点：有感情地朗读课文。</p><p>（3）教学难点：理解课文中“亲人”的不同含义，体会中朝人民用鲜血凝成的伟大友谊。</p><p>（4）教法学法：采用情境教学法、情感教学法、激情朗读法、讲述法和引起联想法。</p><p>（5）教学过程：</p><p>①课堂导入</p><p>a. 谈话导入——创设情境，营造氛围。</p><p>同学们，我们先讨论个问题：什么是亲人？亲人就是与你有血缘关系的人。下面我们就来认识一下课文里讲述的那些亲人吧！</p><p>b. 简介课文特定的时代背景。</p><p>中国人民志愿军由彭德怀任司令员兼政治委员，于1950年10月开赴朝鲜，和朝鲜人民军并肩作战。在极端困难的条件下，打败了美国侵略军及其帮凶。停战以后，中国人民志愿军参加了朝鲜的战后重建工作，于1958年10月全部撤离朝鲜回到祖国。</p><p>②初读课文，整体感知</p><p>a. 自读课文。</p><p>思考：课文为我们讲述了哪些亲人？她们究竟为志愿军战士做了些什么？</p><p>b. 出示生字词，让学生齐读，理解并掌握字词的含义。</p><p>役、暂、糕、战役、封锁、暂时、供应、硝烟、雪中送炭、唯一、情谊、噩耗、刚强</p><p>c. 说说志愿军眼中的亲人指的是谁？以大娘、小金花、大嫂（板书：大娘、小金花、大嫂）为代表的朝鲜人民（板书：朝鲜人民）究竟为志愿军战士做了些什么？</p><p>③精讲细读，体会感情</p><p>先让学生默读第一段，边读边思考，画出使自己最感动的句子。以大娘送打糕之事为例，如：“我们空着肚子，在阵地上跟敌人拼了三天三夜。是您带着全村妇女，顶着打糕，冒着炮火，穿过硝烟，送到阵地上来给我们吃。这真是雪中送炭啊！”教学中紧紧围绕“雪中送炭”联系上下文，为什么说是“雪中送炭”？逐个分析“雪”“送”“炭”在文中分别指什么，再反复朗读，体会文中表达的情谊。再让学生说说还有什么地方让自己感动。</p><p>适时出示：“我们还记得，我们的一个伤员在您家里休养，敌机来了，您丢下自己的小孙孙，把伤员背进了防空洞；当您再回去抢救小孙孙的时候，房子已经炸平了。您为我们失去了唯一的亲人。”</p><p>抓住关键词句，理解“唯一的亲人”，体会朝鲜人民对志愿军战士比山还高、比海还深的情谊。</p><p>a. 用学习第一段的方法，学习第二、三段。</p><p>学习方法： 默读分层； 朗读体会； 小组交流。</p><p>b. 分小组自学第四至六段，讨论该怎样朗读。</p><p>c. 全班交流。</p><p>④感悟升华并总结</p><p>a. 师：课文以志愿军战士的口吻讲述了朝鲜人民为志愿军战士做的事情，请同学们展开想象，并结合自己了解到的资料，说说志愿军战士又为朝鲜人民做了些什么。</p><p>b. 学生汇报。</p><p>师：是的，听了同学们的介绍，我们知道了志愿军为朝鲜人民也付出了太多太多。在这片土地上长眠着许多优秀的中华儿女；在这片土地上，志愿军战士付出了青春与热血。此时，他们怎能舍得离去呢？志愿军战士只能从心底里喊道：“再见了，亲人！”（引读最后三个自然段）</p><p>c. 出示课件（离别的画面）。</p><p>师：当离别的抽泣声与长鸣的汽笛声交织在一起时，当志愿军战士们从车窗伸出手、探出头跟朝鲜亲人告别时，想到再也见不到亲人熟悉的身影，再也听不到亲人亲切的叮咛，志愿军战士再一次深情地呼喊着：“再见了，亲人！”</p><p>学生齐读最后三个自然段。</p><p>d. 师：“我们的心永远跟你们在一起！”表达了一种怎样的情感？</p><p>学生回答：依依不舍、难分难舍、依依惜别……</p><p>师：是的，他们将所有的话语和所有的情感都化为一句话，那就是：“再见了，亲人！”</p><p>志愿军战士对朝鲜人民说：“再见了，亲人！”</p><p>朝鲜人民对志愿军战士说：“再见了，亲人！”</p><p>师：火车慢慢地启动了，他们依依不舍地说：“再见了，亲人！”（学生齐读最后三个自然段）</p><p>师：火车，缓缓地驶向了远方，越去越远，志愿军战士一次又一次从心底深情地呼唤着：“再见了，亲人！”（老师学生齐读最后三个自然段）</p><p>e. 小结：亲人虽然离别了，但是中朝人民之间用鲜血凝成的伟大友谊却代代相传。这种友谊跨越了国度，跨越了民族，就像一座不朽的丰碑永远竖立在中朝两国人民的心中。</p><p>⑤作业设计</p><p>a. 根据本节课的内容课下作一首小诗。</p><p>b. 向学生推荐阅读《谁是最可爱的人》。</p><p>⑥教学反思</p><p>在本课的教学过程中，十分注重对学生的朗读指导，让学生反复体会志愿军战士与朝鲜人民难舍难分的深情厚谊，激发他们的感情。但在课文表达方法的特点方面拓展不够，有待于在今后的教学中提高。</p>', '0');
DELETE FROM edu_course_exercise_comment WHERE id='1765202';
INSERT INTO edu_course_exercise_comment (id, path, course_exercise_qa_id, comment) VALUES ('1765202', ',1765202', '1765202', '<p>第一，从问题出发寻找答题点，本题的答题点为教案设计的步骤、内容；第二，回忆教案设计的步骤、内容；第三，回到材料中结合材料进行填充；第四，对设计好的教案进行检查和思考，确保完整。</p>');
DELETE FROM edu_course_exercise WHERE id='182330';
INSERT INTO edu_course_exercise (id, question_type, course_id, content, easy_error, source, checked, is_pk) VALUES ('182330', '11', '41414141', '<p><img width="274px" height="369px" src="https://fb.fbstatic.cn/api/tarzan/images/153cb94dabdd2cf.png?width=700" /></p>', '', '2016年上半年教师资格证考试《教育教学知识与能力》（小学）题第26题', '1', '0');
DELETE FROM edu_course_exercise_qa WHERE id='1792912';
INSERT INTO edu_course_exercise_qa (id, course_exercise_id, type, question, cando, answer, total_score) VALUES ('1792912', '182330', '11', '<p>（1）描写该诗的意境并分析主题。</p>', '1', '<p>（1）此诗通过对原上野草的描绘，抒发送别友人时的依依惜别之情。可以把它看成是一曲野草颂，进而是一首生命的颂歌。</p><p>全诗章法谨严，用语自然流畅，对仗工整，写景抒情水乳交融，意境浑成，读时朗朗上口，诗句真切而清晰地再现了一年中野草的繁茂与枯败，一枯一荣、一青一黄之间，看似柔弱的小草彰显了顽强的生命力。而熊熊大火之后的再生更体现出作者对待生命自强不息的态度。“草”作为中心词，构成全诗意境的主体意向，全诗借景写情，蕴含深刻，刻画形象生动，赞美了一种顽强向上的生命精神。</p>', '0');
DELETE FROM edu_course_exercise_qa WHERE id='179291219';
INSERT INTO edu_course_exercise_qa (id, course_exercise_id, type, question, cando, answer, total_score) VALUES ('179291219', '182330', '11', '<p>（2）如何指导小学二年级学生学习该材料，试拟定教学目标。<br></p>', '1', '<p>（2）教学目标：</p><p>①知识与技能目标：学生通过学习这首诗，能够认识“离”“岁”“枯”“荣”“野”“烧”6个生字，正确书写“离”“枯”“荣”3个生字，理解“野火烧不尽，春风吹又生”的含义，有感情地朗读课文。</p><p>②过程与方法目标：学生通过集体讨论的方式，感受小草生长的过程，体会诗人情感升华的过程，获得初步分析与观察的能力。</p><p>③情感态度与价值观目标：通过学习，学生能够感受到小草蓬勃生长的意志和美感，培养学生热爱大自然的情感以及顽强向上的意志。</p>', '0');
DELETE FROM edu_course_exercise_qa WHERE id='1792912199';
INSERT INTO edu_course_exercise_qa (id, course_exercise_id, type, question, cando, answer, total_score) VALUES ('1792912199', '182330', '11', '<p>（3）设计针对生字“枯”的写字指导过程。<br></p>', '1', '<p>（3）“枯”的写字指导过程：</p><p>教师：我们在学习了《草》这首诗的主要意思和作者情感后，接下来学习生字“枯”的正确写法。哪位同学能够告诉我“枯”字是什么结构？</p><p>学生：左右结构。</p><p>教师出示教学PPT，呈现田字格版的“枯”字，问：同学们仔细观察一下，这个左右结构的“枯”字有什么特点？</p><p>学生：左面窄右面宽。</p><p>教师总结：同学们好眼力，这节课我们就要完成写好具有左右结构的“枯”字的任务，下面老师给大家一个口诀。（PPT呈现口诀）：体形窄，左边站，横向短，捺笔收，右边宽，要舒展，笔画穿插不分家，左右谦让才美观。</p><p>教师板书示范，学生练习。边板书，边讲解，并强调“木”字横要短，撇要伸展开，捺变点。</p><p>学生练习书写，教师巡视指导，评议展示。</p><p>最后教师与学生共同复述口诀。<br></p>', '0');
DELETE FROM edu_course_exercise_comment WHERE id='1792912';
INSERT INTO edu_course_exercise_comment (id, path, course_exercise_qa_id, comment) VALUES ('1792912', ',1792912', '1792912', '<p>（1）第一，从问题出发寻找答题点，本题的答题点为语文学科知识里的诗句意境分析；第二，通过翻译诗句，找出重要的意象，分析意境，并结合写作手法得出全诗主题；第三，组织语言并作答。</p>');
DELETE FROM edu_course_exercise_comment WHERE id='179291219';
INSERT INTO edu_course_exercise_comment (id, path, course_exercise_qa_id, comment) VALUES ('179291219', ',179291219', '179291219', '<p>（2）第一，从问题出发寻找答题点，本题的答题点为教学目标；第二，回忆新课改三维目标；第三，结合本篇诗句，从知识与技能、过程与方法、情感态度与价值观三维目标写出具体内容。</p>');
DELETE FROM edu_course_exercise_comment WHERE id='1792912199';
INSERT INTO edu_course_exercise_comment (id, path, course_exercise_qa_id, comment) VALUES ('1792912199', ',1792912199', '1792912199', '<p>（3）第一，从问题出发寻找答题点，本题的答题点为生字的教学过程；第二，回忆《义务教育语文课程标准（2011年版）》中关于识字与写字的目标内容、实施建议；第三，具体到生字“枯”，写出指导过程。<br></p>');
DELETE FROM edu_course_exercise WHERE id='198232236250';
INSERT INTO edu_course_exercise (id, question_type, course_id, content, easy_error, source, checked, is_pk) VALUES ('198232236250', '11', '90909090', '<p>（本小题满分12分）在三角形 <img flag="tex" src="https://fb.fbstatic.cn/api/planet/accessories/formulas?latex=CV5IHDzl71rjlr9NcRxgrg%3D%3D" /> 中，<img flag="tex" src="https://fb.fbstatic.cn/api/planet/accessories/formulas?latex=%2FwbGqfG9etX2HHe1Gbux8Wn8AaalO9SnwaaWD8qWaho%3D" />，<img flag="tex" src="https://fb.fbstatic.cn/api/planet/accessories/formulas?latex=Eau8MX3Lb0QzdLiG8ZQ8BQ%3D%3D" />，若点 <img flag="tex" src="https://fb.fbstatic.cn/api/planet/accessories/formulas?latex=s%2Br8LBAs3scxfl88DGExcg%3D%3D" /> 在线段 <img flag="tex" src="https://fb.fbstatic.cn/api/planet/accessories/formulas?latex=hOo99m7YJCAnVf2cQGX8dQ%3D%3D" /> 上，以 <img flag="tex" src="https://fb.fbstatic.cn/api/planet/accessories/formulas?latex=vag9EtOeRpEggefEBdKdxA%3D%3D" /> 为边长作正方形 <img flag="tex" src="https://fb.fbstatic.cn/api/planet/accessories/formulas?latex=s1dibL3cOnxQHyDbqVc%2Fww%3D%3D" />，如图1，易证 <img flag="tex" src="https://fb.fbstatic.cn/api/planet/accessories/formulas?latex=RE6PwD%2Bo7GNVBCDoeSy7bxgfTaL%2BsIBnmetA%2FRJaC5RlwPc8ZjHo6HticGZTwvwl" />.</p><p><img width="700px" height="692px" src="https://fb.fbstatic.cn/api/tarzan/images/1564e3b92c45505.png?width=700" /></p>', '', '2012年山东泰安事业单位考试《中学数学》题（专业知识部分）第15题', '1', '0');
DELETE FROM edu_course_exercise_qa WHERE id='1982322';
INSERT INTO edu_course_exercise_qa (id, course_exercise_id, type, question, cando, answer, total_score) VALUES ('1982322', '198232236250', '11', '<p>（1）若点 <img flag="tex" src="https://fb.fbstatic.cn/api/planet/accessories/formulas?latex=s%2Br8LBAs3scxfl88DGExcg%3D%3D" /> 在 <img flag="tex" src="https://fb.fbstatic.cn/api/planet/accessories/formulas?latex=hOo99m7YJCAnVf2cQGX8dQ%3D%3D" /> 延长线上，其他条件不变，写出 <img flag="tex" src="https://fb.fbstatic.cn/api/planet/accessories/formulas?latex=xvAneVtKTBLBT8QvrB3a3GZ3ZjNKL2cPCkS6WvLdUrLDDw26mZuL01rCUCTr%2Fnb6" /> 的关系，并结合图2给出证明.</p>', '0', '<p>（1）因为 <img flag="tex" src="https://fb.fbstatic.cn/api/planet/accessories/formulas?latex=s1dibL3cOnxQHyDbqVc%2Fww%3D%3D" /> 是正方形，所以 <img flag="tex" src="https://fb.fbstatic.cn/api/planet/accessories/formulas?latex=NocAVpVVCcycdbqs3J%2FuQ3KhfZzAhW%2B0Cn%2BxXegz%2Fa6BTtykd0SZ6MV6iBsoHuQF" />，<img flag="tex" src="https://fb.fbstatic.cn/api/planet/accessories/formulas?latex=K42Hd3fjQJAh3uXiu6FrToX%2FnmgEEV38tKWyxDWlA0mBZ5s78VkyrCtc227J5Ob8KAqso3iSUbemnkXf03CxiA%3D%3D" />，即<img flag="tex" src="https://fb.fbstatic.cn/api/planet/accessories/formulas?latex=HJv7ItclemQX4fzM60sME6adT3wDSNoW7VSCLlhauMs%3D" />，又 <img flag="tex" src="https://fb.fbstatic.cn/api/planet/accessories/formulas?latex=Eau8MX3Lb0QzdLiG8ZQ8BQ%3D%3D" />，故 <img flag="tex" src="https://fb.fbstatic.cn/api/planet/accessories/formulas?latex=XIGOuBhmBwEaNhmbzn0hJWkjhqJJ5zzov0NrWoVkmNHATavprETcgHqZ4Y1HXI2H" />，所以 <img flag="tex" src="https://fb.fbstatic.cn/api/planet/accessories/formulas?latex=RE6PwD%2Bo7GNVBCDoeSy7b0W1M0F0iADEVcNhCR46Pp8%3D" />. 因为 <img flag="tex" src="https://fb.fbstatic.cn/api/planet/accessories/formulas?latex=JAszw3uQ2BLoiOUfhOLO6Y7nsfoz7C1DbX0okLFFv4l3jybD4IctSZpdynwFH0cv" />，所以 <img flag="tex" src="https://fb.fbstatic.cn/api/planet/accessories/formulas?latex=JAszw3uQ2BLoiOUfhOLO6Y7nsfoz7C1DbX0okLFFv4lXvZwGLHAwrDlTGOehg7lV" />.</p>', '0');
DELETE FROM edu_course_exercise_qa WHERE id='1982322248';
INSERT INTO edu_course_exercise_qa (id, course_exercise_id, type, question, cando, answer, total_score) VALUES ('1982322248', '198232236250', '11', '<p>（2）若点 <img flag="tex" src="https://fb.fbstatic.cn/api/planet/accessories/formulas?latex=s%2Br8LBAs3scxfl88DGExcg%3D%3D" /> 在 <img flag="tex" src="https://fb.fbstatic.cn/api/planet/accessories/formulas?latex=dNnV63ox8pbxdBpgO8Xitg%3D%3D" /> 延长线上，其他条件不变，直接写出 <img flag="tex" src="https://fb.fbstatic.cn/api/planet/accessories/formulas?latex=xvAneVtKTBLBT8QvrB3a3GZ3ZjNKL2cPCkS6WvLdUrLDDw26mZuL01rCUCTr%2Fnb6" /> 的关系式.</p>', '0', '<p>（2）因为 <img flag="tex" src="https://fb.fbstatic.cn/api/planet/accessories/formulas?latex=s1dibL3cOnxQHyDbqVc%2Fww%3D%3D" /> 是正方形，<img flag="tex" src="https://fb.fbstatic.cn/api/planet/accessories/formulas?latex=NocAVpVVCcycdbqs3J%2FuQwdOVqJUVDswaO93eHfQlOIE6D5qX994PbnI2rvmmTJR" />，<img flag="tex" src="https://fb.fbstatic.cn/api/planet/accessories/formulas?latex=%2FOkwsfVz8eQju2JJWVHD0NSfAeWx8IWiLEb9FsYNP16GjCcTsYzGLVZExRUPlFlVmJJeBKF8KHJ%2FeQLB%2FIwzag%3D%3D" />，即 <img flag="tex" src="https://fb.fbstatic.cn/api/planet/accessories/formulas?latex=HJv7ItclemQX4fzM60sME6adT3wDSNoW7VSCLlhauMs%3D" />. 又 <img flag="tex" src="https://fb.fbstatic.cn/api/planet/accessories/formulas?latex=Eau8MX3Lb0QzdLiG8ZQ8BQ%3D%3D" />，故有 <img flag="tex" src="https://fb.fbstatic.cn/api/planet/accessories/formulas?latex=cWcyZEWtCL6tWANAsBeJAFGm85WYiwNo0r925oePQkDzVsMk8jUm6aRT2ALOXEiG" />，所以 <img flag="tex" src="https://fb.fbstatic.cn/api/planet/accessories/formulas?latex=RE6PwD%2Bo7GNVBCDoeSy7byTpUShJnfABN0dq7CLhbVI%3D" />，因为<img flag="tex" src="https://fb.fbstatic.cn/api/planet/accessories/formulas?latex=9pDoUAKQx%2FgQ%2BsgFXiAfscQz2kO7oguJkY%2B6UzV3dpQsz%2FHELo4CVRayUaZorjIf61T%2FyGOrgke%2B5UOiw%2FG%2Ftw%3D%3D" />，所以 <img flag="tex" src="https://fb.fbstatic.cn/api/planet/accessories/formulas?latex=9pDoUAKQx%2FgQ%2BsgFXiAfscQz2kO7oguJkY%2B6UzV3dpRMU65j6pR9wUCOqWCYsYi2lFlMcT1HhWymCFjKsQx3bQ%3D%3D" />.</p>', '0');
DELETE FROM edu_course_exercise_comment WHERE id='1982322';
INSERT INTO edu_course_exercise_comment (id, path, course_exercise_qa_id, comment) VALUES ('1982322', ',1982322', '1982322', '<p>本题主要考查三角形和正方形.</p><p>（1）利用正方形的四边相等及直角等性质，由题设可以证出 <img flag="tex" src="https://fb.fbstatic.cn/api/planet/accessories/formulas?latex=cWcyZEWtCL6tWANAsBeJAGHHGvT%2BmUWll0XBgdlsHW49rBofl75Czg8Q7ugQvd%2BK" />. 之后利用全等三角形可以找到 <img flag="tex" src="https://fb.fbstatic.cn/api/planet/accessories/formulas?latex=oq6B9sNJIRpJKTP8QMjSeOf0IPhAFg4LYCsjIOEp3lCZhpMD8Sx4Y6f3iliJQbip" /> 的关系.</p>');
DELETE FROM edu_course_exercise_comment WHERE id='1982322248';
INSERT INTO edu_course_exercise_comment (id, path, course_exercise_qa_id, comment) VALUES ('1982322248', ',1982322248', '1982322248', '<p>（2）同1的思路.</p>');
