DELETE FROM edu_course_exercise WHERE id='1811410';
INSERT INTO edu_course_exercise (id, question_type, course_id, content, easy_error, source, dw_checked, is_pk) VALUES ('1811410', '15', '90909090', '<p>已知抛物线的顶点在原点、开口向右、焦点为 <img flag="tex" src="https://fb.fbstatic.cn/api/planet/accessories/formulas?latex=BlkXDnmzWHxe4M6E9LlofQ%3D%3D" />，过焦点 <img flag="tex" src="https://fb.fbstatic.cn/api/planet/accessories/formulas?latex=BlkXDnmzWHxe4M6E9LlofQ%3D%3D" /> 且倾斜角等于 <img flag="tex" src="https://fb.fbstatic.cn/api/planet/accessories/formulas?latex=z%2FkiPqk1fQtjrvX%2FQ%2BD9lw%3D%3D" /> 的直线与抛物线相交于<img flag="tex" src="https://fb.fbstatic.cn/api/planet/accessories/formulas?latex=2RUiDci9WF8R0kLIZXKikQ%3D%3D" /> 两点，分别过点 <img flag="tex" src="https://fb.fbstatic.cn/api/planet/accessories/formulas?latex=2RUiDci9WF8R0kLIZXKikQ%3D%3D" /> 作准线 <img flag="tex" src="https://fb.fbstatic.cn/api/planet/accessories/formulas?latex=O1PzqaL1%2BAfC%2FNERqj1Zew%3D%3D" /> 的垂线，垂足分别是 <img flag="tex" src="https://fb.fbstatic.cn/api/planet/accessories/formulas?latex=VcrxcYziFCqtoEZ5mXhdpQ%3D%3D" />，若四边形 <img flag="tex" src="https://fb.fbstatic.cn/api/planet/accessories/formulas?latex=mH3XTehvonAZCNs76DQlQw%3D%3D" /> 的面积等于 <img flag="tex" src="https://fb.fbstatic.cn/api/planet/accessories/formulas?latex=9YUFuej7b4FhBhVnxLnTkA%3D%3D" />，求此抛物线的方程.</p><p>  若将此问题作为一个教学例题，请你认真阅读下面的教学设计提纲，并简答其中包含的主要数学思维方法、知识要点及新课程理念.</p><p>（1）组织学生认真阅读题目，并画出示意图；</p><p>（2）引导学生提出解决问题的基本思路：</p><p>  将抛物线方程设为 <img flag="tex" src="https://fb.fbstatic.cn/api/planet/accessories/formulas?latex=pSUW4HfEDL6wM9VJc3l7Bn8cJZq7HUQsco6m0dKJ2ac%3D" />，然后根据条件求出系数 <img flag="tex" src="https://fb.fbstatic.cn/api/planet/accessories/formulas?latex=QPadlhZ3vYN%2FHi29gpTrFw%3D%3D" />.</p><p>（3）让学生对题目信息进行分析和处理，并写出抛物线 <img flag="tex" src="https://fb.fbstatic.cn/api/planet/accessories/formulas?latex=bAmPePWFsHFi0Au9TPYTIg%3D%3D" /> 的焦点坐标、准线方程及直线 <img flag="tex" src="https://fb.fbstatic.cn/api/planet/accessories/formulas?latex=cHJ4KDAad01mWuGaiQQpfA%3D%3D" /> 的方程 <img flag="tex" src="https://fb.fbstatic.cn/api/planet/accessories/formulas?latex=76re%2BAPaqeYtnEPEg4tSqnoCSvKdxX75YIOt%2BTLbDzw%3D" />；</p><p>（4）引导学生去发现使用条件“四边形 <img flag="tex" src="https://fb.fbstatic.cn/api/planet/accessories/formulas?latex=Ntu93zITeX6ZZAdBrCfFOw%3D%3D" /> 的面积等于 <img flag="tex" src="https://fb.fbstatic.cn/api/planet/accessories/formulas?latex=9YUFuej7b4FhBhVnxLnTkA%3D%3D" />”的核心问题是能用 <img flag="tex" src="https://fb.fbstatic.cn/api/planet/accessories/formulas?latex=dSWbQCTjdbLxKy7q0ps2gg%3D%3D" /> 表示<img flag="tex" src="https://fb.fbstatic.cn/api/planet/accessories/formulas?latex=IrcOZZUhFmM2aU%2B5S%2FGeBg%3D%3D" />和 <img flag="tex" src="https://fb.fbstatic.cn/api/planet/accessories/formulas?latex=q7Ikhq%2BueghY7Ha%2BJpP3hw%3D%3D" />；并注意到 <img flag="tex" src="https://fb.fbstatic.cn/api/planet/accessories/formulas?latex=TdLEXiIafSIroOPznynDDzOP%2BwzbiXa36SRbwgx8EUs%3D" />；</p><p>（5）引导学习成绩处于中间层次的学生，在回顾弦长公式的基础上，假设坐标 <img flag="tex" src="https://fb.fbstatic.cn/api/planet/accessories/formulas?latex=n4ME3%2BjGgkLcTudTIN2EGq39yLYXuTpTX2qkVwhh1dw%3D" />，得出 <img flag="tex" src="https://fb.fbstatic.cn/api/planet/accessories/formulas?latex=oEkXH1FVuw4mb5nEEPYJCYCJGA28fSk5e36arbxvp3zmuC0Il9rSk7Ofsoej907RGj%2FwAoaouP5XiAzdyH76CA%3D%3D" />；</p><p>（6）提出问题：怎样才能求出 <img flag="tex" src="https://fb.fbstatic.cn/api/planet/accessories/formulas?latex=pKHfVOsbKglTS%2BzQkroMbg%3D%3D" /> 和 <img flag="tex" src="https://fb.fbstatic.cn/api/planet/accessories/formulas?latex=g%2Ba4oJ%2BVR0QN9SgqyglMRA%3D%3D" />？学生通过讨论总结，让学习较好的同学交流如下求解过程：</p><p>  由 <img flag="tex" src="https://fb.fbstatic.cn/api/planet/accessories/formulas?latex=9PdFkyNZN0jrsDSPEdYMEzY9UWAsbbrRO0XTSsMcbjOybt9WJFSt5RlTYf5vgDNb85nI9%2FIE1kXgRqhK5CG9qV5Z68eLtTxPLpnnahancqk%3D" /> 消去 <img flag="tex" src="https://fb.fbstatic.cn/api/planet/accessories/formulas?latex=Hz6y44ELFVLLNrLVhO3CQA%3D%3D" /> 得 <img flag="tex" src="https://fb.fbstatic.cn/api/planet/accessories/formulas?latex=AjJ9YD%2BMMb5FKjYgqvmn31ScHtBoW34lcqkupG%2FsdWp9lUiUXNbWlOM9JGz38UmY" />，从而有</p><p>  <img flag="tex" src="https://fb.fbstatic.cn/api/planet/accessories/formulas?latex=Q8mlrxsiKIZryIZO4MGc7wdXR5%2FK%2BLLHX7v0eMUSGU6u3ZKwV8d4q6nQAgG8dTrTgNhPyII7OeJDeyr%2FbpZB5g%3D%3D" /></p><p>  于是 <img flag="tex" src="https://fb.fbstatic.cn/api/planet/accessories/formulas?latex=JpF2Z929n%2Ba4nmRtlLB%2BDMJGdrTc%2FESGs17eZz%2F%2FRqQuuyu7RbBKfAJLoToWJL3c9bjJqSdsDAmjFdR1nPopZQ%3D%3D" /></p><p>  <img flag="tex" src="https://fb.fbstatic.cn/api/planet/accessories/formulas?latex=H5v6ZFCSYYVMrxHztJF5SJssZ9a8BQjoL7ZG0OnmCf%2BSm8TkuIM46yi5%2B0POeSGeHcPl8P5BrF20lASOg5hhyg%3D%3D" /></p><p>  所以 <img flag="tex" src="https://fb.fbstatic.cn/api/planet/accessories/formulas?latex=GWRstmeW8%2FWm0ruPCDbq2jwsRoeYfxnTlaSnUeE5dg8%3D" /></p><p>（7）让成绩靠后的同学交流求抛物线方程的最后步骤：</p><p>  将 <img flag="tex" src="https://fb.fbstatic.cn/api/planet/accessories/formulas?latex=GWRstmeW8%2FWm0ruPCDbq2jwsRoeYfxnTlaSnUeE5dg8%3D" />代入 <img flag="tex" src="https://fb.fbstatic.cn/api/planet/accessories/formulas?latex=E29t0uemX0glusb%2BrwLk5o%2BK4jFDcOTjCHQsVBq%2BsZ2d%2BKuymwnXgbKa%2B05%2FPeer" />，得：<img flag="tex" src="https://fb.fbstatic.cn/api/planet/accessories/formulas?latex=n2BtQOYBxm%2BJ6WlsjLSk8g%3D%3D" /></p><p>  所以抛物线方程 <img flag="tex" src="https://fb.fbstatic.cn/api/planet/accessories/formulas?latex=2UB5V4vY%2FPW4htlsIRhuoQ%3D%3D" /></p><p><img width="417px" height="461px" src="https://fb.fbstatic.cn/api/tarzan/images/156020c4936e373.jpg?width=700" /></p>', '', '2012年江西省教师招聘考试《高中数学》题第43题', '0', '0');
DELETE FROM edu_course_exercise_qa WHERE id='1811410';
INSERT INTO edu_course_exercise_qa (id, course_exercise_id, type, question, cando, answer, total_score) VALUES ('1811410', '1811410', '15', '', '1', '<p>该教学方法设计提纲中包含的主要数学思想方法是数形结合；其涉及的主要知识要点是抛物线的概念、标准方程及几何性质.在该教学设计中主要是使用了分层教学法，其主要体现的是因材施教的新课程理念.</p>', '10');
DELETE FROM edu_course_exercise_comment WHERE id='1811410';
INSERT INTO edu_course_exercise_comment (id, path, course_exercise_qa_id, comment) VALUES ('1811410', ',1811410', '1811410', '<p>该教学方法设计提纲中包含的主要数学思想方法是数形结合；其涉及的主要知识要点是抛物线的概念、标准方程及几何性质.在该教学设计中主要是使用了分层教学法，其主要体现的是因材施教的新课程理念.</p>');
DELETE FROM edu_course_exercise WHERE id='1815576';
INSERT INTO edu_course_exercise (id, question_type, course_id, content, easy_error, source, dw_checked, is_pk) VALUES ('1815576', '15', '90909090', '<p>教材解读通常只要抓住四个核心要素即可，请简要说明这四个核心要素.</p>', '', '2015年浙江省杭州市教师招聘《小学数学》题第22题', '0', '0');
DELETE FROM edu_course_exercise_qa WHERE id='1815576';
INSERT INTO edu_course_exercise_qa (id, course_exercise_id, type, question, cando, answer, total_score) VALUES ('1815576', '1815576', '15', '', '1', '<p>教材解读的四个核心要素为：整体把握教材编排的结构与特点；悟透教学内容的内涵；领悟课标要求、教学目标以及隐含的教法学法；根据学生实际再创造使用教材.</p>', '7');
DELETE FROM edu_course_exercise_comment WHERE id='1815576';
INSERT INTO edu_course_exercise_comment (id, path, course_exercise_qa_id, comment) VALUES ('1815576', ',1815576', '1815576', '<p>教材解读的四个核心要素为：整体把握教材编排的结构与特点；悟透教学内容的内涵；领悟课标要求、教学目标以及隐含的教法学法；根据学生实际再创造使用教材.</p>');
DELETE FROM edu_course_exercise WHERE id='1815580';
INSERT INTO edu_course_exercise (id, question_type, course_id, content, easy_error, source, dw_checked, is_pk) VALUES ('1815580', '15', '90909090', '<p>简述：空间观念所包含的内容有哪些？</p>', '', '2015年浙江省杭州市教师招聘《小学数学》题第23题', '0', '0');
DELETE FROM edu_course_exercise_qa WHERE id='1815580';
INSERT INTO edu_course_exercise_qa (id, course_exercise_id, type, question, cando, answer, total_score) VALUES ('1815580', '1815580', '15', '', '1', '<p>空间观念的内容主要包括：根据物体特征抽象出几何图形；根据几何图形想象出所描述的实际物体；想象出物体的方位和相互之间的位置关系；描述图形的运动和变化；依据语言的描述画出图形等.</p>', '14');
DELETE FROM edu_course_exercise_comment WHERE id='1815580';
INSERT INTO edu_course_exercise_comment (id, path, course_exercise_qa_id, comment) VALUES ('1815580', ',1815580', '1815580', '<p>本题主要考查抽象概念的理解.</p><p>空间观念的内容主要包括：根据物体特征抽象出几何图形；根据几何图形想象出所描述的实际物体；想象出物体的方位和相互之间的位置关系；描述图形的运动和变化；依据语言的描述画出图形等.</p>');
DELETE FROM edu_course_exercise WHERE id='1816440';
INSERT INTO edu_course_exercise (id, question_type, course_id, content, easy_error, source, dw_checked, is_pk) VALUES ('1816440', '15', '90909090', '<p>在一条道路旁等距离种了一些树，小明和芳芳同时从第一棵树向第二棵树的方向走去，小明每分钟走84米，芳芳每分钟走48米，小明走到第22棵树的时候，芳芳走到第几棵树？</p>', '', '2015年湖北农村教师招聘考试《小学数学》题第21题', '0', '0');
DELETE FROM edu_course_exercise_qa WHERE id='1816440';
INSERT INTO edu_course_exercise_qa (id, course_exercise_id, type, question, cando, answer, total_score) VALUES ('1816440', '1816440', '15', '', '1', '<p>设每棵树之间的距离是 <img flag="tex" src="https://fb.fbstatic.cn/api/planet/accessories/formulas?latex=LA74ioWWkXdGbHCtFk%2FSog%3D%3D" />，小明到第 <img flag="tex" src="https://fb.fbstatic.cn/api/planet/accessories/formulas?latex=gsDMcfAdrSoQ6uZBklCBHw%3D%3D" /> 棵树时所用的时间为 <img flag="tex" src="https://fb.fbstatic.cn/api/planet/accessories/formulas?latex=tv9NEQGfxmSBsvmqN3%2FQ7Q%3D%3D" />，芳芳此时到了第 <img flag="tex" src="https://fb.fbstatic.cn/api/planet/accessories/formulas?latex=XubEW9%2B1%2BhkJqH7jXe5MrA%3D%3D" /> 棵树，依据题意可列方程 <img flag="tex" src="https://fb.fbstatic.cn/api/planet/accessories/formulas?latex=9PdFkyNZN0jrsDSPEdYMEzDNPQYq0yG1q0p8U7JveYfSE8FHTJYhym31ZFWh32KUT%2B80r1g%2FXjxh2516fn2t18F%2FBr3VZ2SogvZzweAtHQI%3D" />，解得 <img flag="tex" src="https://fb.fbstatic.cn/api/planet/accessories/formulas?latex=OeknOBqSc7n90O7aQrFqGA%3D%3D" />，故芳芳走到了第 <img flag="tex" src="https://fb.fbstatic.cn/api/planet/accessories/formulas?latex=J3WMhp9MQeaR1NCccL8BTA%3D%3D" /> 棵树.<br></p>', '5');
DELETE FROM edu_course_exercise_comment WHERE id='1816440';
INSERT INTO edu_course_exercise_comment (id, path, course_exercise_qa_id, comment) VALUES ('1816440', ',1816440', '1816440', '<p>本题主要考查行程问题.</p><p>在解这种行程问题时要抓住用时是相等这个已知量，从而通过时间来建立方程组，解出结果.</p>');
DELETE FROM edu_course_exercise WHERE id='1816466';
INSERT INTO edu_course_exercise (id, question_type, course_id, content, easy_error, source, dw_checked, is_pk) VALUES ('1816466', '15', '90909090', '<p>A、B两市相距150千米，分别从A、B测得文物保护区中心C处的方位如图所示，文物保护区域为以C为圆心，45千米为半径的圆，<img flag="tex" src="https://fb.fbstatic.cn/api/planet/accessories/formulas?latex=yZYnE4t9t%2FL96l4YKQZ2ptvGRbKqb%2BeDadex67AHEJOpoRTv%2Bn%2B4SwxhWxD4HBkT" />，为了开发旅游，有关部门设计修建连接AB两市的高速公路，问连接AB的高速公路是否穿过文物保护区，请说明理由.</p><p><img width="424px" height="295px" src="https://fb.fbstatic.cn/api/tarzan/images/15634767f77c474.jpg?width=700" /></p>', '', '2015年湖北农村教师招聘考试《小学数学》题第23题', '0', '0');
DELETE FROM edu_course_exercise_qa WHERE id='1816466';
INSERT INTO edu_course_exercise_qa (id, course_exercise_id, type, question, cando, answer, total_score) VALUES ('1816466', '1816466', '15', '', '0', '<p>连接AB的高速公路不穿过文物区.<br></p><p>从C点作高CD垂直于底面AB，设高为h，AD为a，DB为b，则有方程组 <img flag="tex" src="https://fb.fbstatic.cn/api/planet/accessories/formulas?latex=9PdFkyNZN0jrsDSPEdYME8X2sPstO7C6FPGDd5k71%2FU7zWYyH2aAe%2FBZwRJ5llET0LUTcHVIJp2dwpwXdleO1oSovlf1lVVebpJm1KhIAnyz8kDAvzuOb1bKBSsKtmIL" />，解得 <img flag="tex" src="https://fb.fbstatic.cn/api/planet/accessories/formulas?latex=cdhpbVICGWw3AOsq%2Bz40EeT3unVgN9jAm5HN%2BmR9u7Q9BfQTHtS5R0VazDS0hgNuWaQuTZukpZ8LxPPOtVJN2A%3D%3D" />，因为 <img flag="tex" src="https://fb.fbstatic.cn/api/planet/accessories/formulas?latex=yaPw9MJK%2BhAxT1PAGDjURg%3D%3D" />，故高速公路不穿过文物保护区.</p><p><img width="407px" height="290px" src="https://fb.fbstatic.cn/api/tarzan/images/1563644c3070f6e.jpg?width=700" /></p>', '6');
DELETE FROM edu_course_exercise_comment WHERE id='1816466';
INSERT INTO edu_course_exercise_comment (id, path, course_exercise_qa_id, comment) VALUES ('1816466', ',1816466', '1816466', '<p>本题主要考查直线与圆的位置关系问题.</p><p>判断该题目，可以等效于一个圆与直线位置关系的问题，公路是一条直线，文物保护区是一个圆，通过求直线到圆的距离，再与圆的半径比较，就可以判断出高速公路是否穿过文物区.</p>');
DELETE FROM edu_course_exercise WHERE id='181647614738';
INSERT INTO edu_course_exercise (id, question_type, course_id, content, easy_error, source, dw_checked, is_pk) VALUES ('181647614738', '15', '90909090', '<p>题目：同学们做操，排成一个正方形队伍，分别从前、后、左、右数，小芳都是第7个，这个队伍共多少人？</p>', '', '2015年湖北农村教师招聘考试《小学数学》题第25题', '0', '0');
DELETE FROM edu_course_exercise_qa WHERE id='1816476';
INSERT INTO edu_course_exercise_qa (id, course_exercise_id, type, question, cando, answer, total_score) VALUES ('1816476', '181647614738', '15', '<p>（1）解答此题</p>', '0', '<p>（1）由于是正方形排列，所以正方形边长上有人的个数为 <img flag="tex" src="https://fb.fbstatic.cn/api/planet/accessories/formulas?latex=VFVAyAos5iObRe3GxwQBTA%3D%3D" />人，所以队伍一共有<img flag="tex" src="https://fb.fbstatic.cn/api/planet/accessories/formulas?latex=S6VeRIqBdCiVjHoDfpeKg7IGBpmR7%2BHHcqd7QB7kUv8%3D" />人.<br></p>', '6');
DELETE FROM edu_course_exercise_comment WHERE id='1816476';
INSERT INTO edu_course_exercise_comment (id, path, course_exercise_qa_id, comment) VALUES ('1816476', ',1816476', '1816476', '<p>本题主要考查推理问题.</p><p>对这种排队问题要依据题意明确队列的结构，再计算出结果；《怎样解题》是由著名美国数学家和数学教育家G 波利亚所写得一部经久不衰的畅销书，在书中，解题过程可以分为四个程序：弄清楚问题；分析和制定解题步骤；完成解题计划并检验；解题后的研究.</p>');
DELETE FROM edu_course_exercise WHERE id='1816480';
INSERT INTO edu_course_exercise (id, question_type, course_id, content, easy_error, source, dw_checked, is_pk) VALUES ('1816480', '15', '90909090', '<p>学生学习几何知识，不仅是为了理解和掌握有关的基础知识和技能，更重要的是发展空间观念，你认为发展学生的空间观念有哪些基本途径？</p>', '', '2015年湖北农村教师招聘考试《小学数学》题第26题', '0', '0');
DELETE FROM edu_course_exercise_qa WHERE id='1816480';
INSERT INTO edu_course_exercise_qa (id, course_exercise_id, type, question, cando, answer, total_score) VALUES ('1816480', '1816480', '15', '', '1', '<p>（1）从设计情境问题中培养学生的空间观念；（2）从手动操作中培养学生的空间观念；（3）从解决实际问题中培养学生的空间观念.</p>', '8');
DELETE FROM edu_course_exercise_comment WHERE id='1816480';
INSERT INTO edu_course_exercise_comment (id, path, course_exercise_qa_id, comment) VALUES ('1816480', ',1816480', '1816480', '<p>本题主要考查数学教学论中的知识.</p><p>（1）从设计情境问题中培养学生的空间观念；（2）从手动操作中培养学生的空间观念；（3）从解决实际问题中培养学生的空间观念.</p>');
DELETE FROM edu_course_exercise WHERE id='181648865097';
INSERT INTO edu_course_exercise (id, question_type, course_id, content, easy_error, source, dw_checked, is_pk) VALUES ('181648865097', '15', '90909090', '<p>请看下面的数学片段：</p><p>一位教师结束了“轴对称图形”教学的新授环节，巩固练习时出现了一个“突发事件”.</p><p>老师：同学们，平行四边形是轴对称图形吗？</p><p>同学：是！</p><p>老师（拿出一个平行四边形）：它真的是平行四边形吗？大家看，把一个平行四边形对折，折痕的两边重合了吗？</p><p>学生：没有！</p><p>老师：对！大家记住，平行四边形不是轴对称图形.</p><p>问题：</p>', '', '2015年湖北农村教师招聘考试《小学数学》题第27题', '0', '0');
DELETE FROM edu_course_exercise_qa WHERE id='1816488';
INSERT INTO edu_course_exercise_qa (id, course_exercise_id, type, question, cando, answer, total_score) VALUES ('1816488', '181648865097', '15', '<p>（1）请分析学生错误的原因；</p>', '1', '<p>（1）学生错误的原因可能是：新授环节教师没有讲清楚，或者讲解的过程没能让学生积极思考，所以导致对概念理解不透彻.</p>', '8');
DELETE FROM edu_course_exercise_comment WHERE id='1816488';
INSERT INTO edu_course_exercise_comment (id, path, course_exercise_qa_id, comment) VALUES ('1816488', ',1816488', '1816488', '<p>本题主要考查教师教学方法.</p><p>（1）学生错误的原因可能是：新授环节教师没有讲清楚，或者讲解的过程没能让学生积极思考，所以导致对概念理解不透彻.</p>');
DELETE FROM edu_course_exercise WHERE id='184618';
INSERT INTO edu_course_exercise (id, question_type, course_id, content, easy_error, source, dw_checked, is_pk) VALUES ('184618', '15', '81818181', '<p>案例：</p><p>       在等差数列的习题课教学中，教师布置了这样一个问题：等差数列前10项和为100，前100项和为10，求前110项的和。</p><p>       两位学生的解法如下：</p><p>       学生甲：设等差数列的首项为<img flag="tex" src="https://fb.fbstatic.cn/api/planet/accessories/formulas?latex=7HaL0wDr7CqrXjSORKttlQ%3D%3D" />，公差为d，则</p><p>       <img width="216px" height="76px" src="https://fb.fbstatic.cn/api/tarzan/images/1570e33d1ec7e01.png?width=700" /></p><p>       解答<img flag="tex" src="https://fb.fbstatic.cn/api/planet/accessories/formulas?latex=F9R4UurlYSrYifgG3ZiKQhNlSvh4OTEy2ZMwi3V0ExmgvBvFnCRKrMPqQgUvwTBj" /></p><p>       所以<img flag="tex" src="https://fb.fbstatic.cn/api/planet/accessories/formulas?latex=gJTwMdPuEOekBDl%2BOxwZvUCzClAPnPdaLZ4HLRTPkHE0UVovoSaH1%2F8XAOcgCxGfncUqmdC32z4xldr0AS9MVw%3D%3D" /></p><p>       学生乙：设等差数列<img flag="tex" src="https://fb.fbstatic.cn/api/planet/accessories/formulas?latex=LAoOkQ1vinSKecEUCB%2F5UA%3D%3D" />前n项和为<img flag="tex" src="https://fb.fbstatic.cn/api/planet/accessories/formulas?latex=uhEhyww6Vg81XmUV8E9MakrANN5A2SAJRc5%2FSX58cEo%3D" />，由已知得</p><p>        <img width="144px" height="40px" src="https://fb.fbstatic.cn/api/tarzan/images/1570e38320ff3e8.png?width=700" /></p><p>       解得<img flag="tex" src="https://fb.fbstatic.cn/api/planet/accessories/formulas?latex=dd5fJcAl2tHJrD7ymEqupssXZo%2B5Qfq2gdXzViT9SEo%3D" />，<img flag="tex" src="https://fb.fbstatic.cn/api/planet/accessories/formulas?latex=hXMcW2nakyOhlYN8A3rFOkeqbUKu5G4heGMrO26CPOM%3D" />。</p><p>       所以，<img flag="tex" src="https://fb.fbstatic.cn/api/planet/accessories/formulas?latex=wtkJBD5wWBXVV9LLEMuma2NYWocPlkJUXArw9S20DbmF44ybHTIhvELUdSHssEsNSBGceIuCUaP5jBMTFU9GEGtlrXpJjtRmb%2FB%2BUoqSglc%3D" /></p><p>       针对上述解法，一些学生提出了自己的想法。</p><p>       学生丙：怎么刚好有<img flag="tex" src="https://fb.fbstatic.cn/api/planet/accessories/formulas?latex=fQ%2Bd8AKfGWiIvINK7VIxKRf0Ua4reOzUlt43PzQ6yTM%3D" />呢？这是一种巧合吗？上述所得到的结论中是否隐含着一般性的规律呢？</p><p>       老师：同学丙所说的规律是否就是：</p><p>       一般地，在等差数列<img flag="tex" src="https://fb.fbstatic.cn/api/planet/accessories/formulas?latex=4CnSks4o65WA3%2FHafSORBw%3D%3D" />中，若存在正整数p,q且p≠q，使得<img flag="tex" src="https://fb.fbstatic.cn/api/planet/accessories/formulas?latex=Ji0Rcb5k8A8qYBE%2BYZzCmB0MntMg9%2BUZwsLbPsi9o74%3D" />，则<img flag="tex" src="https://fb.fbstatic.cn/api/planet/accessories/formulas?latex=gqZHQhO2WFGba1TUveYeEOp56KuGRUd6wXbHxGUdeD4%3D" />，请同学们进行验证。</p>', '', '2016年上半年教师资格证考试《高中数学》题第16题', '0', '0');
DELETE FROM edu_course_exercise_qa WHERE id='2009464';
INSERT INTO edu_course_exercise_qa (id, course_exercise_id, type, question, cando, answer, total_score) VALUES ('2009464', '184618', '15', '<p>（1）请分析学生甲和学生乙解法各自的特点，并解释学生乙设<img flag="tex" src="https://fb.fbstatic.cn/api/planet/accessories/formulas?latex=uhEhyww6Vg81XmUV8E9MakrANN5A2SAJRc5%2FSX58cEo%3D" />的理由。 </p><p>（2）请验证(*)中结论是否成立。  <br></p>', '0', '<p>（1）学生甲的解法是先根据等差数列的求和公式<img flag="tex" src="https://fb.fbstatic.cn/api/planet/accessories/formulas?latex=zmZlHIhmBPo5moSlepU13s84KJB8rrUlEIWxUmMikOs%3D" />及已知条件求出等差数列的首项<img flag="tex" src="https://fb.fbstatic.cn/api/planet/accessories/formulas?latex=7HaL0wDr7CqrXjSORKttlQ%3D%3D" />和公差d，然后根据等差数列的前n项和公式求出前110项的和；</p><p>学生乙的解法是根据数列与函数的关系求解，因为等差数列的前n项和公式<img flag="tex" src="https://fb.fbstatic.cn/api/planet/accessories/formulas?latex=zmZlHIhmBPo5moSlepU13tnSHkIA%2B2ZX6XU55pVtvEo1lBRFdYrYVR4qdDjqzImAFB060CqQu7YJuLe0wqRmi2AahAHjGm36k6a9m4BALR0%3D" />，可以把前n项和<img flag="tex" src="https://fb.fbstatic.cn/api/planet/accessories/formulas?latex=prwe1BcWngzznU%2BUlTPxnw%3D%3D" />看成n的二次函数，令<img flag="tex" src="https://fb.fbstatic.cn/api/planet/accessories/formulas?latex=uhEhyww6Vg81XmUV8E9MakrANN5A2SAJRc5%2FSX58cEo%3D" />的形式。</p><p>（2）(*)中结论是成立的。</p><p>由等差数列的前n项和公式可得：</p><p><img flag="tex" src="https://fb.fbstatic.cn/api/planet/accessories/formulas?latex=bKN729RUpinRmtosuTssSo9zeJWCrPweBJpHlHa2FpRKF0Wgvcet%2BCL0EwOIFNUj" />①</p><p><img flag="tex" src="https://fb.fbstatic.cn/api/planet/accessories/formulas?latex=eMZ5mRbwkl51ij8UO4Y%2Bd7OjqEX24C9CJDSCaEEGxFjaPLrIzPn6zOOxDJC3EQZf" />②</p><p><img flag="tex" src="https://fb.fbstatic.cn/api/planet/accessories/formulas?latex=stb1toyzt1dNFzsKPKgUhFyL9Ff%2BIlplunJOneTH2YyCR2LJMHk7vPe99ejYxUfR" />③</p><p>由于p≠q，联立①②可得：<img flag="tex" src="https://fb.fbstatic.cn/api/planet/accessories/formulas?latex=Z9rHE7nf0mgquwjW5ElJvK64jwtt0aDl6J7lUh9WiRw%3D" />④</p><p>则<img flag="tex" src="https://fb.fbstatic.cn/api/planet/accessories/formulas?latex=JlN3V89Fqw6U44Tzn4OcNcyVz7LGNtC%2F5yss13BopV12oThrvVX8QzxUA761dL8KtLWHU82rXi80eLKCod2AhIYcvWnmwfqnV0Wx0DIHekH54iJIJIm4uMO5dB8wcidO" /></p><p>代入①②得：<img flag="tex" src="https://fb.fbstatic.cn/api/planet/accessories/formulas?latex=JlN3V89Fqw6U44Tzn4OcNUxbwQL%2F%2BP11ivSQAlyYpoUP2fUHoCL7hH00zqaMcX6m56lCOFr2iQj3X7ygnv7QBA%3D%3D" /></p><p>代入④可得：<img flag="tex" src="https://fb.fbstatic.cn/api/planet/accessories/formulas?latex=JlN3V89Fqw6U44Tzn4OcNcg4johRRYX4p0ALPVDZqHY%3D" /></p><p>故(*)中结论是成立的。</p>', '12');
DELETE FROM edu_course_exercise_comment WHERE id='2009464';
INSERT INTO edu_course_exercise_comment (id, path, course_exercise_qa_id, comment) VALUES ('2009464', ',2009464', '2009464', '<p>本题主要从“等差数列”相关知识入手，考查等差数列的相关概念、等差数列的通项公式、求和公式等基层知识，教学工作的基本环节，常用的教学方法，以及课堂导入技巧等基本知识与技能。</p><p>（1）甲同学是直接用等差数列的求和公式<img flag="tex" src="https://fb.fbstatic.cn/api/planet/accessories/formulas?latex=zmZlHIhmBPo5moSlepU13s84KJB8rrUlEIWxUmMikOs%3D" />来计算的，而乙同学是将甲同学等差数列求和公式变形为二次函数的形式来计算的。甲乙同学计算公式的本质是一样的，但是乙同学的计算方法简化了计算量。</p><p>（2）通过等差数列的求和公式<img flag="tex" src="https://fb.fbstatic.cn/api/planet/accessories/formulas?latex=zmZlHIhmBPo5moSlepU13lwRuAzmOV3hcarlA5mFIUI%3D" /><img flag="tex" src="https://fb.fbstatic.cn/api/planet/accessories/formulas?latex=E8TCNnEPtMKJ0mC2xxh0%2FQ%3D%3D" />即可验证(*)中结论是成立的。</p>');
DELETE FROM edu_course_exercise WHERE id='184620';
INSERT INTO edu_course_exercise (id, question_type, course_id, content, easy_error, source, dw_checked, is_pk) VALUES ('184620', '15', '81818181', '<p>案例：</p><p>下面是两位教师关于《等边三角形》的教学过程。</p><p><img width="579px" height="542px" src="https://fb.fbstatic.cn/api/tarzan/images/15713891b174dc5.png?width=700" /></p><p><img width="578px" height="258px" src="https://fb.fbstatic.cn/api/tarzan/images/15713893c0d867b.png?width=700" /></p><p>请从下列三个方面对甲乙两位教师的教学过程进行评价：</p>', '', '2015年上半年教师资格证考试《初中数学》题第16题', '0', '0');
DELETE FROM edu_course_exercise_qa WHERE id='2010046';
INSERT INTO edu_course_exercise_qa (id, course_exercise_id, type, question, cando, answer, total_score) VALUES ('2010046', '184620', '15', '<p>（1）引入的特点；</p>', '1', '<p>（1）甲教师的引入存在优点也存在缺陷。优点是一开始复习了上节内容，巩固旧知，但是并没有进行新旧知识间的衔接过渡，并没有达到降低学生对新知识的认知难度的目的。</p><p>    乙教师的引入存在优点也存在缺陷。优点是一开始复习了上节内容，巩固旧知，并联系生活实际让学生观察等边三角形的特点降低学生对新知识的认知难度。但是在巩固旧识时并没有合理的进行新旧知识之间的衔接过渡，使学生对等边三角形与等腰三角形之间的关系没有得到一个初步的感官认识。</p>', '6');
DELETE FROM edu_course_exercise_comment WHERE id='2010046';
INSERT INTO edu_course_exercise_comment (id, path, course_exercise_qa_id, comment) VALUES ('2010046', ',2010046', '2010046', '<p>本题主要以“等边三角形”的教学过程为例，考查三角形的基本知识，初中数学课程的内容标准，数学课堂导入技巧、提问技巧，有效数学教学，以及课堂教学评价与学习评价等相关知识。</p><p>（1）甲乙两位教师的引入都存在优点和缺点，甲乙教师的优点都是上课一开始复习旧知，起到巩固的作用，缺点是缺乏新旧知识的衔接过渡，结合案例分别阐述即可。</p>');
DELETE FROM edu_course_exercise WHERE id='184622';
INSERT INTO edu_course_exercise (id, question_type, course_id, content, easy_error, source, dw_checked, is_pk) VALUES ('184622', '15', '81818181', '<p>某位教师在讲完《相交线与平行线》这部分内容后，设计了一节《相交线与平行线》的复习课，在这节课中他设计了如下一组题：</p><p>题1、如图3，BE平分∠ABD，DE平分∠BDC且∠1+∠2=90°。</p><p>①BE与DE有什么样的位置关系？说明理由。</p><p>②AB与CD有什么样的位置关系？说明理由。</p><p>题2、如图4，<img flag="tex" src="https://fb.fbstatic.cn/api/planet/accessories/formulas?latex=deie67P392GMD8jJDo4mTy1%2FZ8iRZHM1FTmNmcCJT0g%3D" />且∠1+∠2=80°，求∠BED的度数。</p><p>题3、如图5，<img flag="tex" src="https://fb.fbstatic.cn/api/planet/accessories/formulas?latex=deie67P392GMD8jJDo4mTy1%2FZ8iRZHM1FTmNmcCJT0g%3D" />直线l交AB于点F、交CD于点G，点E是线段GF上的一点）（点E与点F、G不重合），设∠ABE=α，∠CDE=β，∠BED=γ，试探索α，β，γ之间的关系，并说明理由。</p><p><img width="188px" height="110px" src="https://fb.fbstatic.cn/api/tarzan/images/157138d76549eed.png?width=700" /><img width="188px" height="121px" src="https://fb.fbstatic.cn/api/tarzan/images/157138da0609058.png?width=700" /><img width="191px" height="146px" src="https://fb.fbstatic.cn/api/tarzan/images/157138db51d4930.png?width=700" /></p><p>阅读上述教学设计片段，完成下列任务：</p>', '', '2015年上半年教师资格证考试《初中数学》题第17题', '0', '0');
DELETE FROM edu_course_exercise_qa WHERE id='2010050';
INSERT INTO edu_course_exercise_qa (id, course_exercise_id, type, question, cando, answer, total_score) VALUES ('2010050', '184622', '15', '<p>（1）从这组习题分析这节复习课的教学目标；</p>', '1', '<p>（1）知识与技能目标：能够利用平行线的性质与判定定理，判断两条直线是否平行；能够利用两直线相交的性质求相交直线的角度度数。</p><p>过程与方法目标：学生通过对两直线的位置关系进行观察、猜想、探索等过程，初步形成几何直观，发展形象思维与抽象思维，锻炼合情推理和演绎推理能力，并能清晰地表达自己的想法。</p><p>情感态度与价值观目标：在学习过程中，体验获得成功的乐趣，锻炼克服困难的意志，建立自信心，养成认知。勤奋、独立思考、合作交流、反思质疑等学习习惯，形成实事求是的科学态度。</p>', '8');
DELETE FROM edu_course_exercise_comment WHERE id='2010050';
INSERT INTO edu_course_exercise_comment (id, path, course_exercise_qa_id, comment) VALUES ('2010050', ',2010050', '2010050', '<p>本题主要以初中数学 “相交线与平行线”的复习课为例，考查相交线与平行线的基础知识、课程的内容标准及有效数学教学等相关知识，比较综合性地考查学科知识、课程知识以及教学技能的基本知识和基本技能。</p><p>（1）复习课的教学目标也要是新课标倡导的三维教学目标，即知识与技能目标、过程与方法目标、情感态度与价值观目标。知识与技能目标，是对学生学习结果的描述，即学生同学习所要达到的结果，又叫结果性目标。这种目标一般有三个层次的要求：学懂、学会、能应用。</p>');
DELETE FROM edu_course_exercise WHERE id='184806';
INSERT INTO edu_course_exercise (id, question_type, course_id, content, easy_error, source, dw_checked, is_pk) VALUES ('184806', '15', '91919191', '<p>根据题目要求完成下列任务，用中文作答。 </p><p>下面是某英语教师对学生作业的批改案例：</p><p>I think the most important sense is hearing. If I lose the ability <u>of</u> hear<u>ing</u>, I <u>also can’t speak</u>. to hear cannot speak either.</p><p>To lose hearing means <u>to lose</u> two important founctions(of human). Deaf-and-dumb people cannot losing hear the bus noise even if <u>the</u> accident happens<u> in their back</u>. This is the most important problem an behind them for them. For example, suppose they<u> ride</u> a bike in <u>the</u> busy street. We, normal people feel the</p><p>Are riding a dangerous sense by the noise, which is made by ears. We can avoid <u>them</u> and <u>drive</u> safely. Deaf people <u>always expode their to danger.</u> are always exposed to danger.</p><p>根据所给信息完成下列任务： </p>', '', '2015年下半年教师资格证考试《高中英语》题第32题', '0', '0');
DELETE FROM edu_course_exercise_qa WHERE id='2020720';
INSERT INTO edu_course_exercise_qa (id, course_exercise_id, type, question, cando, answer, total_score) VALUES ('2020720', '184806', '15', '<p>（1）该教师的作业批改存在哪些问题?6 </p>', '1', '<p>（1）该教师的作业批改存在的问题有：</p><p> ①批改面面俱到。该教师采用了&quot;包办&quot;法，标出每个错误，帮学生改正这些错误。学生没有改正、思考的过程。</p><p> ②在批改过程中，该教师一味地指出错误，没有把好的词句划出来， 不能及时鼓励学生的优点。</p>', '6');
DELETE FROM edu_course_exercise_comment WHERE id='2020720';
INSERT INTO edu_course_exercise_comment (id, path, course_exercise_qa_id, comment) VALUES ('2020720', ',2020720', '2020720', '<p>（1）该教师的作业批改存在的问题有：</p><p> ①批改面面俱到。该教师采用了&quot;包办&quot;法，标出每个错误，帮学生改正这些错误。学生没有改正、思考的过程。</p><p> ②在批改过程中，该教师一味地指出错误，没有把好的词句划出来， 不能及时鼓励学生的优点。</p>');
DELETE FROM edu_course_exercise WHERE id='1816466';
INSERT INTO edu_course_exercise (id, question_type, course_id, content, easy_error, source, dw_checked, is_pk) VALUES ('1816466', '15', '90909090', '<p>A、B两市相距150千米，分别从A、B测得文物保护区中心C处的方位如图所示，文物保护区域为以C为圆心，45千米为半径的圆，<img flag="tex" src="https://fb.fbstatic.cn/api/planet/accessories/formulas?latex=yZYnE4t9t%2FL96l4YKQZ2ptvGRbKqb%2BeDadex67AHEJOpoRTv%2Bn%2B4SwxhWxD4HBkT" />，为了开发旅游，有关部门设计修建连接AB两市的高速公路，问连接AB的高速公路是否穿过文物保护区，请说明理由.</p><p><img width="424px" height="295px" src="https://fb.fbstatic.cn/api/tarzan/images/15634767f77c474.jpg?width=700" /></p>', '', '2015年湖北农村教师招聘考试《小学数学》题第23题', '1', '0');
DELETE FROM edu_course_exercise_qa WHERE id='1816466';
INSERT INTO edu_course_exercise_qa (id, course_exercise_id, type, question, cando, answer, total_score) VALUES ('1816466', '1816466', '15', '', '0', '<p>连接AB的高速公路不穿过文物区.<br></p><p>从C点作高CD垂直于底面AB，设高为h，AD为a，DB为b，则有方程组 <img flag="tex" src="https://fb.fbstatic.cn/api/planet/accessories/formulas?latex=9PdFkyNZN0jrsDSPEdYME8X2sPstO7C6FPGDd5k71%2FU7zWYyH2aAe%2FBZwRJ5llET0LUTcHVIJp2dwpwXdleO1oSovlf1lVVebpJm1KhIAnyz8kDAvzuOb1bKBSsKtmIL" />，解得 <img flag="tex" src="https://fb.fbstatic.cn/api/planet/accessories/formulas?latex=cdhpbVICGWw3AOsq%2Bz40EeT3unVgN9jAm5HN%2BmR9u7Q9BfQTHtS5R0VazDS0hgNuWaQuTZukpZ8LxPPOtVJN2A%3D%3D" />，因为 <img flag="tex" src="https://fb.fbstatic.cn/api/planet/accessories/formulas?latex=yaPw9MJK%2BhAxT1PAGDjURg%3D%3D" />，故高速公路不穿过文物保护区.</p><p><img width="407px" height="290px" src="https://fb.fbstatic.cn/api/tarzan/images/1563644c3070f6e.jpg?width=700" /></p>', '6');
DELETE FROM edu_course_exercise_comment WHERE id='1816466';
INSERT INTO edu_course_exercise_comment (id, path, course_exercise_qa_id, comment) VALUES ('1816466', ',1816466', '1816466', '<p>本题主要考查直线与圆的位置关系问题.</p><p>判断该题目，可以等效于一个圆与直线位置关系的问题，公路是一条直线，文物保护区是一个圆，通过求直线到圆的距离，再与圆的半径比较，就可以判断出高速公路是否穿过文物区.</p>');
DELETE FROM edu_course_exercise WHERE id='181647614738';
INSERT INTO edu_course_exercise (id, question_type, course_id, content, easy_error, source, dw_checked, is_pk) VALUES ('181647614738', '15', '90909090', '<p>题目：同学们做操，排成一个正方形队伍，分别从前、后、左、右数，小芳都是第7个，这个队伍共多少人？</p>', '', '2015年湖北农村教师招聘考试《小学数学》题第25题', '1', '0');
DELETE FROM edu_course_exercise_qa WHERE id='1816476';
INSERT INTO edu_course_exercise_qa (id, course_exercise_id, type, question, cando, answer, total_score) VALUES ('1816476', '181647614738', '15', '<p>（1）解答此题</p>', '0', '<p>（1）由于是正方形排列，所以正方形边长上有人的个数为 <img flag="tex" src="https://fb.fbstatic.cn/api/planet/accessories/formulas?latex=VFVAyAos5iObRe3GxwQBTA%3D%3D" />人，所以队伍一共有<img flag="tex" src="https://fb.fbstatic.cn/api/planet/accessories/formulas?latex=S6VeRIqBdCiVjHoDfpeKg7IGBpmR7%2BHHcqd7QB7kUv8%3D" />人.<br></p>', '6');
DELETE FROM edu_course_exercise_comment WHERE id='1816476';
INSERT INTO edu_course_exercise_comment (id, path, course_exercise_qa_id, comment) VALUES ('1816476', ',1816476', '1816476', '<p>本题主要考查推理问题.</p><p>对这种排队问题要依据题意明确队列的结构，再计算出结果；《怎样解题》是由著名美国数学家和数学教育家G 波利亚所写得一部经久不衰的畅销书，在书中，解题过程可以分为四个程序：弄清楚问题；分析和制定解题步骤；完成解题计划并检验；解题后的研究.</p>');
DELETE FROM edu_course_exercise WHERE id='1816480';
INSERT INTO edu_course_exercise (id, question_type, course_id, content, easy_error, source, dw_checked, is_pk) VALUES ('1816480', '15', '90909090', '<p>学生学习几何知识，不仅是为了理解和掌握有关的基础知识和技能，更重要的是发展空间观念，你认为发展学生的空间观念有哪些基本途径？</p>', '', '2015年湖北农村教师招聘考试《小学数学》题第26题', '1', '0');
DELETE FROM edu_course_exercise_qa WHERE id='1816480';
INSERT INTO edu_course_exercise_qa (id, course_exercise_id, type, question, cando, answer, total_score) VALUES ('1816480', '1816480', '15', '', '1', '<p>（1）从设计情境问题中培养学生的空间观念；（2）从手动操作中培养学生的空间观念；（3）从解决实际问题中培养学生的空间观念.</p>', '8');
DELETE FROM edu_course_exercise_comment WHERE id='1816480';
INSERT INTO edu_course_exercise_comment (id, path, course_exercise_qa_id, comment) VALUES ('1816480', ',1816480', '1816480', '<p>本题主要考查数学教学论中的知识.</p><p>（1）从设计情境问题中培养学生的空间观念；（2）从手动操作中培养学生的空间观念；（3）从解决实际问题中培养学生的空间观念.</p>');
DELETE FROM edu_course_exercise WHERE id='181648865097';
INSERT INTO edu_course_exercise (id, question_type, course_id, content, easy_error, source, dw_checked, is_pk) VALUES ('181648865097', '15', '90909090', '<p>请看下面的数学片段：</p><p>一位教师结束了“轴对称图形”教学的新授环节，巩固练习时出现了一个“突发事件”.</p><p>老师：同学们，平行四边形是轴对称图形吗？</p><p>同学：是！</p><p>老师（拿出一个平行四边形）：它真的是平行四边形吗？大家看，把一个平行四边形对折，折痕的两边重合了吗？</p><p>学生：没有！</p><p>老师：对！大家记住，平行四边形不是轴对称图形.</p><p>问题：</p>', '', '2015年湖北农村教师招聘考试《小学数学》题第27题', '1', '0');
DELETE FROM edu_course_exercise_qa WHERE id='1816488';
INSERT INTO edu_course_exercise_qa (id, course_exercise_id, type, question, cando, answer, total_score) VALUES ('1816488', '181648865097', '15', '<p>（1）请分析学生错误的原因；</p>', '1', '<p>（1）学生错误的原因可能是：新授环节教师没有讲清楚，或者讲解的过程没能让学生积极思考，所以导致对概念理解不透彻.</p>', '8');
DELETE FROM edu_course_exercise_comment WHERE id='1816488';
INSERT INTO edu_course_exercise_comment (id, path, course_exercise_qa_id, comment) VALUES ('1816488', ',1816488', '1816488', '<p>本题主要考查教师教学方法.</p><p>（1）学生错误的原因可能是：新授环节教师没有讲清楚，或者讲解的过程没能让学生积极思考，所以导致对概念理解不透彻.</p>');
DELETE FROM edu_course_exercise WHERE id='184618';
INSERT INTO edu_course_exercise (id, question_type, course_id, content, easy_error, source, dw_checked, is_pk) VALUES ('184618', '15', '81818181', '<p>案例：</p><p>       在等差数列的习题课教学中，教师布置了这样一个问题：等差数列前10项和为100，前100项和为10，求前110项的和。</p><p>       两位学生的解法如下：</p><p>       学生甲：设等差数列的首项为<img flag="tex" src="https://fb.fbstatic.cn/api/planet/accessories/formulas?latex=7HaL0wDr7CqrXjSORKttlQ%3D%3D" />，公差为d，则</p><p>       <img width="216px" height="76px" src="https://fb.fbstatic.cn/api/tarzan/images/1570e33d1ec7e01.png?width=700" /></p><p>       解答<img flag="tex" src="https://fb.fbstatic.cn/api/planet/accessories/formulas?latex=F9R4UurlYSrYifgG3ZiKQhNlSvh4OTEy2ZMwi3V0ExmgvBvFnCRKrMPqQgUvwTBj" /></p><p>       所以<img flag="tex" src="https://fb.fbstatic.cn/api/planet/accessories/formulas?latex=gJTwMdPuEOekBDl%2BOxwZvUCzClAPnPdaLZ4HLRTPkHE0UVovoSaH1%2F8XAOcgCxGfncUqmdC32z4xldr0AS9MVw%3D%3D" /></p><p>       学生乙：设等差数列<img flag="tex" src="https://fb.fbstatic.cn/api/planet/accessories/formulas?latex=LAoOkQ1vinSKecEUCB%2F5UA%3D%3D" />前n项和为<img flag="tex" src="https://fb.fbstatic.cn/api/planet/accessories/formulas?latex=uhEhyww6Vg81XmUV8E9MakrANN5A2SAJRc5%2FSX58cEo%3D" />，由已知得</p><p>        <img width="144px" height="40px" src="https://fb.fbstatic.cn/api/tarzan/images/1570e38320ff3e8.png?width=700" /></p><p>       解得<img flag="tex" src="https://fb.fbstatic.cn/api/planet/accessories/formulas?latex=dd5fJcAl2tHJrD7ymEqupssXZo%2B5Qfq2gdXzViT9SEo%3D" />，<img flag="tex" src="https://fb.fbstatic.cn/api/planet/accessories/formulas?latex=hXMcW2nakyOhlYN8A3rFOkeqbUKu5G4heGMrO26CPOM%3D" />。</p><p>       所以，<img flag="tex" src="https://fb.fbstatic.cn/api/planet/accessories/formulas?latex=wtkJBD5wWBXVV9LLEMuma2NYWocPlkJUXArw9S20DbmF44ybHTIhvELUdSHssEsNSBGceIuCUaP5jBMTFU9GEGtlrXpJjtRmb%2FB%2BUoqSglc%3D" /></p><p>       针对上述解法，一些学生提出了自己的想法。</p><p>       学生丙：怎么刚好有<img flag="tex" src="https://fb.fbstatic.cn/api/planet/accessories/formulas?latex=fQ%2Bd8AKfGWiIvINK7VIxKRf0Ua4reOzUlt43PzQ6yTM%3D" />呢？这是一种巧合吗？上述所得到的结论中是否隐含着一般性的规律呢？</p><p>       老师：同学丙所说的规律是否就是：</p><p>       一般地，在等差数列<img flag="tex" src="https://fb.fbstatic.cn/api/planet/accessories/formulas?latex=4CnSks4o65WA3%2FHafSORBw%3D%3D" />中，若存在正整数p,q且p≠q，使得<img flag="tex" src="https://fb.fbstatic.cn/api/planet/accessories/formulas?latex=Ji0Rcb5k8A8qYBE%2BYZzCmB0MntMg9%2BUZwsLbPsi9o74%3D" />，则<img flag="tex" src="https://fb.fbstatic.cn/api/planet/accessories/formulas?latex=gqZHQhO2WFGba1TUveYeEOp56KuGRUd6wXbHxGUdeD4%3D" />，请同学们进行验证。</p>', '', '2016年上半年教师资格证考试《高中数学》题第16题', '1', '0');
DELETE FROM edu_course_exercise_qa WHERE id='2009464';
INSERT INTO edu_course_exercise_qa (id, course_exercise_id, type, question, cando, answer, total_score) VALUES ('2009464', '184618', '15', '<p>（1）请分析学生甲和学生乙解法各自的特点，并解释学生乙设<img flag="tex" src="https://fb.fbstatic.cn/api/planet/accessories/formulas?latex=uhEhyww6Vg81XmUV8E9MakrANN5A2SAJRc5%2FSX58cEo%3D" />的理由。 </p><p>（2）请验证(*)中结论是否成立。  <br></p>', '0', '<p>（1）学生甲的解法是先根据等差数列的求和公式<img flag="tex" src="https://fb.fbstatic.cn/api/planet/accessories/formulas?latex=zmZlHIhmBPo5moSlepU13s84KJB8rrUlEIWxUmMikOs%3D" />及已知条件求出等差数列的首项<img flag="tex" src="https://fb.fbstatic.cn/api/planet/accessories/formulas?latex=7HaL0wDr7CqrXjSORKttlQ%3D%3D" />和公差d，然后根据等差数列的前n项和公式求出前110项的和；</p><p>学生乙的解法是根据数列与函数的关系求解，因为等差数列的前n项和公式<img flag="tex" src="https://fb.fbstatic.cn/api/planet/accessories/formulas?latex=zmZlHIhmBPo5moSlepU13tnSHkIA%2B2ZX6XU55pVtvEo1lBRFdYrYVR4qdDjqzImAFB060CqQu7YJuLe0wqRmi2AahAHjGm36k6a9m4BALR0%3D" />，可以把前n项和<img flag="tex" src="https://fb.fbstatic.cn/api/planet/accessories/formulas?latex=prwe1BcWngzznU%2BUlTPxnw%3D%3D" />看成n的二次函数，令<img flag="tex" src="https://fb.fbstatic.cn/api/planet/accessories/formulas?latex=uhEhyww6Vg81XmUV8E9MakrANN5A2SAJRc5%2FSX58cEo%3D" />的形式。</p><p>（2）(*)中结论是成立的。</p><p>由等差数列的前n项和公式可得：</p><p><img flag="tex" src="https://fb.fbstatic.cn/api/planet/accessories/formulas?latex=bKN729RUpinRmtosuTssSo9zeJWCrPweBJpHlHa2FpRKF0Wgvcet%2BCL0EwOIFNUj" />①</p><p><img flag="tex" src="https://fb.fbstatic.cn/api/planet/accessories/formulas?latex=eMZ5mRbwkl51ij8UO4Y%2Bd7OjqEX24C9CJDSCaEEGxFjaPLrIzPn6zOOxDJC3EQZf" />②</p><p><img flag="tex" src="https://fb.fbstatic.cn/api/planet/accessories/formulas?latex=stb1toyzt1dNFzsKPKgUhFyL9Ff%2BIlplunJOneTH2YyCR2LJMHk7vPe99ejYxUfR" />③</p><p>由于p≠q，联立①②可得：<img flag="tex" src="https://fb.fbstatic.cn/api/planet/accessories/formulas?latex=Z9rHE7nf0mgquwjW5ElJvK64jwtt0aDl6J7lUh9WiRw%3D" />④</p><p>则<img flag="tex" src="https://fb.fbstatic.cn/api/planet/accessories/formulas?latex=JlN3V89Fqw6U44Tzn4OcNcyVz7LGNtC%2F5yss13BopV12oThrvVX8QzxUA761dL8KtLWHU82rXi80eLKCod2AhIYcvWnmwfqnV0Wx0DIHekH54iJIJIm4uMO5dB8wcidO" /></p><p>代入①②得：<img flag="tex" src="https://fb.fbstatic.cn/api/planet/accessories/formulas?latex=JlN3V89Fqw6U44Tzn4OcNUxbwQL%2F%2BP11ivSQAlyYpoUP2fUHoCL7hH00zqaMcX6m56lCOFr2iQj3X7ygnv7QBA%3D%3D" /></p><p>代入④可得：<img flag="tex" src="https://fb.fbstatic.cn/api/planet/accessories/formulas?latex=JlN3V89Fqw6U44Tzn4OcNcg4johRRYX4p0ALPVDZqHY%3D" /></p><p>故(*)中结论是成立的。</p>', '12');
DELETE FROM edu_course_exercise_comment WHERE id='2009464';
INSERT INTO edu_course_exercise_comment (id, path, course_exercise_qa_id, comment) VALUES ('2009464', ',2009464', '2009464', '<p>本题主要从“等差数列”相关知识入手，考查等差数列的相关概念、等差数列的通项公式、求和公式等基层知识，教学工作的基本环节，常用的教学方法，以及课堂导入技巧等基本知识与技能。</p><p>（1）甲同学是直接用等差数列的求和公式<img flag="tex" src="https://fb.fbstatic.cn/api/planet/accessories/formulas?latex=zmZlHIhmBPo5moSlepU13s84KJB8rrUlEIWxUmMikOs%3D" />来计算的，而乙同学是将甲同学等差数列求和公式变形为二次函数的形式来计算的。甲乙同学计算公式的本质是一样的，但是乙同学的计算方法简化了计算量。</p><p>（2）通过等差数列的求和公式<img flag="tex" src="https://fb.fbstatic.cn/api/planet/accessories/formulas?latex=zmZlHIhmBPo5moSlepU13lwRuAzmOV3hcarlA5mFIUI%3D" /><img flag="tex" src="https://fb.fbstatic.cn/api/planet/accessories/formulas?latex=E8TCNnEPtMKJ0mC2xxh0%2FQ%3D%3D" />即可验证(*)中结论是成立的。</p>');
DELETE FROM edu_course_exercise WHERE id='184620';
INSERT INTO edu_course_exercise (id, question_type, course_id, content, easy_error, source, dw_checked, is_pk) VALUES ('184620', '15', '81818181', '<p>案例：</p><p>下面是两位教师关于《等边三角形》的教学过程。</p><p><img width="579px" height="542px" src="https://fb.fbstatic.cn/api/tarzan/images/15713891b174dc5.png?width=700" /></p><p><img width="578px" height="258px" src="https://fb.fbstatic.cn/api/tarzan/images/15713893c0d867b.png?width=700" /></p><p>请从下列三个方面对甲乙两位教师的教学过程进行评价：</p>', '', '2015年上半年教师资格证考试《初中数学》题第16题', '1', '0');
DELETE FROM edu_course_exercise_qa WHERE id='2010046';
INSERT INTO edu_course_exercise_qa (id, course_exercise_id, type, question, cando, answer, total_score) VALUES ('2010046', '184620', '15', '<p>（1）引入的特点；</p>', '1', '<p>（1）甲教师的引入存在优点也存在缺陷。优点是一开始复习了上节内容，巩固旧知，但是并没有进行新旧知识间的衔接过渡，并没有达到降低学生对新知识的认知难度的目的。</p><p>    乙教师的引入存在优点也存在缺陷。优点是一开始复习了上节内容，巩固旧知，并联系生活实际让学生观察等边三角形的特点降低学生对新知识的认知难度。但是在巩固旧识时并没有合理的进行新旧知识之间的衔接过渡，使学生对等边三角形与等腰三角形之间的关系没有得到一个初步的感官认识。</p>', '6');
DELETE FROM edu_course_exercise_comment WHERE id='2010046';
INSERT INTO edu_course_exercise_comment (id, path, course_exercise_qa_id, comment) VALUES ('2010046', ',2010046', '2010046', '<p>本题主要以“等边三角形”的教学过程为例，考查三角形的基本知识，初中数学课程的内容标准，数学课堂导入技巧、提问技巧，有效数学教学，以及课堂教学评价与学习评价等相关知识。</p><p>（1）甲乙两位教师的引入都存在优点和缺点，甲乙教师的优点都是上课一开始复习旧知，起到巩固的作用，缺点是缺乏新旧知识的衔接过渡，结合案例分别阐述即可。</p>');
DELETE FROM edu_course_exercise WHERE id='184622';
INSERT INTO edu_course_exercise (id, question_type, course_id, content, easy_error, source, dw_checked, is_pk) VALUES ('184622', '15', '81818181', '<p>某位教师在讲完《相交线与平行线》这部分内容后，设计了一节《相交线与平行线》的复习课，在这节课中他设计了如下一组题：</p><p>题1、如图3，BE平分∠ABD，DE平分∠BDC且∠1+∠2=90°。</p><p>①BE与DE有什么样的位置关系？说明理由。</p><p>②AB与CD有什么样的位置关系？说明理由。</p><p>题2、如图4，<img flag="tex" src="https://fb.fbstatic.cn/api/planet/accessories/formulas?latex=deie67P392GMD8jJDo4mTy1%2FZ8iRZHM1FTmNmcCJT0g%3D" />且∠1+∠2=80°，求∠BED的度数。</p><p>题3、如图5，<img flag="tex" src="https://fb.fbstatic.cn/api/planet/accessories/formulas?latex=deie67P392GMD8jJDo4mTy1%2FZ8iRZHM1FTmNmcCJT0g%3D" />直线l交AB于点F、交CD于点G，点E是线段GF上的一点）（点E与点F、G不重合），设∠ABE=α，∠CDE=β，∠BED=γ，试探索α，β，γ之间的关系，并说明理由。</p><p><img width="188px" height="110px" src="https://fb.fbstatic.cn/api/tarzan/images/157138d76549eed.png?width=700" /><img width="188px" height="121px" src="https://fb.fbstatic.cn/api/tarzan/images/157138da0609058.png?width=700" /><img width="191px" height="146px" src="https://fb.fbstatic.cn/api/tarzan/images/157138db51d4930.png?width=700" /></p><p>阅读上述教学设计片段，完成下列任务：</p>', '', '2015年上半年教师资格证考试《初中数学》题第17题', '1', '0');
DELETE FROM edu_course_exercise_qa WHERE id='2010050';
INSERT INTO edu_course_exercise_qa (id, course_exercise_id, type, question, cando, answer, total_score) VALUES ('2010050', '184622', '15', '<p>（1）从这组习题分析这节复习课的教学目标；</p>', '1', '<p>（1）知识与技能目标：能够利用平行线的性质与判定定理，判断两条直线是否平行；能够利用两直线相交的性质求相交直线的角度度数。</p><p>过程与方法目标：学生通过对两直线的位置关系进行观察、猜想、探索等过程，初步形成几何直观，发展形象思维与抽象思维，锻炼合情推理和演绎推理能力，并能清晰地表达自己的想法。</p><p>情感态度与价值观目标：在学习过程中，体验获得成功的乐趣，锻炼克服困难的意志，建立自信心，养成认知。勤奋、独立思考、合作交流、反思质疑等学习习惯，形成实事求是的科学态度。</p>', '8');
DELETE FROM edu_course_exercise_comment WHERE id='2010050';
INSERT INTO edu_course_exercise_comment (id, path, course_exercise_qa_id, comment) VALUES ('2010050', ',2010050', '2010050', '<p>本题主要以初中数学 “相交线与平行线”的复习课为例，考查相交线与平行线的基础知识、课程的内容标准及有效数学教学等相关知识，比较综合性地考查学科知识、课程知识以及教学技能的基本知识和基本技能。</p><p>（1）复习课的教学目标也要是新课标倡导的三维教学目标，即知识与技能目标、过程与方法目标、情感态度与价值观目标。知识与技能目标，是对学生学习结果的描述，即学生同学习所要达到的结果，又叫结果性目标。这种目标一般有三个层次的要求：学懂、学会、能应用。</p>');
DELETE FROM edu_course_exercise WHERE id='184806';
INSERT INTO edu_course_exercise (id, question_type, course_id, content, easy_error, source, dw_checked, is_pk) VALUES ('184806', '15', '91919191', '<p>根据题目要求完成下列任务，用中文作答。 </p><p>下面是某英语教师对学生作业的批改案例：</p><p>I think the most important sense is hearing. If I lose the ability <u>of</u> hear<u>ing</u>, I <u>also can’t speak</u>. to hear cannot speak either.</p><p>To lose hearing means <u>to lose</u> two important founctions(of human). Deaf-and-dumb people cannot losing hear the bus noise even if <u>the</u> accident happens<u> in their back</u>. This is the most important problem an behind them for them. For example, suppose they<u> ride</u> a bike in <u>the</u> busy street. We, normal people feel the</p><p>Are riding a dangerous sense by the noise, which is made by ears. We can avoid <u>them</u> and <u>drive</u> safely. Deaf people <u>always expode their to danger.</u> are always exposed to danger.</p><p>根据所给信息完成下列任务： </p>', '', '2015年下半年教师资格证考试《高中英语》题第32题', '1', '0');
DELETE FROM edu_course_exercise_qa WHERE id='2020720';
INSERT INTO edu_course_exercise_qa (id, course_exercise_id, type, question, cando, answer, total_score) VALUES ('2020720', '184806', '15', '<p>（1）该教师的作业批改存在哪些问题? </p>', '1', '<p>（1）该教师的作业批改存在的问题有：</p><p> ①批改面面俱到。该教师采用了&quot;包办&quot;法，标出每个错误，帮学生改正这些错误。学生没有改正、思考的过程。</p><p> ②在批改过程中，该教师一味地指出错误，没有把好的词句划出来， 不能及时鼓励学生的优点。</p>', '6');
DELETE FROM edu_course_exercise_qa WHERE id='202072050';
INSERT INTO edu_course_exercise_qa (id, course_exercise_id, type, question, cando, answer, total_score) VALUES ('202072050', '184806', '15', '<p>（2）该批改方式可能会导致哪些负面结果? </p>', '1', '<p>（2）该批改方式可能会导致的负面结果有：</p><p> ①只是纠正学生大批量错误，打击学生的积极性。</p><p> ②教师一一改错，造成批阅时间过长，加重了老师的工作量。</p>', '12');
DELETE FROM edu_course_exercise_qa WHERE id='202072050209';
INSERT INTO edu_course_exercise_qa (id, course_exercise_id, type, question, cando, answer, total_score) VALUES ('202072050209', '184806', '15', '<p>（3）针对存在的问题提出相应的改进建议。</p>', '1', '<p>（3）针对存在的问题提出相应的改进建议：</p><p> ①教师一一帮助学生改正错误，造成批阅时间较长，也不利于学生作文能力的提高，让学生自行纠错，发挥学生的主体性，学生进行纠正，老师予以修订。    </p><p> ②该教师重作文批改、轻讲评的方式，会导致对学生作文的轻率处理，没有达到写作的效果。</p>', '12');
DELETE FROM edu_course_exercise_comment WHERE id='2020720';
INSERT INTO edu_course_exercise_comment (id, path, course_exercise_qa_id, comment) VALUES ('2020720', ',2020720', '2020720', '<p>（1）该教师的作业批改存在的问题有：</p><p> ①批改面面俱到。该教师采用了&quot;包办&quot;法，标出每个错误，帮学生改正这些错误。学生没有改正、思考的过程。</p><p> ②在批改过程中，该教师一味地指出错误，没有把好的词句划出来， 不能及时鼓励学生的优点。</p>');
DELETE FROM edu_course_exercise_comment WHERE id='202072050';
INSERT INTO edu_course_exercise_comment (id, path, course_exercise_qa_id, comment) VALUES ('202072050', ',202072050', '202072050', '<p>（2）该批改方式可能会导致的负面结果有：</p><p> ①只是纠正学生大批量错误，打击学生的积极性。</p><p> ②教师一一改错，造成批阅时间过长，加重了老师的工作量。</p>');
DELETE FROM edu_course_exercise_comment WHERE id='202072050209';
INSERT INTO edu_course_exercise_comment (id, path, course_exercise_qa_id, comment) VALUES ('202072050209', ',202072050209', '202072050209', '<p>（3）针对存在的问题提出相应的改进建议：</p><p> ①教师一一帮助学生改正错误，造成批阅时间较长，也不利于学生作文能力的提高，让学生自行纠错，发挥学生的主体性，学生进行纠正，老师予以修订。    </p><p> ②该教师重作文批改、轻讲评的方式，会导致对学生作文的轻率处理，没有达到写作的效果。</p>');
DELETE FROM edu_course_exercise WHERE id='198463';
INSERT INTO edu_course_exercise (id, question_type, course_id, content, easy_error, source, dw_checked, is_pk) VALUES ('198463', '15', '40404040', '<p align="center">“视觉的形成”教学实录片段</p><p><img width="205px" height="217px" src="https://fb.fbstatic.cn/api/tarzan/images/165943a7712f340.png?width=700" /></p><p>教师：同学们，我们先来做个游戏。</p><p>(教师出示右图)</p><p>教师：看谁能在最短的时间里找出9张人脸，据说，只有智商超过180的人才能找到9张人脸!</p><p>(学生急切寻找并踊跃回答)</p><p>教师：刚才的游戏让老师认识了我班一大批高智商的同学!那么在这个游戏里，我们主要用到了人体的一个重要器官。</p><p>学生：眼。</p><p>教师：对！我们前面已经学习了眼的结构，谁能简单地复述一下眼的结构，并分析物体的图像是如何落在视网膜上的?</p><p>学生：略</p><p>教师：既然大家看到的是同一幅图片，为何每个人看到的人脸数量却各不相同呢? (学生纷纷议论，没有答案)</p><p>教师：实际上这涉及视觉的形成过程，这也就是我们今天要学习的新内容。</p>', '', '2015年下半年教师资格证考试《初中生物》真题第26题', '1', '0');
DELETE FROM edu_course_exercise_qa WHERE id='198463195';
INSERT INTO edu_course_exercise_qa (id, course_exercise_id, type, question, cando, answer, total_score) VALUES ('198463195', '198463', '15', '<p>（2）在该导入教学的片段中，教师应注意哪些问题? </p>', '1', '<p>（2）教师应注意问题有：</p><p>①游戏要生动活泼，能激发学生学习的兴趣。</p><p>②所选游戏形式要适当，要处理好游戏与教学内容的关系。游戏的形式要服务于内容，既能体现教学内容，又要有利于教学任务的完成，并使教学活动变得生动有趣，引人入胜。</p><p>③游戏的可操作性要强，易于学生接受，规则要清晰明了，指令要明确简单。</p><p>④游戏中学生的参与程度。要关注每一个学生，体现“为了一切学生”的宗旨，使学生积极参与。</p><p>⑤要正确引导学生看待游戏结果，维持好课堂秩序。</p>', '8');
DELETE FROM edu_course_exercise_qa WHERE id='2244414';
INSERT INTO edu_course_exercise_qa (id, course_exercise_id, type, question, cando, answer, total_score) VALUES ('2244414', '198463', '15', '<p>（1）分析该教学片段中课堂教学导入的优点。</p>', '1', '<p>（1）该教师使用一个游戏进行导入。运用做游戏的方式，发现问题，导入新课。爱玩好动是青少年的天性，因此该导入的优点有：</p><p>①巧设游戏，激发学生学习兴趣，引起学习动机，能充分发挥学生的主观能动性。</p><p>②引起学生对所学课题的关注，进入学习情境。</p><p>③为学习新知识“视觉的形成过程”做铺垫和引导。</p>', '12');
DELETE FROM edu_course_exercise_comment WHERE id='198463778';
INSERT INTO edu_course_exercise_comment (id, path, course_exercise_qa_id, comment) VALUES ('198463778', ',198463778', '198463195', '<p>（2）教师应注意问题有：</p><p>①游戏要生动活泼，能激发学生学习的兴趣。</p><p>②所选游戏形式要适当，要处理好游戏与教学内容的关系。游戏的形式要服务于内容，既能体现教学内容，又要有利于教学任务的完成，并使教学活动变得生动有趣，引人入胜。</p><p>③游戏的可操作性要强，易于学生接受，规则要清晰明了，指令要明确简单。</p><p>④游戏中学生的参与程度。要关注每一个学生，体现“为了一切学生”的宗旨，使学生积极参与。</p><p>⑤要正确引导学生看待游戏结果，维持好课堂秩序。</p>');
DELETE FROM edu_course_exercise_comment WHERE id='2244414';
INSERT INTO edu_course_exercise_comment (id, path, course_exercise_qa_id, comment) VALUES ('2244414', ',2244414', '2244414', '<p>（1）该教师使用一个游戏进行导入。运用做游戏的方式，发现问题，导入新课。爱玩好动是青少年的天性，因此该导入的优点有：</p><p>①巧设游戏，激发学生学习兴趣，引起学习动机，能充分发挥学生的主观能动性。</p><p>②引起学生对所学课题的关注，进入学习情境。</p><p>③为学习新知识“视觉的形成过程”做铺垫和引导。</p>');
DELETE FROM edu_course_exercise WHERE id='198464';
INSERT INTO edu_course_exercise (id, question_type, course_id, content, easy_error, source, dw_checked, is_pk) VALUES ('198464', '15', '40404040', '<p align="center">“植物体的结构层次”教学设计思路</p><p>       说明：在这节课之前，学生已经学习过细胞的基本结构，临时装片的制作和显微镜观察。</p><p>（a）为每个小组的学生提供一株带有花和果实的番茄植株。</p><p>（b）让学生通过观察，说出植物的六大器官。</p><p>（c）让学生摘下果实，说出果皮、果肉和其中细丝状结构(输导组织)的功能，并据此判断不同部位细胞的形态结构和排列特点。</p><p>（d）选取果实不同部位的组织材料，制作临时装片，并通过显微镜观察。</p><p>（e）引导学生比较观察结果和推测不同部位的细胞排列方式，分析和讨论。</p>', '', '2015年下半年教师资格证考试《初中生物》真题第27题', '1', '0');
DELETE FROM edu_course_exercise_qa WHERE id='2244415';
INSERT INTO edu_course_exercise_qa (id, course_exercise_id, type, question, cando, answer, total_score) VALUES ('2244415', '198464', '15', '<p>（1）依据上述材料，分析出教师为本节课所设定的能力目标。</p>', '1', '<p>（1）能力目标：</p><p>①通过观察番茄植株和临时装片，提高观察能力。</p><p>②通过分析果皮、果肉等功能，养成分析能力和归纳总结的能力。</p><p>③通过小组讨论，提高团队协作和相互交流的能力。</p>', '10');
DELETE FROM edu_course_exercise_comment WHERE id='2244415';
INSERT INTO edu_course_exercise_comment (id, path, course_exercise_qa_id, comment) VALUES ('2244415', ',2244415', '2244415', '<p>（1）能力目标：</p><p>①通过观察番茄植株和临时装片，提高观察能力。</p><p>②通过分析果皮、果肉等功能，养成分析能力和归纳总结的能力。</p><p>③通过小组讨论，提高团队协作和相互交流的能力。</p>');
DELETE FROM edu_course_exercise WHERE id='198614';
INSERT INTO edu_course_exercise (id, question_type, course_id, content, easy_error, source, dw_checked, is_pk) VALUES ('198614', '15', '70707070', '<p>       A小学是一所农村片区中小学校，郑老师是该校的新任校长。开学前，郑老师深入调查了该小学之前的办学情况，了解到了一些问题因外来生渐多而学位有限，A小学采取考试入学。学校经费管理使用不够规范，存在虚报、挪用代课现金现象；个别老师在校外进行有偿补课。开学后，郑组织全体教职员工系统学习教育法规，提高依法执教和依法治校的思想认识，纠正了原有的错误教法，对各项管理工作违章立制，以身作则，模范遵守。他工作兢兢业业，坚持深入教学第一线。承担一门课程的教学任务，也积极参加进修学习和课题研究，努力提高自身科学管理水平。他为人和蔼可亲，善于沟通激励他人，并公平公正铁面无私。有位教师对学生实行变相体罚，产生不良影响。郑拒绝熟人说情，召开学校行政会，依规对该教师进行了警告处分。</p>', '', '2018年4月17日福建省中小学教师招聘考试《教育综合知识》题第63题', '1', '0');
DELETE FROM edu_course_exercise_qa WHERE id='2246906';
INSERT INTO edu_course_exercise_qa (id, course_exercise_id, type, question, cando, answer, total_score) VALUES ('2246906', '198614', '15', '<p>结合相关教育法则法规，分析案例中存在违反教育法则法规的现象。</p>', '1', '<p>结合材料，存在违反教育法则法规的现象有：</p><p>（1）《中华人民共和国义务教育法》第十二条规定：“适龄儿童、少年免试入学。地方各级人民政府应当保障适龄儿童、少年在户籍所在地学校就近入学”。材料中，该校采取考试入学，侵犯了学生的受教育权利，是违法的。</p><p>（2）《中华人民共和国义务教育法》第四十九条规定：“义务教育经费严格按照预算规定用于义务教育；任何组织和个人不得侵占、挪用义务教育经费，不得向学校非法收取或者摊派费用”。材料中，该学校存在虚报、挪用代课现金现象，所以是违法的。</p><p>（3）《中华人民共和国教育法》第七十八条规定：“学校及其他教育机构违反国家有关规定向受教育者收取费用的，由教育行政部门或者其他有关行政部门责令退还所收费用；对直接负责的主管人员和其他直接责任人员，依法给予处分。”材料中，该校个别老师在校外进行有偿补课，所以是违法的。</p><p>综上所述，依据《中华人民共和国义务教育法》《中华人民共和国义务教育法》中的相关规定，该校存在采取考试入学，虚报、挪用代课现金，老师在校外进行有偿补课的违法行为。</p>', '6');
DELETE FROM edu_course_exercise_comment WHERE id='2246906';
INSERT INTO edu_course_exercise_comment (id, path, course_exercise_qa_id, comment) VALUES ('2246906', ',2246906', '2246906', '<p>第一：根据问题回归材料；第二：将题目涉及相关理论进行完善并完整论述；第三：结合材料进行分析。</p>');
DELETE FROM edu_course_exercise WHERE id='198615';
INSERT INTO edu_course_exercise (id, question_type, course_id, content, easy_error, source, dw_checked, is_pk) VALUES ('198615', '15', '70707070', '<p>       在研发校本课程时，面对本地丰富多彩的课程资源，课程负责人刘老师认为武术是中华民族传统优秀文化遗产的典型代表，它在弘扬民族精神和激发学生对民间体育活动的兴趣有着不可替代的作用，校本课程《武术》的目标中，既有“仁义礼智信勇”的传统武德，又提出“树立理想，为国争光，见义勇为，团结互助，修身养性，举止端庄”的新时期武德。该课程依据学生特点，综合各种武术要领，编排了别具一格的武术操代替传统的广播操。《武术》课程邀请家长观看，产生良好反响。学校多次接待社会各界的参观访问，个别师生参加国内外武术交流比赛活动，课程组织成员发表了相关学术论文十多年，学校增加了“习武重德，强身健体”的校训，丰富了校园文化，形成办学特色，被正式授牌为“体育项目传统学校”。</p>', '', '2018年4月17日福建省中小学教师招聘考试《教育综合知识》题第65题', '1', '0');
DELETE FROM edu_course_exercise_qa WHERE id='2246908';
INSERT INTO edu_course_exercise_qa (id, course_exercise_id, type, question, cando, answer, total_score) VALUES ('2246908', '198615', '15', '<p>结合案例，分析教育的文化功能。</p>', '1', '<p>教育对文化发展的促进作用，结合材料，体现教育的文化功能有：</p><p>（1）教育具有筛选、整理、传递和保存文化的功能。教育通过培养人来传承文化，为特定社会服务，实现个体的社会化，这就决定了教育必须按照社会的要求和人的身心发展规律来选择教育的内容，从而实现对文化的筛选、整理、传递和保存。材料中，该校依据学生特点，综合各种武术要领，编排了别具一格的武术操代替传统的广播操。</p><p>（2）教育具有传播和交流文化的功能。教育通过传播文化，使不同国家和民族的文化相互交流、相互交融，促进文化的优化和发展。国际性的文化交流使各个民族文化之间相互补充，使得各民族文化精华汇合、交融起来，逐渐形成全人类的共同文化财富，这是民族文化融入全球文明的进程。材料中，学校多次接待社会各界的参观访问，个别师生参加国内外武术交流比赛活动。</p><p>（3）教育具有更新创造文化的功能。教育对于文化的更新与创造体现在以下三方面：（1）教育为文化的更新与发展提供大量具有创造活力的人才；（2）教育选择文化并将选择后的文化确定为教育内容，使得文化更具有生命力；（3）教育带来的文化交流，使原生文化在与多元文化交融后，激发出文化创新的生机和活力。材料中，学校增加了“习武重德，强身健体”的校训，丰富了校园文化，形成办学特色。</p><p>综上所述，材料中体现了教育对文化筛选、整理、传递、保存、传播、交流、更新创造的功能。</p>', '6');
DELETE FROM edu_course_exercise_comment WHERE id='2246908';
INSERT INTO edu_course_exercise_comment (id, path, course_exercise_qa_id, comment) VALUES ('2246908', ',2246908', '2246908', '<p>第一：根据问题回归材料；第二：将题目涉及相关理论进行完善并完整论述；第三：结合材料进行分析。</p>');
DELETE FROM edu_course_exercise WHERE id='198616';
INSERT INTO edu_course_exercise (id, question_type, course_id, content, easy_error, source, dw_checked, is_pk) VALUES ('198616', '15', '70707070', '<p>       辛老师了解到小丁的学习基础较差，且因家境贫寒导致自卑心理，他制定并实施了“智志双抉”的措施，辛老师利用课余时间与小丁谈心，以励志的榜样故事鼓舞他树立理想，实现人生价值，为他组建“学习帮帮团”帮助他学习，让他当班继续宣传委员，发挥画画的特长，对他取得的进步加以赞赏。“我们是一个友爱和谐的家”，在班会上，同学们友善的接纳了小丁，针对小丁在课堂上做小动作的行为，辛老师没有当众训斥他，而是委婉的提示。一段时间以后，小丁爱上了学习，成绩也提高了。他在日记中写道:“幸福要靠自己去奋斗。努力学习吧，我能越来越好...”</p>', '', '2018年4月17日福建省中小学教师招聘考试《教育综合知识》题第66题', '1', '0');
DELETE FROM edu_course_exercise_qa WHERE id='2246909';
INSERT INTO edu_course_exercise_qa (id, course_exercise_id, type, question, cando, answer, total_score) VALUES ('2246909', '198616', '15', '<p>结合案例，分析辛老师是如何依据需要层次理论制定教育措施的。</p>', '1', '<p>依据马斯洛需要层次理论，人的需要可以分为生理需要、安全需要、归属与爱的需要、尊重需要和自我实现的需要。结合材料，辛老师依据需要层次理论制定教育措施有：</p><p>（1）归属与爱的需要是指一个人要求与其他人建立感情的联系或关系。人们总是渴望得到亲人、朋友的关心、爱护和信赖，总是希望归属于一个集体或团体，成为其中一员。教师充分利用归属与爱的需要来制定教育措施，材料中，教师为该生组建学习帮帮团，让该生当班级宣传委员，在组织的班会课上让同学们都接纳小丁，这些事件能培养学生集体归属感，让该生感受到归属与爱的需要。</p><p>（2）尊重需要是指个体基于自我评价产生的自尊和期望受到他人尊重的需要。自尊就是个体对自己的尊重，包括对获得信心、能力、本领、成就、独立等的愿望。他人对自己的尊重包括威望、承认、地位、名誉等。教师充分利用尊重需要来制定教育措施，材料中，教师对学生的进步加以赞赏，在课堂上委婉提示等行为让该学充分体会到来自教师和同学的尊重，有助于改变自卑心理的小丁。</p><p>（3）自我实现的需要是指创造的需要，是追求实现自我理想的需要，是充分发挥个人潜能和才能的心理需要，也是创造力和自我价值得到体现的需要。教师充分利用自我实现的需要来制定教育措施：材料中，教师让学生发挥画画特长，鼓励其树立理想，实现人生价值，体现了鼓励学生去自我实现。</p><p>综上所述，该教师一方面充分了解学生的需要，尊重满足学生的合理需要；另一方面，该教师创造良好的客观环境，给予正确的教育，引导和培养学生新的更高层次的需要。</p>', '6');
DELETE FROM edu_course_exercise_comment WHERE id='2246909';
INSERT INTO edu_course_exercise_comment (id, path, course_exercise_qa_id, comment) VALUES ('2246909', ',2246909', '2246909', '<p>第一：根据问题回归材料；第二：将题目涉及相关理论进行完善并完整论述；第三：结合材料进行分析。</p>');
DELETE FROM edu_course_exercise WHERE id='198617';
INSERT INTO edu_course_exercise (id, question_type, course_id, content, easy_error, source, dw_checked, is_pk) VALUES ('198617', '15', '70707070', '<p>       小学科学《磁铁有磁性》教学中，蔡老师播放《机器总动员》片段“机器人与磁铁”，让学生明白磁铁之所以喜欢机器人瓦力是因为瓦力是铁做的。第一个实验探究的问题是：“能被磁铁吸引的有回形针，铁钉，铁筷子”，“不能被磁铁吸引的有卡纸，棉布，木片，橡皮筋”，蔡老师及时引导，学生得出结论：磁铁可以吸引铁材料做成的物体。</p><p>       第二个实验主题是识别“铁家族成员”。学生通过观察发现，同样是硬币，却有着能被磁铁吸引的和不能被磁铁吸引的差别，进而得出:能被磁铁吸引的为铁质硬币。第三个实验中，学会通过铁质教具“芭蕾舞者”的演示得知：磁铁隔着纸也能吸引铁制品。随后蔡老师分发木片，布片，塑料等不同材质是隔板及不同大小的磁铁，进行分组探究实验，学生发现磁铁可以隔物吸铁，且与磁铁的大小有关。</p><p>       蔡老师紧接着指出：“磁铁被固体隔着能吸铁，被液体隔着呢?”学生利用水、牛奶等液体进行第四个实验，验证磁铁可以隔物吸铁的结论。</p>', '', '2018年4月17日福建省中小学教师招聘考试《教育综合知识》题第67题', '1', '0');
DELETE FROM edu_course_exercise_qa WHERE id='2246910';
INSERT INTO edu_course_exercise_qa (id, course_exercise_id, type, question, cando, answer, total_score) VALUES ('2246910', '198617', '15', '<p>结合案例，分析蔡老师是如何引导学生进行知识概括的。</p>', '1', '<p>结合材料，材料中蔡老师是运用以下方法引导学生进行知识概括：</p><p>（1）该教师充分使用感性概括。感性概括是在直观的基础上自发进行的一种低级的概括形式。材料中，蔡老师通过播放《机器人总动员》片断，让学生对磁吸引铁的主题知识有了直观的感性的知识印象。</p><p>（2）配合运用正例和反例。材料中，蔡老师通过引导学生寻找能被磁铁吸引的物体，充分运用正例来体现磁铁的特征，然后蔡老师引导学生观察能被磁铁吸引的硬币和不能被磁铁吸引的硬币，体现了其配合运用正例和反例，帮助学生概括出磁铁的共同规律。</p><p>（3）正确运用变式。材料中，蔡老师通过变化固体物体的类型如木片、布片和塑料，也变化液体物体如水和牛奶，体现了其正确运用变式，更好的突出磁铁可以隔物吸铁的结论。</p><p>（4）科学地进行比较。材料中，蔡老师引导学生观察能被磁铁吸引的硬币和不能被磁铁吸引的硬币，让学生进行科学的比较，让学生掌握用磁铁识别铁家族成员的原理。</p><p>（5）启发学生进行自觉概括。材料中，蔡老师在教学过程中，鼓励学生主动探索和发现，让学生自己去归纳和总结，充分发挥学生的主动性，有效的启发学生进行自觉概括。</p><p>综上所述，该教师一方面创造环境，正确的运用科学的方法，引导学生进行知识概括；另一方面，鼓励学生充分发挥主观能动性进行知识的概括。</p>', '9');
DELETE FROM edu_course_exercise_comment WHERE id='2246910';
INSERT INTO edu_course_exercise_comment (id, path, course_exercise_qa_id, comment) VALUES ('2246910', ',2246910', '2246910', '<p>第一：根据问题回归材料；第二：将题目涉及相关理论进行完善并完整论述；第三：结合材料进行分析。</p>');
DELETE FROM edu_course_exercise WHERE id='198754';
INSERT INTO edu_course_exercise (id, question_type, course_id, content, easy_error, source, dw_checked, is_pk) VALUES ('198754', '15', '71717171', '<p>阅读某教师《走一步，再走一步》的教学实录片段，回答第16题。 </p><p>       师：课文中用了多个不同的动词表达“走”，找一找。（学生找出相关动词：“爬”“跑”“移”“踏”“探”“踩”等）师：作者为什么要运用这么多与“走”相关的动词？</p><p>       生：是为了避免呆板和单调。</p><p>       师：也有这一作用。不过，这些动词可能包含着更加丰富的内涵呢，大家找找看。老师先举个例子，我觉得“他们就朝一座悬崖飞跑而去”中“飞跑”两字就用得很好，它写出了活泼的童心，让我们一下就感受到五个小男孩的活泼好动。</p><p>       生：“一面跟着他们跑”的“跑”有意思，五个男孩顽皮果断，是“飞跑”。而“我”先有所犹豫，后来被大家激将，才“跟着他们跑”，更多的是随从，是好奇。</p><p>       生：“蹲在石架上，心惊肉跳，尽量往里靠”，“蹲”和“靠”字用得很好，写出了“我”处境的危险、内心的恐惧。我们害怕的时候经常就是“蹲”着、“靠”着的。</p><p>       生：“接着，他们又开始向崖顶攀爬”，这个“攀”字写出了那些孩子动作的老练。</p><p>       师：是啊，面对危险，其他的孩子因为有经验，行动有板有眼。“攀爬”是沉稳的表现，“攀”既点出了孩子们爬山的熟练，又对比鲜明地衬托出“我”的胆怯。其实，还有“你把左脚踏到那块岩石上”的“踏”字，从中可以看出父亲的什么，能分析一下吗？</p><p>       生：这个“踏”字可以看出父亲的智慧。父亲不是直接去救孩子，而是一步一步教孩子下来：先让孩子找到下面的岩石，然后告诉孩子具体的方法——“踏到那块岩石上”。让孩子觉得克服困难其实很简单，就是利用好脚下的条件，一步一步地走出困境。</p><p>       师：在父亲的帮助下，儿子有变化吗？</p><p>       生：有的。“我小心翼翼地伸出左脚去探那块岩石，而且踩到了它”，这里的“探”字体现出“我”从胆怯谨慎变得勇敢，生命中注入了自信的琼浆。</p><p>       生：这里的“踩”字用得也非常好。“我一脚踩在崖下的岩石上”，踩到了安全，终于完成了脱险的历程。“踩”字，刻画了受到磨炼走向成功的孩子形象。</p><p>       师：父亲在紧急关头唤起了儿子的勇气，更为儿子赢得了宝贵的人生经验。今后，无论遇到怎样的困难，儿子都会想起这段难忘的经历，从而增强自己的勇气和信心。</p>', '', '2018年上半年教师资格证考试《初中语文》题第16题', '1', '0');
DELETE FROM edu_course_exercise_qa WHERE id='2249759';
INSERT INTO edu_course_exercise_qa (id, course_exercise_id, type, question, cando, answer, total_score) VALUES ('2249759', '198754', '15', '<p>（1）评析该教师教学过程中提问的目的。</p>', '1', '<p>（1）①语文课程标准中的教学实施建议告诉我们，要充分发挥师生双方在教学中的主动性和创造性，学生是语文学习的主体，教师是学习活动的组织者和引导者。语文教学应激发学生的学习兴趣，为学生创设有利于自主、合作、探究学习的环境。题干中教师的不断提问，是为了体现学生的主体地位，充分发挥自己的引导作用，从而加深学生对文本的深刻理解。</p><p>②课标中的阅读教学建议指出，阅读是学生的个性化行为。阅读教学应引导学生钻研文本，珍视学生独特的感受、体验和理解。教师应加强对学生阅读的指导、引领和点拨。题干中教师通过提出问题，使学生钻研了文本，对文本也有了独特的感受和理解。</p>', '10');
DELETE FROM edu_course_exercise_comment WHERE id='2249759';
INSERT INTO edu_course_exercise_comment (id, path, course_exercise_qa_id, comment) VALUES ('2249759', ',2249759', '2249759', '<p>（1）本题考查的是教学实施中的提问教学技能。提问是沟通学生与教材的重要手段，对检查学生的学习情况，引发学生的探究兴趣，培养和训练学生的语言表达能力，以及发展学生的思维能力都具有显著的功能。课堂提问是一种教学方法，教师通过提问，引导学生在自主、合作、探究的学习中努力地发现问题，探求和解决问题。有效的提问在课堂教学中能激发学生兴趣，活跃课堂气氛，启迪思维，复习已学知识并导入新课，及时获得反馈信息。</p>');
DELETE FROM edu_course_exercise WHERE id='198755';
INSERT INTO edu_course_exercise (id, question_type, course_id, content, easy_error, source, dw_checked, is_pk) VALUES ('198755', '15', '71717171', '<p align="center"><b>读书·实践·收获</b></p><p>       ①我曾为一段曼妙的钢琴曲所触动。那优雅的旋律深深地吸引着我，让我下决心投入了钢琴的学习。可未尝试多久我便发现，自己所演奏出的不过只是一个个拼凑而成的断音，尽管旋律可谓悦耳，却始终无法打动人心。</p><p>       ②抱着这样的烦恼，我翻开了《贝多芬传》。在书中，我仿佛看见了那个身影——贝多芬身患重病却坚强地在琴前创作的身影。他的命运无疑是多舛的，可他却没有曲服，坚决而肯定地说道：“我要扼住命运的咽喉!”失聪并未阻止他在音乐路上的前行，他坚强地战胜病魔，创作出了一篇又一篇经典的乐章。读到这儿，我的耳畔又一次响起了《命运交响曲》的旋律。此刻，这旋律是多么振撼激昂，比我之前所听过的每一次都要更加猛烈，每一个音符都重重地捶击在我的心头。我看到了与命运搏斗的贝多芬，与这旋律相结合，于我而言更加震动。不觉间，我早已泪流满面。</p><p>       ③我才恍然大悟，原来这便是我所要实现的能打动人心的旋律。我不仅学习了乐理，还懂得了要使音符充满情感，音乐才能更加饱满。</p><p>       ④在书中，我得到了这样的收获。音乐不仅是音律的结合，更包含了演奏者对乐曲的理解。每一个演奏者对音乐的看法都不同，奏出的旋律的内涵也不同，是演奏者赋予了旋律第二次新生，让音乐有了灵魂。正因人对旋律的表达与理解产生了共鸣，旋律才能称之为真正的音乐，才能够触动人的内心。这便是书所教给我的道理。<br></p>', '', '2018年上半年教师资格证考试《初中语文》题第17题', '1', '0');
DELETE FROM edu_course_exercise_qa WHERE id='2249760';
INSERT INTO edu_course_exercise_qa (id, course_exercise_id, type, question, cando, answer, total_score) VALUES ('2249760', '198755', '15', '<p>请从第②段找出两个错别字，从第③段找出一处病句，分别改正。</p>', '1', '<p>错别字分别为：“曲”“振”，应分别修改为“屈”“震”。</p><p>病句“我不仅学习了乐理，还懂得了要使音符充满情感，音乐才能更加饱满”应改为：“我不仅学习了乐理，还懂得了要使音符充满情感，音乐才能更加饱满的道理”。</p>', '8');
DELETE FROM edu_course_exercise_comment WHERE id='2249760';
INSERT INTO edu_course_exercise_comment (id, path, course_exercise_qa_id, comment) VALUES ('2249760', ',2249760', '2249760', '<p>第②段中“可他却没有曲服”这句话里，“曲服”的“曲”写错，应为“屈”。“屈服”这里指折服、降服的意思。“此刻，这旋律是多么振撼激昂”这句话里，“振撼激昂”的“振”写错，应为“震”。“震撼”指的是内心受到强烈的冲击或感动，精神或情绪剧烈起伏或波动。</p><p>常出现的病句类型有：成分残缺或赘余；搭配不当；词序不当；形容不当；前后矛盾；表意不明；不合逻辑；结构混乱。</p><p>第③段中“还懂得了要使音符充满情感，音乐才能更加饱满”这句话里，缺少宾语中心语，应在“饱满”之后加上“的道理”。</p>');
DELETE FROM edu_course_exercise WHERE id='198759';
INSERT INTO edu_course_exercise (id, question_type, course_id, content, easy_error, source, dw_checked, is_pk) VALUES ('198759', '15', '71717171', '<p>阅读《念奴娇·赤壁怀古》教学实录片段，回答第16题。</p><p>       （播电视剧《三国演义》片头曲：“滚滚长江东逝水，浪花淘尽英雄……”）</p><p>       师：苏轼的“大江东去，浪淘尽，千古风流人物”跟歌词开头两句很相似，但苏轼用的是“风流人物”，而不是“英雄人物”，为什么呢？</p><p>       生：我觉得它们都可以指杰出的、有成就的人物。</p><p>       生：我觉得它们意思不同，一个侧重“风流”，一个突出“英勇”。</p><p>       师：“风流人物”与“英雄人物”究竟有什么异同，我们一会儿再来讨论，先继续往下看。……</p><p>       师：再来看这句“遥想公瑾当年，小乔初嫁了”，如果把“公瑾”换成“周郎”，把“初嫁”换成“出嫁”，意思会有什么变化？</p><p>       生：“公瑾”是字，苏轼是带着尊敬的态度去写的。</p><p>       生：“初嫁”是刚刚出嫁，而“出嫁”就没有这种刚出嫁的意思。</p><p>       师：“初嫁”强调小乔年轻，刚刚嫁给周瑜。可是，我想告诉大家，这里苏轼真的“错”了!小乔嫁给周瑜是建安三年，赤壁之战是建安十三年，她不是“小乔”，已经是“老乔”了。</p><p>       生（齐）：啊？师：苏轼真的不知道小乔已经嫁给周瑜十年了？他为什么要这样写呢？</p><p>       生：是不是强调周瑜仍然沉浸在热恋当中？</p><p>       师：情感如火，十年依然——这种理解合情理，但不准确。大家还记得我开头提出的问题吗？为什么苏轼偏偏用“风流人物”，而不用“英雄人物”？</p><p>       生：“风流人物”跟美女与英雄有关，是用美女来衬托英雄，说周瑜是特别浪漫、懂爱情的。</p><p>       师：对!在苏轼看来，只会打打杀杀不能算作“风流人物”，“风流人物”不仅要有侠胆，还得要有柔肠。正如刚才同学所说，懂得爱情。苏轼故意把建安十三年的赤壁之战跟十年前周瑜的燕尔新婚放在一块儿来写，是为了突出自己所敬佩的周瑜的完美形象。“英雄人物”容易让人们只想到英勇顽强、刚毅果决，就如同词中四字写英雄气概——</p><p>       生：“雄姿英发”。</p><p>       师：“雄姿英发”描写的是“风流人物”英雄气概的一面，那么“羽扇纶巾”说的又是哪一面呢？注意啊，“羽扇纶巾”是文臣的装扮。</p><p>       生：是不是说周瑜有文采的一面？</p><p>       师：正是!这里表面上写周瑜的外在装扮，实际是写他风流倜傥、智慧超群。如果说，“公瑾当年”和“小乔初嫁”是写周瑜既有刚，又有柔，那么后两句“雄姿英发”与“羽扇纶巾”写的是周瑜什么呢？</p><p>       生：既能武，又能文。</p><p>       师：好。这下我们就把“苏轼为什么用‘风流人物’”这个问题解决了，其实他心目中的周瑜就是这样一个刚柔相济、文武双全的“风流人物”!</p>', '', '2018年上半年教师资格证考试《高中语文》题第16题', '1', '0');
DELETE FROM edu_course_exercise_qa WHERE id='2249832';
INSERT INTO edu_course_exercise_qa (id, course_exercise_id, type, question, cando, answer, total_score) VALUES ('2249832', '198759', '15', '<p>（1）说明教师播放电视剧《三国演义》片头曲的教学意图。</p>', '1', '<p>（1）①引入教学内容，借歌词中的“英雄人物”与苏轼词中的“风流人物”探究周瑜形象。</p><p>②拓展课堂资源，激发学生兴趣。</p>', '10');
DELETE FROM edu_course_exercise_comment WHERE id='2249832';
INSERT INTO edu_course_exercise_comment (id, path, course_exercise_qa_id, comment) VALUES ('2249832', ',2249832', '2249832', '<p>（1）本题考查的是多媒体在教学过程中的功用以及优点。作答时，结合已经学过的多媒体教学的优点（激发学生兴趣、活跃课堂气氛、快速引入课题等），对本题进行具体分析，即分析一下《三国演义》的主题曲和《念奴娇·赤壁怀古》有什么异同，即可得到本题答案。</p>');
DELETE FROM edu_course_exercise WHERE id='198760';
INSERT INTO edu_course_exercise (id, question_type, course_id, content, easy_error, source, dw_checked, is_pk) VALUES ('198760', '15', '71717171', '<p>阅读下面的学生习作，回答第17～18题。 </p><p align="center"><b>不要和父母算“经济账”</b></p><p>       ①生活中，我们经常把为父母干点儿活视为获得“人生中第一桶金的”的机会，于是就把这笔“经济账”算得相当清楚。姑且不说从父母那里要钱有多么缺乏合理性，为父母办事就要钱在根儿上就不对，父母与子女间的关系更多的应该是感情而不应该是利益。父母给予我们生命，这么多年付出无数的心血把我们拉扯大，我们又有什么资格通过这样的理由去找父母要钱呢？</p><p>       ②我曾经看过一个小故事，一个小男孩，他把自己一周干的活儿全写下来，列了一个详细的账单，上面写清了干了什么活儿，干了几次，要收几美元。他把账单给了妈妈，他妈妈看后，照着账单把钱如数给了他，同时也给了小男孩一份账单，上面写得也很清楚，给了你生命，供你吃穿，供你上学……但最后收费那里只写了一个零。小男孩看完后，羞愧地把钱还给了母亲。</p><p>        ③我们不应该觉得父母的关爱和付出是理所当然的。爱是相互的，父母给予我们无私的爱，我们也应有所补偿。当我们斤斤计较的时候，可曾想过父母为我们付出过多少？如果和父母算经济账，我们是算不清，也算不起的。</p><p>       ④孩子和父母算经济账，还有一个重要原因是从小受到父母的不良影响。当孩子还小的时候，父母喜欢在孩子干点儿活后给一些零钱。不管是出于什么情感，这种做法会让孩子从小觉得付出和物质回报应该成正比。孩子帮父母办事要钱就觉得理所当然了。并且，父母给的次数越多，孩子也许还会变本加利。比如，父母要孩子买东西，他们会按快递收费。父母要求加快速度，他们还会究结普快和特快的差价问题。常此以往，对下一代乃至整个家庭的影响都非常大。所以，父母教育孩子时应该注意这些问题，对孩子的物质奖励要适度，不能让孩子觉得自己与父母之间是经济交往关系。如果一个人与父母的关系主要是经济关系的话，那这个人就太悲哀了。</p><p>       ⑤让我们正确看待帮父母做事这个问题，不要和父母算“经济账”，要多去翻“感情账”。</p>', '', '2018年上半年教师资格证考试《高中语文》题第17题', '1', '0');
DELETE FROM edu_course_exercise_qa WHERE id='2249835';
INSERT INTO edu_course_exercise_qa (id, course_exercise_id, type, question, cando, answer, total_score) VALUES ('2249835', '198760', '15', '<p>从第④段找出两个错别字，从第③段找出一处病句，并分别修改。</p>', '1', '<p>错别字：“变本加利”的“利”改为“厉”，“究结”的“究”改为“纠”，“常此以往”的“常”改为“长”，三个中任意选两个即可。</p><p>病句“父母给予我们无私的爱，我们也应有所补偿”应改为“父母给予我们无私的爱，我们也应有所回报”。</p>', '8');
DELETE FROM edu_course_exercise_comment WHERE id='2249835';
INSERT INTO edu_course_exercise_comment (id, path, course_exercise_qa_id, comment) VALUES ('2249835', ',2249835', '2249835', '<p>本题主要考查基本知识技能，即对字词句的掌握。 </p>');
DELETE FROM edu_course_exercise WHERE id='199132';
INSERT INTO edu_course_exercise (id, question_type, course_id, content, easy_error, source, dw_checked, is_pk) VALUES ('199132', '15', '31313131', '<p>       刘老师师范学校毕业，在一所乡村小学开始了她的教师生涯，三十年来，她一直坚守在乡村学校教学的第一线。</p><p>       为了寻找孩子们观察的野花，刘老师在河岸，田埂精心识别、挑选；为了让孩子们更好地体味课文所蕴含的情感，在家人熟睡的时候，他一个人在厨房里反复朗读课文；大雪过后，她又会兴致勃勃地带孩子们去找腊梅，去看望苍翠的“松树公公”，让孩子们更好地感受自然。 </p><p>       刘老师坚持每天黎明即起，坐在校园旁的荷花池畔背唐诗，宋词，背郭沫若、艾青、普希金、海涅、泰戈尔等中外名家的诗篇，用优美的诗篇来陶冶自己的情操。她摘抄的古今中外的优秀诗篇，有厚厚的几本，她还如饥似渴地学习教育学、心理学和美学，阅读许多中外教育名著，撰写教学日志，并不断改进自身教学实现。</p>', '', '2018年下半年教师资格证考试《综合素质》（小学）题第30题', '1', '0');
DELETE FROM edu_course_exercise_qa WHERE id='2258071';
INSERT INTO edu_course_exercise_qa (id, course_exercise_id, type, question, cando, answer, total_score) VALUES ('2258071', '199132', '15', '<p>请结合材料，从教师观的角度，评析刘老师的教育行为。</p>', '1', '<p>       该老师的教育行为符合新课改背景下的教师观，是值得我们赞赏和学习的。</p><p>       首先，新课改背景下的教师观强调，从教师与学生的关系看，要求教师应该是学生学习的引导者和学生发展的促进者。材料中,刘老师为了学生们能够更好体会文章情感，在教学过程中往往精心设计，注重培养学生的发现和探究的能力以及实践能力。体现了刘老师是学生学习的引导者和学生发展的促进者的角色。</p><p>       其次，新课改背景下的教师观强调，在对待教学上，老师应注重帮助、引导。引导的内容不仅包括方法和思维，也包括价值和做人。材料中，刘老师带学生观察野花、寻找腊梅、探望“松树公公”，对于学生来讲，其实是一种思维加价值的引导。</p><p>       最后，新课改背景下的教师观强调，在对待自我上，老师应积极反思。教学反思是教师专业发展和自我成长的重要因素，能促使教师形成自我反思的意识和自我监控的能力。材料中，刘老师工作在一线，不断提升自己，改进自身教学实践，都是注重反思的结果。</p><p>       综上所述，教师在教育教学过程中应该运用新课程理念看待教师职业，树立正确的教师观，才能更好地教书育人。</p>', '14.0');
DELETE FROM edu_course_exercise_comment WHERE id='2258071';
INSERT INTO edu_course_exercise_comment (id, path, course_exercise_qa_id, comment) VALUES ('2258071', ',2258071', '2258071', '<p>       该老师的教育行为符合新课改背景下的教师观，是值得我们赞赏和学习的。</p><p>       首先，新课改背景下的教师观强调，从教师与学生的关系看，要求教师应该是学生学习的引导者和学生发展的促进者。材料中,刘老师为了学生们能够更好体会文章情感，在教学过程中往往精心设计，注重培养学生的发现和探究的能力以及实践能力。体现了刘老师是学生学习的引导者和学生发展的促进者的角色。</p><p>       其次，新课改背景下的教师观强调，在对待教学上，老师应注重帮助、引导。引导的内容不仅包括方法和思维，也包括价值和做人。材料中，刘老师带学生观察野花、寻找腊梅、探望“松树公公”，对于学生来讲，其实是一种思维加价值的引导。</p><p>       最后，新课改背景下的教师观强调，在对待自我上，老师应积极反思。教学反思是教师专业发展和自我成长的重要因素，能促使教师形成自我反思的意识和自我监控的能力。材料中，刘老师工作在一线，不断提升自己，改进自身教学实践，都是注重反思的结果。</p><p>       综上所述，教师在教育教学过程中应该运用新课程理念看待教师职业，树立正确的教师观，才能更好地教书育人。</p>');
DELETE FROM edu_course_exercise WHERE id='199133';
INSERT INTO edu_course_exercise (id, question_type, course_id, content, easy_error, source, dw_checked, is_pk) VALUES ('199133', '15', '31313131', '<p>       从当班主任的第一天起，俞老师就要求自己做一名孩子们喜爱的班主任。</p><p>       每一届新生入校，俞老师总是从孩子们的“读”“写”等细节入手，想方设法创设情境，孩子们在体验中选期学会了阅读，端正了书写的安势。</p><p>       他还带孩子们到超市体验购物，让孩子们学会选择物品、自觉排队；带孩子们乘坐公交车，学会购票、文明乘车；带孩子们到养老院打扫卫生，做小小志愿者......</p><p>       平时，孩子们无论遇到什么事，总是愿意告诉俞老师。一次外出游学，小涛悄悄告诉俞老师自己有时会尿床，俞老师便将小涛安排和自己住一个房间，每到半夜尽早提醒小涛上厕所，这成了他俩的秘密。</p><p>       俞老师还在班上成立了“少年科学院”，尝试以各种实验激发孩子们的兴趣。有时候为准备一个实验，俞老师要查阅许多资料，充分准备，让孩子们在每一次实验中都有收获。</p>', '', '2018年下半年教师资格证考试《综合素质》（小学）题第31题', '1', '0');
DELETE FROM edu_course_exercise_qa WHERE id='2258072';
INSERT INTO edu_course_exercise_qa (id, course_exercise_id, type, question, cando, answer, total_score) VALUES ('2258072', '199133', '15', '<p>请从教师职业道德的角度，评析材料中俞老师的教育行为。</p>', '1', '<p>       俞老师的做法符合《中小学教师职业道德规范》的相关要求，是值得我们学习的。 </p><p>       首先，俞老师的做法体现了教书育人。教书育人指遵循教育规律，实施素质教育。循循善诱，诲人不倦，因材施教。培养学生良好品行，激发学生创新精神，促进学生全面发展。材料中，俞老师想方设法创设情境，带学生去超市体验购物，学会自觉排队、文明乘车，去养老院做志愿者，带领学生做各种实验，激发学生的学习兴趣，做到了教书育人。</p><p>       其次，俞老师的做法体现了关爱学生。关爱学生指关心爱护全体学生，尊重学生人格，平等公正对待学生，对学生严慈相济，做学生的良师益友，关心学生健康，维护学生权益。不讽刺、挖苦、歧视学生，不体罚或变相体罚学生。材料中，俞老师在当班主任之后就要求自己成为孩子们喜爱的班主任，孩子们无论遇到什么事情，总是愿意告诉俞老师，知道小涛有时会尿床之后便让小涛自己一起住，无微不至的关心小涛，做到了关爱学生。</p><p>       最后，俞老师的做法还体现了爱岗敬业。爱岗敬业指忠诚于人民教育事业，志存高远，勤恳敬业，甘为人梯，乐于奉献。对工作高度负责，认真备课上课，认真批改作业，认真辅导学生，不得敷衍塞责。材料中，俞老师每次在上课前都会查阅很多资料，进行充分的备课准备，想方设法的为孩子们创设各种教学情境，对工作高度负责，做到了爱岗敬业。</p><p>       综上所述，教师在教学中要践行教师职业道德，做到教书育人、关爱学生、爱岗敬业，俞老师的做法是值得我们学习的。</p>', '14');
DELETE FROM edu_course_exercise_comment WHERE id='2258072';
INSERT INTO edu_course_exercise_comment (id, path, course_exercise_qa_id, comment) VALUES ('2258072', ',2258072', '2258072', '<p>       俞老师的做法符合《中小学教师职业道德规范》的相关要求，是值得我们学习的。 </p><p>       首先，俞老师的做法体现了教书育人。教书育人指遵循教育规律，实施素质教育。循循善诱，诲人不倦，因材施教。培养学生良好品行，激发学生创新精神，促进学生全面发展。材料中，俞老师想方设法创设情境，带学生去超市体验购物，学会自觉排队、文明乘车，去养老院做志愿者，带领学生做各种实验，激发学生的学习兴趣，做到了教书育人。</p><p>       其次，俞老师的做法体现了关爱学生。关爱学生指关心爱护全体学生，尊重学生人格，平等公正对待学生，对学生严慈相济，做学生的良师益友，关心学生健康，维护学生权益。不讽刺、挖苦、歧视学生，不体罚或变相体罚学生。材料中，俞老师在当班主任之后就要求自己成为孩子们喜爱的班主任，孩子们无论遇到什么事情，总是愿意告诉俞老师，知道小涛有时会尿床之后便让小涛自己一起住，无微不至的关心小涛，做到了关爱学生。</p><p>       最后，俞老师的做法还体现了爱岗敬业。爱岗敬业指忠诚于人民教育事业，志存高远，勤恳敬业，甘为人梯，乐于奉献。对工作高度负责，认真备课上课，认真批改作业，认真辅导学生，不得敷衍塞责。材料中，俞老师每次在上课前都会查阅很多资料，进行充分的备课准备，想方设法的为孩子们创设各种教学情境，对工作高度负责，做到了爱岗敬业。</p><p>       综上所述，教师在教学中要践行教师职业道德，做到教书育人、关爱学生、爱岗敬业，俞老师的做法是值得我们学习的。</p>');
DELETE FROM edu_course_exercise WHERE id='184620';
INSERT INTO edu_course_exercise (id, question_type, course_id, content, easy_error, source, dw_checked, is_pk) VALUES ('184620', '15', '81818181', '<p>案例：</p><p>下面是两位教师关于《等边三角形》的教学过程。</p><p><img width="579px" height="542px" src="https://fb.fbstatic.cn/api/tarzan/images/15713891b174dc5.png?width=700" /></p><p><img width="578px" height="258px" src="https://fb.fbstatic.cn/api/tarzan/images/15713893c0d867b.png?width=700" /></p><p>请从下列三个方面对甲乙两位教师的教学过程进行评价：</p>', '', '2015年上半年教师资格证考试《初中数学》题第16题', '1', '0');
DELETE FROM edu_course_exercise_qa WHERE id='2010046';
INSERT INTO edu_course_exercise_qa (id, course_exercise_id, type, question, cando, answer, total_score) VALUES ('2010046', '184620', '15', '<p>（1）引入的特点；</p>', '1', '<p>（1）甲教师的引入存在优点也存在缺陷。优点是一开始复习了上节内容，巩固旧知，但是并没有进行新旧知识间的衔接过渡，并没有达到降低学生对新知识的认知难度的目的。</p><p>    乙教师的引入存在优点也存在缺陷。优点是一开始复习了上节内容，巩固旧知，并联系生活实际让学生观察等边三角形的特点降低学生对新知识的认知难度。但是在巩固旧识时并没有合理的进行新旧知识之间的衔接过渡，使学生对等边三角形与等腰三角形之间的关系没有得到一个初步的感官认识。</p>', '6');
DELETE FROM edu_course_exercise_qa WHERE id='20100463';
INSERT INTO edu_course_exercise_qa (id, course_exercise_id, type, question, cando, answer, total_score) VALUES ('20100463', '184620', '15', '<p>（2）教师教的方式；</p>', '1', '<p>（2）甲教师的教学方法存在优点也存在缺陷，在教学开始开门见山的介绍本课题，抛出问题，①什么样的三角形叫等边三角形？②等边三角形的三个内角都相等吗？③等边三角形是轴对称图形吗？引起学生的有意注意，使学生迅速进入学习状态，对本节内容的基本轮廓有了大致了解，但是没有进行合理的情景创设，将知识全盘塞给学生，剥夺了学生发现问题、提出问题进行解决问题的过程。无法激发学生学习新知识的兴趣，学生只能机械地配合教师教学。在进行等边三角形判定的教学过程中，教师没有做好充分的课前准备，预设学生在课堂中提出各种问题的突发情况，采取回避方式来应对学生提出“从角来说，我认为三个内角都是60°的三角形是等边三角形”这不符合新课程标准中对教师的要求。会限制学生思维，扼杀学生探求真理的欲望，不利于学生的成长。</p><p>乙教师的教学方法存在优点也存在缺陷。优点是充分发挥了学生地位，动手操作，小组合作探究，开放性问题等环节的设置，激发了学生开动脑筋自主探究的兴趣并能够调动学生参与到课堂教学活动的积极性。缺点在于教师对“等边三角形有什么性质？”这一开放性问题的提出并不能充分突出“等边三角形”这节的核心——通过与等腰三角形性质的探究过程迁移到对等边三角形性质的探究，为第二个开放性问题的解决造成了一定的阻碍。</p>', '7');
DELETE FROM edu_course_exercise_qa WHERE id='2010046391';
INSERT INTO edu_course_exercise_qa (id, course_exercise_id, type, question, cando, answer, total_score) VALUES ('2010046391', '184620', '15', '<p>（3）学生学的方式。</p>', '1', '<p>（3）甲教师的学生在学习过程中，只是在机械的配合教师的提问，完成本节课的教学。甲教师在日常教学过程中没有注意给学生培养善于思考、提出问题、发现问题、解决问题的良好习惯的机会。导致学生学习的积极性不高，对学习内容存在疑问也不会及时提出。</p><p>乙教师的学生在学习过程中，动手操作能力、合作探究意识均很强，学习积极性高，对学习过程中存在的疑问，能够提出并善于通过自主探究合作交流解决问题。</p>', '7');
DELETE FROM edu_course_exercise_comment WHERE id='2010046';
INSERT INTO edu_course_exercise_comment (id, path, course_exercise_qa_id, comment) VALUES ('2010046', ',2010046', '2010046', '<p>本题主要以“等边三角形”的教学过程为例，考查三角形的基本知识，初中数学课程的内容标准，数学课堂导入技巧、提问技巧，有效数学教学，以及课堂教学评价与学习评价等相关知识。</p><p>（1）甲乙两位教师的引入都存在优点和缺点，甲乙教师的优点都是上课一开始复习旧知，起到巩固的作用，缺点是缺乏新旧知识的衔接过渡，结合案例分别阐述即可。</p>');
DELETE FROM edu_course_exercise_comment WHERE id='20100463';
INSERT INTO edu_course_exercise_comment (id, path, course_exercise_qa_id, comment) VALUES ('20100463', ',20100463', '20100463', '<p>（2）甲乙两位教师教的方式都存在优点和缺点。</p><p>甲教师的教学方法的优点是在教学开始直接介绍课题，抛出问题，引起学生注意，使学生迅速进入学习状态；缺点是没有进行合理的情景创设，将知识全盘塞给学生，无法激发学生学习新知识的兴趣，学生只能机械地配合教师教学。在教学过程中，教师针对突发情况，采取回避方式进行应对。</p><p>乙教师的教学方法的优点是通过小组合作，动手操作，开放性问题等环节的设置，激发了学生探究的兴趣，调动参与课堂活动的积极性。缺点在于 “等边三角形有什么性质？”这一问题的提出不能充分体现本节课的重点内容。</p>');
DELETE FROM edu_course_exercise_comment WHERE id='2010046391';
INSERT INTO edu_course_exercise_comment (id, path, course_exercise_qa_id, comment) VALUES ('2010046391', ',2010046391', '2010046391', '<p>（3）甲教师的学生在学习过程中，只是在机械的配合教师的提问，完成本节课的教学。而乙教师的学生在学习过程中，动手操作能力、合作探究意识均很强，学习积极性高，对学习过程中存在的疑问，能够提出并善于通过自主探究合作交流解决问题。</p>');
DELETE FROM edu_course_exercise WHERE id='199145';
INSERT INTO edu_course_exercise (id, question_type, course_id, content, easy_error, source, dw_checked, is_pk) VALUES ('199145', '15', '41414141', '<p>请认真阅读下列材料，并按要求作答。</p><p><img width="700px" height="889px" src="https://fb.fbstatic.cn/api/tarzan/images/166d97162527987.png?width=700" /></p><p>请根据材料完成下列任务：</p>', '', '2018年下半年教师资格证考试《教育教学知识与能力》（小学）题第28题', '1', '0');
DELETE FROM edu_course_exercise_qa WHERE id='199145922';
INSERT INTO edu_course_exercise_qa (id, course_exercise_id, type, question, cando, answer, total_score) VALUES ('199145922', '199145', '15', '<p>（2）如指导小学生学习，试拟定教学目标。</p>', '1', '<p>（2）教学目标：</p><p>1. 知识与技能目标：学生能够认读单词和短语，能够掌握主要句型进行熟练运用。</p><p>2. 过程与方法目标：通过课堂活动，学生能够提高听说读写综合语言能力，并能就熟悉的话题进行简单的交流。</p><p>3. 情感态度与价值观目标：学生能够增强学习英语的兴趣，有学好英语的信心。 </p><p>Knowledge Aims: Students can grasp the following new words &amp; phrases:  get up, brush my teeth, wash my face, have breakfast and master the key sentence pattern: What are you doing? I am washing my face.</p><p>Ability Aims: Students improve integrated language skills through class activities, and communicate around familiar topics.  </p><p>Emotional Aims: Build confidence of learning language and arouse learning interests.</p>', '10');
DELETE FROM edu_course_exercise_qa WHERE id='199145927';
INSERT INTO edu_course_exercise_qa (id, course_exercise_id, type, question, cando, answer, total_score) VALUES ('199145927', '199145', '15', '<p>（3）依据拟定的教学目标，设计导入和新授环节的教学活动并说明理由。</p>', '1', '<p>（3）</p><p>1.Warming-up and Lead-in:</p><p>   At the beginning of the class, the teacher shows the picture of one clock, and asks two questions : “What can you see in the picture?”, “What do you know about it?”.Then invites some volunteers to share their answers.</p><p>设计意图：图片具有直观、形象的特点，可以迅速吸引学生的注意力；邀请学生回答与图片相关的问题，为学生提供了开口表达自己的机会。同时，图片的内容与本节新课的核心话题息息相关，能够自然地引出新课。</p><p>2. Presentation</p><p>（1）New words teaching </p><p>①With the help of PPT, body language etc, the teacher introduces the new words and guides students to read and spell them. For example, the teacher does the action “get up” and asks “Look, What do I do? Now, follow me, get up, g-e-t, get, get up, I get up at seven o’clock”. In the same way, the teacher teaches the rest of the words: brush my teeth, wash my face, have breakfast. </p><p>②Drill the new words using “high &amp; low voice” game.</p><p>（2）Key sentence teaching</p><p>① Show the pictures on the book, let students describe the pictures. Then the teacher puts the key sentences on the PPT and explains the meaning and usage of the key sentences.</p><p>②Play the tape, let students do actions according to what they hear.</p><p>设计意图：通过图片、肢体语言以及老师的解释和示范，学生能够轻松地理解新单词和新句型的含义和用法，实现本节课的知识目标，突破本节课的重点，体现以学生为主体的教学理念。<br></p>', '20');
DELETE FROM edu_course_exercise_qa WHERE id='2258128';
INSERT INTO edu_course_exercise_qa (id, course_exercise_id, type, question, cando, answer, total_score) VALUES ('2258128', '199145', '15', '<p>（1）上述材料的教学重点和难点。</p>', '1', '<p>（1）教学重难点：</p><p>教学重点</p><p>学生能够认读单词和短语，能够掌握主要句型进行熟练运用。</p><p>教学难点</p><p>学生能够增强学习英语的兴趣，有学好英语的信心。</p><p>Key points </p><p>Students can grasp the new words &amp; phrases and master the key sentence pattern.</p><p>Difficult points </p><p>Students build confidence of learning language and arouse learning interests. </p>', '10');
DELETE FROM edu_course_exercise_comment WHERE id='199145621';
INSERT INTO edu_course_exercise_comment (id, path, course_exercise_qa_id, comment) VALUES ('199145621', ',199145621', '199145922', '<p>（2）教学目标：</p><p>1. 知识与技能目标：学生能够认读单词和短语，能够掌握主要句型进行熟练运用。</p><p>2. 过程与方法目标：通过课堂活动，学生能够提高听说读写综合语言能力，并能就熟悉的话题进行简单的交流。</p><p>3. 情感态度与价值观目标：学生能够增强学习英语的兴趣，有学好英语的信心。 </p><p>Knowledge Aims: Students can grasp the following new words &amp; phrases:  get up, brush my teeth, wash my face, have breakfast and master the key sentence pattern: What are you doing? I am washing my face.</p><p>Ability Aims: Students improve integrated language skills through class activities, and communicate around familiar topics.  </p><p>Emotional Aims: Build confidence of learning language and arouse learning interests.</p>');
DELETE FROM edu_course_exercise_comment WHERE id='199145472';
INSERT INTO edu_course_exercise_comment (id, path, course_exercise_qa_id, comment) VALUES ('199145472', ',199145472', '199145927', '<p>（3）</p><p>1.Warming-up and Lead-in:</p><p>   At the beginning of the class, the teacher shows the picture of one clock, and asks two questions : “What can you see in the picture?”, “What do you know about it?”.Then invites some volunteers to share their answers.</p><p>设计意图：图片具有直观、形象的特点，可以迅速吸引学生的注意力；邀请学生回答与图片相关的问题，为学生提供了开口表达自己的机会。同时，图片的内容与本节新课的核心话题息息相关，能够自然地引出新课。</p><p>2. Presentation</p><p>（1）New words teaching </p><p>①With the help of PPT, body language etc, the teacher introduces the new words and guides students to read and spell them. For example, the teacher does the action “get up” and asks “Look, What do I do? Now, follow me, get up, g-e-t, get, get up, I get up at seven o’clock”. In the same way, the teacher teaches the rest of the words: brush my teeth, wash my face, have breakfast. </p><p>②Drill the new words using “high &amp; low voice” game.</p><p>（2）Key sentence teaching</p><p>① Show the pictures on the book, let students describe the pictures. Then the teacher puts the key sentences on the PPT and explains the meaning and usage of the key sentences.</p><p>②Play the tape, let students do actions according to what they hear.</p><p>设计意图：通过图片、肢体语言以及老师的解释和示范，学生能够轻松地理解新单词和新句型的含义和用法，实现本节课的知识目标，突破本节课的重点，体现以学生为主体的教学理念。<br></p>');
DELETE FROM edu_course_exercise_comment WHERE id='2258128';
INSERT INTO edu_course_exercise_comment (id, path, course_exercise_qa_id, comment) VALUES ('2258128', ',2258128', '2258128', '<p>（1）教学重难点：</p><p>教学重点</p><p>学生能够认读单词和短语，能够掌握主要句型进行熟练运用。</p><p>教学难点</p><p>学生能够增强学习英语的兴趣，有学好英语的信心。</p><p>Key points </p><p>Students can grasp the new words &amp; phrases and master the key sentence pattern.</p><p>Difficult points </p><p>Students build confidence of learning language and arouse learning interests. </p>');
DELETE FROM edu_course_exercise WHERE id='199134';
INSERT INTO edu_course_exercise (id, question_type, course_id, content, easy_error, source, dw_checked, is_pk) VALUES ('199134', '15', '31313131', '<p>       1992年，在澳大利亚昆士兰州，人们开始将鱼投入水中供野生海豚食用。1998年，海豚们开始回报人类，它们不时地将鱼扔上码头。在这件有趣的事件里，人类的投食意图非常明显，但动物们又是怎么想的呢?</p><p>       早在19世纪，英国生物学家达尔文(1809-1882)就认为动物和人类的智力只有程序上而非本质上的区别。在其晚年的著作《人类和动物的感情表达》中，他详细研究了鸟类、家畜、灵长类动物以及不同人的喜悦、爱和悲伤。达尔文对待动物的态度，尽管很容易被那些每天接触狗、马或老鼠的人们所认同，却违背了当时欧洲根深蒂固的观念——动物完全没有思想。这种古老的观念源于17世纪法国哲家笛卡尔的学说：人是理智的生灵，与上帝的思想相连，而动物只是肉体机器。笛卡尔的追随者之一，17世纪法国神学家和哲学家马勒伯朗士因此这样描述动物：“不因食物而快乐，不因痛苦而哭泣，成长而不自知，它们无欲无求，无所畏惧，一无所知。”</p><p>       在20世纪的大部分时间里，生物学界更忠于笛卡尔而非达尔文的学说。尽管动物行为学的学者们并没有排除动物具有思想的可能性，但是却认为思考这个问题几乎无关紧要，因为它无法回答。人们可以研究动物的输入(如食物和环境)或输出(行为)，但动物本身仍然是一个黑匣子——情绪或思想等不可观察的东西超越了客观调查的范畴。一位“行为主义者”因此在1992年写道：“在任何试图了解动物行为的尝试中，都应当极力避免认为动物具有意识思维，因为这是无法检测且空洞的......“</p><p>       然而，这些关于动物的狭隘想法却受到了前所未有的反对。1976年，美国学者唐纳德•格里芬不畏阻碍，出版了《动物的觉知问题》一书，认为动物确实能够思考，而且这种能力应该受到适当的科学研究。</p><p>       此后的数十年间，野外和实验室的大量研究工作推动了远离行为主义、接近达尔文观点的共识。然而研究进展仍然艰难而缓慢。正如行为主义者所警告过的，这两种研究类型的证据都可能具有误导性：虽然实验室中进行的实验是严谨的，但动物在实验室中的表现难免异于野外；野外观察则可能由于一些显见的局限性而不易被接受——尽管有的野外观察持续数年甚至几十年之久，并在一定程度上防范了缺乏严谨性的问题，但这样的研究并不多见。</p><p>       尽管如此，现在大多数科学家仍然认为他们可以满怀信心地说：有些动物确实以有意识的精神体验方式处理信息和表达感情，他们一致同意：大鼠、小鼠，鹦鹉和座头鲸等动物有着复杂的思维能力；一些物种具有曾被认为只属于人类的特性，例如为物品命名和使用工具的能力；还有少数动物，如灵长类动物、鸦科（乌鸦家族）和鲸类（鲸鱼和海豚），具有一些人类眼中接近于文化的东西，它们藉此形成通过模仿和示范向后代传递信息和能力的独特行为方式。没有任何动物能够单独拥有所有的人类心智特性，但是几乎所有单一的人类心智特性都存在于某些动物身上。</p><p align="right">(摘编自《动物有思想吗? 》,翻译黄森)</p>', '', '2018年下半年教师资格证考试《综合素质》（小学）题第32题', '1', '0');
DELETE FROM edu_course_exercise_qa WHERE id='2258073';
INSERT INTO edu_course_exercise_qa (id, course_exercise_id, type, question, cando, answer, total_score) VALUES ('2258073', '199134', '15', '<p>（1）人们对“动物是否有有思想”这一问题的认识，经历了哪些阶段性过程？请结合文本，简要概括。</p>', '1', '<p>（1）人们对“动物是否有思想”这一问题的认识，经历了2个阶段。第一阶段：19世界之前，人们一直忠于笛卡尔的学说，认为动物无法思考。到了19世界虽然达尔文提出动物和人类的智力相似，但是接下来的20世纪，生物界更忠于动物不能思考这种学说。第二阶段：到了1976年，美国学者唐纳德出版书籍认为动物确实能思考，此后的数十年，大量研究致力于这一观点的证实。</p>', '4');
DELETE FROM edu_course_exercise_comment WHERE id='2258073';
INSERT INTO edu_course_exercise_comment (id, path, course_exercise_qa_id, comment) VALUES ('2258073', ',2258073', '2258073', '<p>（1）人们对“动物是否有思想”这一问题的认识，经历了2个阶段。第一阶段：19世界之前，人们一直忠于笛卡尔的学说，认为动物无法思考。到了19世界虽然达尔文提出动物和人类的智力相似，但是接下来的20世纪，生物界更忠于动物不能思考这种学说。第二阶段：到了1976年，美国学者唐纳德出版书籍认为动物确实能思考，此后的数十年，大量研究致力于这一观点的证实。</p>');
DELETE FROM edu_course_exercise WHERE id='199139';
INSERT INTO edu_course_exercise (id, question_type, course_id, content, easy_error, source, dw_checked, is_pk) VALUES ('199139', '15', '51515151', '<p>材料：</p><p>       中国古典史学很善于用意象表达作者的思想情感，特别是古典诗词，利用意象传神达意，是诗人的一项重要的艺术手法，历代不乏这方面的大家高举，例如李白的《忆秦娥、萧声咽》被后人誉为“怀古咏史诗中无与伦比的典范之作”。这首词运用意象体现作者的所感，所思，所想时，可谓驾轻就熟，由神入化，达到了炉火纯青的程度。作者选择的几个意象，原本有些风马牛不相及，但在作者的大手笔中，不仅活了起来，还一脉相承为一首千古绝唱:</p><p>       箫声咽，秦娥梦断秦楼月。秦楼月，年年柳色，灞陵伤别。乐游原上清秋节，咸阳古道音尘绝。音尘绝，西风残照，汉家陵阙。</p><p>       不难看出，这首词中有十个意象:箫声、秦娥，秦楼月，柳色，灞陵，乐游原，成阳古道、西风、残照，汉家陵阙。围绕着这些意象，几幅生机盎然的画面，随着深夜的箫声渐次浮现出来。</p><p>现代学者浦江清在其《词的讲解》一文中认为，李白的这首《忆秦娥，箫声咽》，是“几幅长安素描的合订本”。所谓“合订本”，显然意指词中的画面都是“独立成篇的”，看上去这是事实。然而每吟诵这首《箫声咽》，“秦楼月”的悲苦幽怨中，总是升起一股荡尽千古风尘的浩气，将词中画面一气呵成为色彩浓烈的悲剧，从而使人并不觉得那些画面是支离散乱的，甚至并不感到它们是“独立成篇的”，那些画面在读者的心神体会中，成为一个密不可分的有机整体，所谓“素描的合订本”中的合订，其实是一种血肉相连的内在联系。这种内在联系是审美的结果。也就是说，词中的十个意象，实质上是作者“阅尽人间春色”后的怀古伤今中的审美选择。没有崇高的审美情操，没有敏锐的审美判断及娴熟的文学技巧，是不可能有这种恰到好处的意象选择的。这是只有李白这样的大诗人才有的天才的艺术想象的结果。</p><p>       诗词家常说，意象选择是诗词创作的主要方法。然而意象选择的原则是什么？换言之，是什么指导了意象选择？从《忆秦娥，箫声咽》中可以看出，作者选择的十个意象，能在一首小令中得到淋漓尽致的体现。诚然，这里的思想不是理性思考的结果，而是善感于外界产生的浮想联翩中的看法，毋宁说，一个心智正常的人，这种“看法”绝无可能前后矛盾，而是一以贯之的。这种一以贯之的“看法”，才是《忆秦娥，箫声咽》中十个意象之间内在联系的灵魂。也就是说，唯思想才是诗词创作中意象选择的主导。严格说没有思想的主导，则不会有正确的意象选择，整篇诗词创作也就失败了。李白之所以能在《忆秦娥箫声咽》中将十个意象完美无缺地排列组合成一首意义深远、气势磅礴的精妙好词，主要得力于他那气贯古今的思想。说实在的，《忆秦娥、箫声咽》中的十个意象、在一般人那里，都是同空见惯的平常物，但这些平常物在李白思想的驾驭中，都有了非同寻常的意义，都在思想的指挥下发挥自身的“音阶”功用，汇成了一支既悲苦凄清又威武苍凉的乐曲。</p><p>       (摘编自李工《古典文学意象的示范》)</p>', '', '2018年下半年教师资格证考试《综合素质》（中学）题第32题', '1', '0');
DELETE FROM edu_course_exercise_qa WHERE id='2258077';
INSERT INTO edu_course_exercise_qa (id, course_exercise_id, type, question, cando, answer, total_score) VALUES ('2258077', '199139', '15', '<p>（1）文章认为中国古典诗词意象选择的原则是什么？请简要概括。</p>', '1', '<p>       （1）文章认为古典诗词意向选择的原则是以思想作为诗词意向选择的主导，并且这种思想不是理性思考的结果，而是善感于外界产生的一以贯之的看法。</p>', '4');
DELETE FROM edu_course_exercise_comment WHERE id='2258077';
INSERT INTO edu_course_exercise_comment (id, path, course_exercise_qa_id, comment) VALUES ('2258077', ',2258077', '2258077', '<p>       （1）文章认为古典诗词意向选择的原则是以思想作为诗词意向选择的主导，并且这种思想不是理性思考的结果，而是善感于外界产生的一以贯之的看法。</p>');
DELETE FROM edu_course_exercise WHERE id='199141';
INSERT INTO edu_course_exercise (id, question_type, course_id, content, easy_error, source, dw_checked, is_pk) VALUES ('199141', '15', '41414141', '<p>       一天，黄老师要求学生背诵课文。才过了五六分钟，几个成绩比较优秀的学生就来找老师背诵，并得到了老师表扬。这时，小伟业要求背诵，几个同学听了哈哈大笑。因为小伟有智力缺陷，思维缓慢，说话不流畅，普通孩子用几秒钟说的一句话，他却需要一两分钟才能讲清楚。黄老师望着小伟涨红的脸，微笑着说：“好的，小伟，你来背，别着急，慢慢来。”小伟用他那特有的发音，一字一句认真地背诵起来。5分钟过去了，小伟一字不差地背完了。黄老师激动地竖起大拇指说：“小伟，你真棒！”教室里响起掌声，小伟的脸上露出了灿烂的笑容。</p>', '', '2018年下半年教师资格证考试《教育教学知识与能力》（小学）题第24题', '1', '0');
DELETE FROM edu_course_exercise_qa WHERE id='2258124';
INSERT INTO edu_course_exercise_qa (id, course_exercise_id, type, question, cando, answer, total_score) VALUES ('2258124', '199141', '15', '<p>（1）结合材料，评析黄老师的做法。</p>', '1', '<p>（1）黄老师的是值得借鉴和学习的。</p><p>首先，黄老师的做法体现了新课程改革的学生观中学生是发展的人，学生是独特的人。材料中，在全班同学不相信小伟能够背诵的时候，黄老师看到了小伟的发展潜能和小伟的独特性，帮助引导小伟正确的背诵。</p><p>其次，黄老师的做法体现了教师观中，新课程要求教师应该是学生学习和发展的促进者。在对待师生关系上，新课程强调尊重、赞赏。在对待教学关系上，新课程强调帮助、引导。材料中，在全班同学哈哈大笑不相信小伟能够背出来的时候，黄老师微笑的面对小伟说“不着急，慢慢来”，并且引导小伟正确的背诵。</p><p>第三，黄老师的做法体现了因材施教的原则。因材施教原则是指根据学生的年龄特征和个性差异进行不同的教育，使每个学生的品德都能得到最好的发展。材料中，黄老师面对智力障碍的小伟，没有用和其他人相同的要求去要求小伟，而是针对小伟的特点针对性的进行教育。</p><p>综上所述，黄老师的做法是值得借鉴和学习的，体现了新课程改革的相关理念。</p>', '10');
DELETE FROM edu_course_exercise_comment WHERE id='2258124';
INSERT INTO edu_course_exercise_comment (id, path, course_exercise_qa_id, comment) VALUES ('2258124', ',2258124', '2258124', '<p>（1）黄老师的是值得借鉴和学习的。</p><p>首先，黄老师的做法体现了新课程改革的学生观中学生是发展的人，学生是独特的人。材料中，在全班同学不相信小伟能够背诵的时候，黄老师看到了小伟的发展潜能和小伟的独特性，帮助引导小伟正确的背诵。</p><p>其次，黄老师的做法体现了教师观中，新课程要求教师应该是学生学习和发展的促进者。在对待师生关系上，新课程强调尊重、赞赏。在对待教学关系上，新课程强调帮助、引导。材料中，在全班同学哈哈大笑不相信小伟能够背出来的时候，黄老师微笑的面对小伟说“不着急，慢慢来”，并且引导小伟正确的背诵。</p><p>第三，黄老师的做法体现了因材施教的原则。因材施教原则是指根据学生的年龄特征和个性差异进行不同的教育，使每个学生的品德都能得到最好的发展。材料中，黄老师面对智力障碍的小伟，没有用和其他人相同的要求去要求小伟，而是针对小伟的特点针对性的进行教育。</p><p>综上所述，黄老师的做法是值得借鉴和学习的，体现了新课程改革的相关理念。</p>');
DELETE FROM edu_course_exercise WHERE id='199142';
INSERT INTO edu_course_exercise (id, question_type, course_id, content, easy_error, source, dw_checked, is_pk) VALUES ('199142', '15', '41414141', '<p>       一（2）班的林老师上完《要下雨了》一课之后，设计了两项作业：（1）请你回家后把小白兔碰到的趣事将给你最喜欢的人听；（2）你还想知道下雨前其它动物的表现吗？可以跟家里人交流一下。第二天，林老师走进教室，学生就纷纷围住她，迫不及待地汇报作业的完成情况，还抢着说：“我好喜欢这个作业哦！”</p>', '', '2018年下半年教师资格证考试《教育教学知识与能力》（小学）题第25题', '1', '0');
DELETE FROM edu_course_exercise_qa WHERE id='2258125';
INSERT INTO edu_course_exercise_qa (id, course_exercise_id, type, question, cando, answer, total_score) VALUES ('2258125', '199142', '15', '<p>（1）结合材料，评析林老师的作业设计。</p>', '1', '<p>（1）该老师布置作业的做法符合以人为本的教育理念，促进学生主观能动性的发挥，值得我们学习。</p><p>①体现了新课改下的学生观。学生是发展的人、独特的人、独立意义的人，教师应该看到学生能够自我发展、自我成长。材料中该教师让学生回家给自己最喜欢的人讲故事，就体现了学生是独立意义的人，发挥了学生的主观能动性。</p><p>②体现了新课改下的教师观。教师是学生学习的促进者，促进学生的全面发展。材料中的作业一是教师通过布置讲故事的作业，培养学生的语言表达能力；作业二是教师布置学生回家跟自己的父母交流动物的其他表现，培养了学生的沟通交往能力，因此体现了教师是促进者的角色。</p><p>③体现了新课改下的教学观。应该坚持教会学生学习，以学生为中心，关注人和重视过程的学习。材料中的两项作业一方面要求学生自己动手操作，主动交流，坚持了以学生为中心和重视过程学习；另一方面通过沟通交流学习，更加注重培养学生的自我学习能力，体现了关注人</p><p>④通过沟通和交流学习，促进学生学习方式的转变，即自主学习、合作学习、探究学习。材料中学生的一项作业是自己讲作业，属于自主学习；另外一项作业是回家跟父母沟通交流，属于合作学习和探究学习。</p><p>⑤通过学生作业建立家校沟通，形成教育合力，帮助学生形成良好的人际关系。教育影响一致性和连贯性原则要求家庭教育、学校教育和社会教育要注意一致性和连贯性，因此布置学生和家长共同完成的作业至关重要。</p><p>因此，材料中的教师布置作业的要求符合新课改的学生观、教师观、教学观、学习方式的改变以及家校沟通的原则。</p>', '10');
DELETE FROM edu_course_exercise_comment WHERE id='2258125';
INSERT INTO edu_course_exercise_comment (id, path, course_exercise_qa_id, comment) VALUES ('2258125', ',2258125', '2258125', '<p>（1）该老师布置作业的做法符合以人为本的教育理念，促进学生主观能动性的发挥，值得我们学习。</p><p>①体现了新课改下的学生观。学生是发展的人、独特的人、独立意义的人，教师应该看到学生能够自我发展、自我成长。材料中该教师让学生回家给自己最喜欢的人讲故事，就体现了学生是独立意义的人，发挥了学生的主观能动性。</p><p>②体现了新课改下的教师观。教师是学生学习的促进者，促进学生的全面发展。材料中的作业一是教师通过布置讲故事的作业，培养学生的语言表达能力；作业二是教师布置学生回家跟自己的父母交流动物的其他表现，培养了学生的沟通交往能力，因此体现了教师是促进者的角色。</p><p>③体现了新课改下的教学观。应该坚持教会学生学习，以学生为中心，关注人和重视过程的学习。材料中的两项作业一方面要求学生自己动手操作，主动交流，坚持了以学生为中心和重视过程学习；另一方面通过沟通交流学习，更加注重培养学生的自我学习能力，体现了关注人</p><p>④通过沟通和交流学习，促进学生学习方式的转变，即自主学习、合作学习、探究学习。材料中学生的一项作业是自己讲作业，属于自主学习；另外一项作业是回家跟父母沟通交流，属于合作学习和探究学习。</p><p>⑤通过学生作业建立家校沟通，形成教育合力，帮助学生形成良好的人际关系。教育影响一致性和连贯性原则要求家庭教育、学校教育和社会教育要注意一致性和连贯性，因此布置学生和家长共同完成的作业至关重要。</p><p>因此，材料中的教师布置作业的要求符合新课改的学生观、教师观、教学观、学习方式的改变以及家校沟通的原则。</p>');
DELETE FROM edu_course_exercise WHERE id='199143';
INSERT INTO edu_course_exercise (id, question_type, course_id, content, easy_error, source, dw_checked, is_pk) VALUES ('199143', '15', '41414141', '<p>请认真阅读下文，并按要求作答。</p><p align="center"><b>6 爬山虎的脚</b></p><p>       学校操场北边墙上满是爬山虎。我家也有爬山虎，从小院的西墙爬上去，在房顶上占了一大片地方。</p><p>       爬山虎刚长出来的叶子是嫩红的，不几天叶子长大，就变成嫩绿的。爬山虎的嫩叶不大引人注意，引人注意的是长大了的叶子。那些叶子绿得那么新鲜，看着非常舒服，叶尖一顺儿朝下，在墙上铺得那么均（jun）匀(yun)，没有重叠起来的，也不留一点儿空(kong)隙。一阵风拂过，一墙的叶子就漾起波纹，好看得很。</p><p><img width="500px" height="337px" src="https://fb.fbstatic.cn/api/tarzan/images/166d8bfab079cd1.png?width=700" /></p><p>       以前我只知道这种植物叫爬山虎，可不知道它怎么能爬。今年我注意了，原来爬山虎是有脚的。爬山虎的脚长在茎(jing)上。茎上长叶柄(bing)的地方，反面伸出枝状的六七根细丝，每根细丝像蜗牛的触角。细丝跟新叶子一样，也是嫩红的。这就是爬山虎的脚。</p><p>       爬山虎的脚触着墙的时候，六七根细丝的头上就变成小圆片，巴住墙。细丝原先是直的，现在弯曲了，把爬山虎的嫩茎拉一把，使它紧贴在墙上。爬山虎就是这样一脚一脚地往上爬。如果你仔细看那些细小的脚，你会想起图画上蛟（jiao）龙的爪子。</p><p>       爬山虎的脚要是没触着墙，不几天就萎了，后来连痕迹也没有了。触着墙的，细丝和小圆片逐渐变成灰色。不要瞧不起那些灰色的脚，那些脚巴在墙上相当牢固，要是你的手指不费一点儿劲，休想拉下爬山虎的一根茎。</p><p>       根据上述材料完成下列任务：</p>', '', '2018年下半年教师资格证考试《教育教学知识与能力》（小学）题第26题', '1', '0');
DELETE FROM edu_course_exercise_qa WHERE id='2258126';
INSERT INTO edu_course_exercise_qa (id, course_exercise_id, type, question, cando, answer, total_score) VALUES ('2258126', '199143', '15', '<p>（1）简要分析本文的结构特点。</p>', '1', '<p>（1）本文是叶圣陶先生写的一篇精读课文。采用了拟人、比喻等修辞手法，语言准确、生动形象。文章根据从整体到部分再到细节的观察顺序，介绍了爬山虎的特点，着重介绍了它的“脚”；细致地描写了爬山虎生长的地方，爬山虎的叶子，爬山虎脚的形状和特点，以及它是如何一步一步往上爬的，观察细腻，激发了学生留心周围事物的意识。</p>', '10');
DELETE FROM edu_course_exercise_comment WHERE id='2258126';
INSERT INTO edu_course_exercise_comment (id, path, course_exercise_qa_id, comment) VALUES ('2258126', ',2258126', '2258126', '<p>（1）本文是叶圣陶先生写的一篇精读课文。采用了拟人、比喻等修辞手法，语言准确、生动形象。文章根据从整体到部分再到细节的观察顺序，介绍了爬山虎的特点，着重介绍了它的“脚”；细致地描写了爬山虎生长的地方，爬山虎的叶子，爬山虎脚的形状和特点，以及它是如何一步一步往上爬的，观察细腻，激发了学生留心周围事物的意识。</p>');
DELETE FROM edu_course_exercise WHERE id='199144';
INSERT INTO edu_course_exercise (id, question_type, course_id, content, easy_error, source, dw_checked, is_pk) VALUES ('199144', '15', '41414141', '<p>请认真阅读下列材料，并按要求做答。<img width="577px" height="359px" src="https://fb.fbstatic.cn/api/tarzan/images/166d9dfa3622172.png?width=700" /></p><p><img width="700px" height="837px" src="https://fb.fbstatic.cn/api/tarzan/images/166d902ac00c4e5.jpg?width=700" /></p>', '', '2018年下半年教师资格证考试《教育教学知识与能力》（小学）题第27题', '1', '0');
DELETE FROM edu_course_exercise_qa WHERE id='2258127';
INSERT INTO edu_course_exercise_qa (id, course_exercise_id, type, question, cando, answer, total_score) VALUES ('2258127', '199144', '15', '<p>（1）什么是分类思想？如何培养学生的分类思想？</p>', '1', '<p>（1）分类思想：分类思想方法不是数学独有的方法，数学的分类思想方法体现对数学对象的分类及其分类的标准。如：三角形的分类，按角分类和按边分类。</p><p>对于一年级的小学生来说，基本都具备了一定的分类知识，对一些简单的物体进行分类并不是一件很困难的事情，重要是要通过分类进一步认识事物之间的内在联系和本质区别。</p><p>首先可以设置直观形象的情景，是把学生带入状态的前提。 因为一年级小学生以具体形象思维为主，并有强烈的好奇心，如果你提供给他分类的对象足够直观，足够引起他的好奇心。</p><p>其次，让学生获得活动体验。小学生对知识的认识更多地依赖经验，因此，我们要让学生自己参与课堂活动，并让课堂活动游戏化， 游戏对儿童的教育有着极为重要的作用。</p><p>再次，引导学生将分类的思想应用到实际生活中去。生活是学生学习最好的教材，很多的数学都是来自于我们的身边的，这也恰恰体现了数学只是紧密联系实际生活的特点。我们前面所说的课堂活动、游戏等就好比是简略版的实际生活。</p>', '10');
DELETE FROM edu_course_exercise_comment WHERE id='2258127';
INSERT INTO edu_course_exercise_comment (id, path, course_exercise_qa_id, comment) VALUES ('2258127', ',2258127', '2258127', '<p>（1）分类思想：分类思想方法不是数学独有的方法，数学的分类思想方法体现对数学对象的分类及其分类的标准。如：三角形的分类，按角分类和按边分类。</p><p>对于一年级的小学生来说，基本都具备了一定的分类知识，对一些简单的物体进行分类并不是一件很困难的事情，重要是要通过分类进一步认识事物之间的内在联系和本质区别。</p><p>首先可以设置直观形象的情景，是把学生带入状态的前提。 因为一年级小学生以具体形象思维为主，并有强烈的好奇心，如果你提供给他分类的对象足够直观，足够引起他的好奇心。</p><p>其次，让学生获得活动体验。小学生对知识的认识更多地依赖经验，因此，我们要让学生自己参与课堂活动，并让课堂活动游戏化， 游戏对儿童的教育有着极为重要的作用。</p><p>再次，引导学生将分类的思想应用到实际生活中去。生活是学生学习最好的教材，很多的数学都是来自于我们的身边的，这也恰恰体现了数学只是紧密联系实际生活的特点。我们前面所说的课堂活动、游戏等就好比是简略版的实际生活。</p>');
DELETE FROM edu_course_exercise WHERE id='199146';
INSERT INTO edu_course_exercise (id, question_type, course_id, content, easy_error, source, dw_checked, is_pk) VALUES ('199146', '15', '41414141', '<p>请认真阅读下列材料，并按要求作答。</p><p><img width="399px" height="340px" src="https://fb.fbstatic.cn/api/tarzan/images/166d8b0f0308f01.png?width=700" /></p><p>请根据上述材料完成下列任务：</p>', '', '2018年下半年教师资格证考试《教育教学知识与能力》（小学）题第29题', '1', '0');
DELETE FROM edu_course_exercise_qa WHERE id='2258129';
INSERT INTO edu_course_exercise_qa (id, course_exercise_id, type, question, cando, answer, total_score) VALUES ('2258129', '199146', '15', '<p>（1）简要分析歌曲的特点。</p>', '1', '<p>（1）这是一首校园童谣，歌曲采用了F大调、3/4拍，这是一首独唱歌曲。音乐情绪优美抒情，表达了少年儿童对小蜻蜓的喜爱和美好的童真童趣。</p><p>从节奏上看，歌曲多使用二分音符、四分音符以及长时值的节奏，音乐较为舒展、优美；</p><p>从旋律上看，歌曲出现了多次四度、五度的音程跳跃，塑造了活泼、阳光的音乐形象。</p>', '10');
DELETE FROM edu_course_exercise_comment WHERE id='2258129';
INSERT INTO edu_course_exercise_comment (id, path, course_exercise_qa_id, comment) VALUES ('2258129', ',2258129', '2258129', '<p>（1）这是一首校园童谣，歌曲采用了F大调、3/4拍，这是一首独唱歌曲。音乐情绪优美抒情，表达了少年儿童对小蜻蜓的喜爱和美好的童真童趣。</p><p>从节奏上看，歌曲多使用二分音符、四分音符以及长时值的节奏，音乐较为舒展、优美；</p><p>从旋律上看，歌曲出现了多次四度、五度的音程跳跃，塑造了活泼、阳光的音乐形象。</p>');
DELETE FROM edu_course_exercise WHERE id='199147';
INSERT INTO edu_course_exercise (id, question_type, course_id, content, easy_error, source, dw_checked, is_pk) VALUES ('199147', '15', '41414141', '<p>请认真阅读下列材料，并按要求作答。</p><p align="center"><img width="399px" height="165px" src="https://fb.fbstatic.cn/api/tarzan/images/166d8b257fd7d1a.png?width=700" /></p><p>       操作方法：两脚自然左右开立与肩同宽，上体稍前倾，两腿屈膝，两臂后举；两臂自然前后预摆，同时两腿随着协调弹性屈伸；起跳时两臂由后向前上方有力摆动，两脚迅速蹬地，充分蹬伸髋、膝、踝关节向前上方跳起，腾空后挺胸、展体、伸髋，使身体尽量伸展；落地前收腹、屈膝、小腿尽量前伸；落地时脚跟先着地，并立刻屈膝缓冲，保持身体平衡。</p><p>请根据上述材料完成下列任务：</p>', '', '2018年下半年教师资格证考试《教育教学知识与能力》（小学）题第30题', '1', '0');
DELETE FROM edu_course_exercise_qa WHERE id='2258130';
INSERT INTO edu_course_exercise_qa (id, course_exercise_id, type, question, cando, answer, total_score) VALUES ('2258130', '199147', '15', '<p>（1）简要说明“立定跳远”的教学重点、难点。</p>', '1', '<p>（1）教学重点：弹性屈伸蹬地有力与快速有力起跳相结合。</p><p>教学难点：上下肢动作协调配合。</p>', '10');
DELETE FROM edu_course_exercise_comment WHERE id='2258130';
INSERT INTO edu_course_exercise_comment (id, path, course_exercise_qa_id, comment) VALUES ('2258130', ',2258130', '2258130', '<p>（1）教学重点：弹性屈伸蹬地有力与快速有力起跳相结合。</p><p>教学难点：上下肢动作协调配合。</p>');
DELETE FROM edu_course_exercise WHERE id='199148';
INSERT INTO edu_course_exercise (id, question_type, course_id, content, easy_error, source, dw_checked, is_pk) VALUES ('199148', '15', '41414141', '<p>请认真阅读下列材料，并按要求作答。</p><p><img width="539px" height="764px" src="https://fb.fbstatic.cn/api/tarzan/images/166f1729f6e74b7.png?width=700" /></p><p><img width="539px" height="764px" src="https://fb.fbstatic.cn/api/tarzan/images/166f172bcb19265.png?width=700" /></p><p>请根据上述材料完成下列任务：</p>', '', '2018年下半年教师资格证考试《教育教学知识与能力》（小学）题第31题', '1', '0');
DELETE FROM edu_course_exercise_qa WHERE id='2258131';
INSERT INTO edu_course_exercise_qa (id, course_exercise_id, type, question, cando, answer, total_score) VALUES ('2258131', '199148', '15', '<p>（1）什么是剪纸的装饰纹样？请列出6种剪纸装饰纹样？</p>', '1', '<p>（1）剪纸的装饰纹样是许多民间剪纸艺人在长期的剪纸实践中总结出来的，用于表现特定事物，美化剪纸块面的装饰纹样。</p><p>纹样：锯齿纹、圆形纹、鱼鳞纹、月牙纹、龙纹、云纹、漩涡纹等。</p>', '10');
DELETE FROM edu_course_exercise_comment WHERE id='2258131';
INSERT INTO edu_course_exercise_comment (id, path, course_exercise_qa_id, comment) VALUES ('2258131', ',2258131', '2258131', '<p>略。<br></p>');
DELETE FROM edu_course_exercise WHERE id='184840';
INSERT INTO edu_course_exercise (id, question_type, course_id, content, easy_error, source, dw_checked, is_pk) VALUES ('184840', '15', '91919191', '<p>T: Could you play games on Internet every evening, boys and girls? </p><p>Ss: Sorry, I couldn&#39;t. </p><p>T: On what day could you play them every week? </p><p>Ss: Only on Saturday and Sunday. </p><p>T: Oh! We could say you could play games twice a week. I could go visit my friends on Monday and Tuesday evenings. So we could say I could go visit my friends twice a week. What does TWICE here mean? </p><p>Ss: It means“两次”. </p><p>T: Great! Then you will be divided into groups, four in one group, to make as many sentences as possible by &quot;Could you...every week?&quot; and &quot;twice a week&quot;. After 5 minutes, I&#39;ll invite one speaker out of each group to present in class.</p><p>下列教学片段选自某一高中课堂实录，阅读后回答问题：</p>', '', '2013年下半年教师资格证考试《高中英语》题（精选）第22题', '1', '0');
DELETE FROM edu_course_exercise_qa WHERE id='2021036';
INSERT INTO edu_course_exercise_qa (id, course_exercise_id, type, question, cando, answer, total_score) VALUES ('2021036', '184840', '15', '<p>（1）该片断反映了教学中哪两个环节？ </p>', '1', '<p>（1）教学环节主要包括课堂导入（Lead-in）、新知呈现（Presentation）、巩固练习（Practice）。总结与作业（Summary and Homework）等环节，该片段属于教学环节中的新知呈现和巩固练习阶段。</p>', '10');
DELETE FROM edu_course_exercise_qa WHERE id='2021036340';
INSERT INTO edu_course_exercise_qa (id, course_exercise_id, type, question, cando, answer, total_score) VALUES ('2021036340', '184840', '15', '<p>（2）分析这两个教学环节的目的。</p>', '1', '<p>（2）新知呈现的目的：在知识呈现中，教师明确话题、语音结构目标及语言的功能，学生学习目标明确，有意识学习、吸收目标语言结构。</p><p>巩固练习的目的：在该步骤中，学生在某一特定话题下，通过机械性练习，不断强化某一或某些语言结构和词汇。</p>', '10');
DELETE FROM edu_course_exercise_qa WHERE id='20210363408';
INSERT INTO edu_course_exercise_qa (id, course_exercise_id, type, question, cando, answer, total_score) VALUES ('20210363408', '184840', '15', '<p>（3）从教学有效性的角度评价这个教学片段（至少写两个要点）。</p>', '1', '<p>（3）有效教学是教师遵循教学活动的客观规律，以最优的过程和最大的效率、效益促进学生在知识技能、过程方法、情感态度与价值观“三维目标”上获得整合、协调、可持续的进步与发展，为有效实现预期的教学目标，满足社会和个人的教育价值需求而组织的教学活动。</p><p>①在该教学片段中，教师通过与学生生活相关的问题进行导入，进而呈现twice这个词的意义及用法，有利于培养学生兴趣，调动学生的学习积极性，从而提高学生的学习效率。</p><p>②教师采用小组活动的形式，让学生在学习知识的同时，锻炼了合作学习精神。</p>', '10');
DELETE FROM edu_course_exercise_comment WHERE id='2021036';
INSERT INTO edu_course_exercise_comment (id, path, course_exercise_qa_id, comment) VALUES ('2021036', ',2021036', '2021036', '<p>（1）教学环节主要包括课堂导入（Lead-in）、新知呈现（Presentation）、巩固练习（Practice）。总结与作业（Summary and Homework）等环节，该片段属于教学环节中的新知呈现和巩固练习阶段。</p>');
DELETE FROM edu_course_exercise_comment WHERE id='2021036340';
INSERT INTO edu_course_exercise_comment (id, path, course_exercise_qa_id, comment) VALUES ('2021036340', ',2021036340', '2021036340', '<p>（2）新知呈现的目的：在知识呈现中，教师明确话题、语音结构目标及语言的功能，学生学习目标明确，有意识学习、吸收目标语言结构。</p><p>巩固练习的目的：在该步骤中，学生在某一特定话题下，通过机械性练习，不断强化某一或某些语言结构和词汇。</p>');
DELETE FROM edu_course_exercise_comment WHERE id='20210363408';
INSERT INTO edu_course_exercise_comment (id, path, course_exercise_qa_id, comment) VALUES ('20210363408', ',20210363408', '20210363408', '<p>（3）有效教学是教师遵循教学活动的客观规律，以最优的过程和最大的效率、效益促进学生在知识技能、过程方法、情感态度与价值观“三维目标”上获得整合、协调、可持续的进步与发展，为有效实现预期的教学目标，满足社会和个人的教育价值需求而组织的教学活动。</p><p>①在该教学片段中，教师通过与学生生活相关的问题进行导入，进而呈现twice这个词的意义及用法，有利于培养学生兴趣，调动学生的学习积极性，从而提高学生的学习效率。</p><p>②教师采用小组活动的形式，让学生在学习知识的同时，锻炼了合作学习精神。</p>');
DELETE FROM edu_course_exercise WHERE id='184848';
INSERT INTO edu_course_exercise (id, question_type, course_id, content, easy_error, source, dw_checked, is_pk) VALUES ('184848', '15', '91919191', '<p>     教学片段: </p><p>     Teacher: Hello，everyone，today we’re going to learn the Present Perfect. What is the Present Perfect? The Present Perfect is a grammatical combination of the present tense and the perfect aspect，used to express a past event that has present consequences. For example: </p><p>    I have already finished my homework.</p><p>   She has worked out a plan.</p><p>   As you can see, the Present Perfect is made up of two parts: have past principle (done)…(Then the teacher began to illustrate different usages of the Present Perfect.)</p><p>根据题目要求完成下列任务，用中文作答。</p><p>下面是一段初中英语课堂实录片段。阅读后回答下列四个问题: </p>', '', '2013年下半年教师资格证考试《初中英语》题第32题', '1', '0');
DELETE FROM edu_course_exercise_qa WHERE id='2021146';
INSERT INTO edu_course_exercise_qa (id, course_exercise_id, type, question, cando, answer, total_score) VALUES ('2021146', '184848', '15', '<p>（1）该教学片段采用什么方法呈现语法项目?</p>', '1', '<p>      （1）该教学片段采用的是直接法（Direct Method）来呈现语法项目。</p><p>直接法是十九世纪下半叶始于西欧的外语教学改革运动的产物。要求外语与思想直接联系，绝对不使用本族语，即完全不借助于翻译。</p>', '6');
DELETE FROM edu_course_exercise_qa WHERE id='2021146103';
INSERT INTO edu_course_exercise_qa (id, course_exercise_id, type, question, cando, answer, total_score) VALUES ('2021146103', '184848', '15', '<p>（2）你的判断依据是什么（至少2条）?</p>', '1', '<p>     （2）判断依据有以下几点：1.教师直接向学生解释现在完成时的定义。2.教师没有借助本族语，而是先举例子，然后直接讲授现在完成时的构成。3.给出现在完成时的构成后，教师接着讲授现在完成时的不同用法。</p>', '12');
DELETE FROM edu_course_exercise_qa WHERE id='2021146103638';
INSERT INTO edu_course_exercise_qa (id, course_exercise_id, type, question, cando, answer, total_score) VALUES ('2021146103638', '184848', '15', '<p>（3）分析该方法的利弊（至少各2条），并举例说明。</p>', '1', '<p>     （3）直接法的利弊分析</p><p>直接法好处在于：1.强调直接学习和直接应用，注重语言实践练习，学生学习积极性高，学习兴趣浓厚。如教师直接给出现在完成时的定义、构成和用法，能帮学生扎实而准确的掌握现在完成时。2.采用直观举例，教师通过类比法得出现在完成时的构成，有助于培养学生的归纳总结能力和运用外语思维的能力。如讲解现在完成时的构成时举例，学生顺着教师的思维去仔细观察和归纳总结。 </p><p>直接法的不足在于：1.排斥母语，使学生对一些抽象和复杂的概念难以理解。如该教学片段中教师采用全英教学，但语法概念的掌握及其使用复杂且抽象，学生很难真正理解。2. 在初中英语教学条件下，偏重了实际掌握语言，而对发展智能方面则注重不够，忽视了学生的主体地位。如学生没有思考和推导的过程，整个教学环节都是教师在讲授。 </p>', '8');
DELETE FROM edu_course_exercise_qa WHERE id='2021146103709';
INSERT INTO edu_course_exercise_qa (id, course_exercise_id, type, question, cando, answer, total_score) VALUES ('2021146103709', '184848', '15', '<p>（4）分析该教学片段所存在的问题。</p>', '1', '<p>    （4）该教学片段存在的问题是：1.采用直接法，教师是课堂的中心和焦点，整个课堂只有教师的教，而没有学生的参与，忽视了学生的主观能动性，没有突出其主体地位。2.整个语法过程没有教学活动，由于语法的学习本身抽象且枯燥，而初中学生活泼好动，注意力难以集中，该课堂可能无法吸引学生，达到预设的教学效果。3.该教学片段在教授现在完成时的构成时，列举了例子，但是是教师直接从例子中得出了现在完成时构成。教师可引导学生根据例子，自己分析出构成。这样有助于学生对知识的掌握和记忆，还能调动学生的学习积极性。 </p>', '4');
DELETE FROM edu_course_exercise_comment WHERE id='2021146';
INSERT INTO edu_course_exercise_comment (id, path, course_exercise_qa_id, comment) VALUES ('2021146', ',2021146', '2021146', '<p>      （1）该教学片段采用的是直接法（Direct Method）来呈现语法项目。</p><p>直接法是十九世纪下半叶始于西欧的外语教学改革运动的产物。要求外语与思想直接联系，绝对不使用本族语，即完全不借助于翻译。</p>');
DELETE FROM edu_course_exercise_comment WHERE id='2021146103';
INSERT INTO edu_course_exercise_comment (id, path, course_exercise_qa_id, comment) VALUES ('2021146103', ',2021146103', '2021146103', '<p>     （2）判断依据有以下几点：1.教师直接向学生解释现在完成时的定义。2.教师没有借助本族语，而是先举例子，然后直接讲授现在完成时的构成。3.给出现在完成时的构成后，教师接着讲授现在完成时的不同用法。</p>');
DELETE FROM edu_course_exercise_comment WHERE id='2021146103638';
INSERT INTO edu_course_exercise_comment (id, path, course_exercise_qa_id, comment) VALUES ('2021146103638', ',2021146103638', '2021146103638', '<p>     （3）直接法的利弊分析</p><p>直接法好处在于：1.强调直接学习和直接应用，注重语言实践练习，学生学习积极性高，学习兴趣浓厚。如教师直接给出现在完成时的定义、构成和用法，能帮学生扎实而准确的掌握现在完成时。2.采用直观举例，教师通过类比法得出现在完成时的构成，有助于培养学生的归纳总结能力和运用外语思维的能力。如讲解现在完成时的构成时举例，学生顺着教师的思维去仔细观察和归纳总结。 </p><p>直接法的不足在于：1.排斥母语，使学生对一些抽象和复杂的概念难以理解。如该教学片段中教师采用全英教学，但语法概念的掌握及其使用复杂且抽象，学生很难真正理解。2. 在初中英语教学条件下，偏重了实际掌握语言，而对发展智能方面则注重不够，忽视了学生的主体地位。如学生没有思考和推导的过程，整个教学环节都是教师在讲授。 </p>');
DELETE FROM edu_course_exercise_comment WHERE id='2021146103709';
INSERT INTO edu_course_exercise_comment (id, path, course_exercise_qa_id, comment) VALUES ('2021146103709', ',2021146103709', '2021146103709', '<p>    （4）该教学片段存在的问题是：1.采用直接法，教师是课堂的中心和焦点，整个课堂只有教师的教，而没有学生的参与，忽视了学生的主观能动性，没有突出其主体地位。2.整个语法过程没有教学活动，由于语法的学习本身抽象且枯燥，而初中学生活泼好动，注意力难以集中，该课堂可能无法吸引学生，达到预设的教学效果。3.该教学片段在教授现在完成时的构成时，列举了例子，但是是教师直接从例子中得出了现在完成时构成。教师可引导学生根据例子，自己分析出构成。这样有助于学生对知识的掌握和记忆，还能调动学生的学习积极性。 </p>');
DELETE FROM edu_course_exercise WHERE id='184866';
INSERT INTO edu_course_exercise (id, question_type, course_id, content, easy_error, source, dw_checked, is_pk) VALUES ('184866', '15', '91919191', '<p>【片段一】</p><p>S1:Have you ever been to Paris.</p><p>S2:No. I haven’t. Have you?</p><p>S1:Yes. It’s wonderful.</p><p>S2:How long did you stayed?</p><p>S1:One week.</p><p>S2:The buildings are beautiful, yes?</p><p>S1:Yes, and the streets…the river…</p><p>S2:Ah. Have you ever been in Rome?</p><p>【片段二】</p><p>S1:Is the Neon bigger than the Chevy?</p><p>S2:Yes, it is. Is the Lexus cheap than…</p><p>T:Cheap…</p><p>S2:Is the Lexus cheaper than the Chevy？</p><p>S3:No, it isn’t. Is the Lexus faster than the Neon？</p><p>S4:Yes, it is. Is prettier the Neon…</p><p>T:Is the…</p><p>下列两个教学片段选自某初中课堂实录，阅读后回答问题：</p>', '', '2013年上半年教师资格证考试《初中英语》题（精选）第26题', '1', '0');
DELETE FROM edu_course_exercise_qa WHERE id='2021320';
INSERT INTO edu_course_exercise_qa (id, course_exercise_id, type, question, cando, answer, total_score) VALUES ('2021320', '184866', '15', '<p>（1）哪一个片段属于准确性训练，哪一个片段属于流利性训练？</p>', '1', '<p>      （1）片段一属于流利性训练。片段二属于准确性训练。</p>', '6');
DELETE FROM edu_course_exercise_qa WHERE id='20213207';
INSERT INTO edu_course_exercise_qa (id, course_exercise_id, type, question, cando, answer, total_score) VALUES ('20213207', '184866', '15', '<p>（2）你的判断依据是什么？</p>', '1', '<p>      （2）片段一属于流利性训练，语段中出现了语法错误，如How long did you stayed?明显不符合语法规范，但教师并没有打断学生的对话来纠正错误，可见其侧重的是对语言流利性的训练，而非语言精确性训练。</p><p>　　片段二属于准确性训练，学生出现了语法错误后，教师立刻打断学生，通过反问来提醒学生，使学生能够及时纠正。如S2：Yes. it is. Is the Lexus cheap than…T：Cheap…S2：Is the Lexus cheaper than the Chevy?由此可见此段侧重对语言的准确性训练，而弱化了流利性，所以属于准确性训练。</p>', '12');
DELETE FROM edu_course_exercise_qa WHERE id='20213207629';
INSERT INTO edu_course_exercise_qa (id, course_exercise_id, type, question, cando, answer, total_score) VALUES ('20213207629', '184866', '15', '<p>（3）准确性训练和流利性训练对语言学习而言各有何利弊？</p>', '1', '<p>　　（3）流利性训练利：一口流利的英语能够表明学生口语练习的结果，增强其自信心。</p><p>弊：若过分强调流利性，而忽视语法错误，可能会经常出现broken English，语法单复数等错误，导致影响其英语写作，使得讲出来的英语没有质感。</p><p>　　准确性训练利：使学生在说英语时随时注意语法单复数等，使其在语言表达上精确恰当。</p><p>弊：因为太关注准确性，时常会因纠正错误而导致口语不流利，从而导致学生因为常犯错误而自信心下降。既会影响课堂教学进度又易使学生产生厌学情绪。</p>', '12');
DELETE FROM edu_course_exercise_comment WHERE id='2021320';
INSERT INTO edu_course_exercise_comment (id, path, course_exercise_qa_id, comment) VALUES ('2021320', ',2021320', '2021320', '<p>      （1）片段一属于流利性训练。片段二属于准确性训练。</p>');
DELETE FROM edu_course_exercise_comment WHERE id='20213207';
INSERT INTO edu_course_exercise_comment (id, path, course_exercise_qa_id, comment) VALUES ('20213207', ',20213207', '20213207', '<p>      （2）片段一属于流利性训练，语段中出现了语法错误，如How long did you stayed?明显不符合语法规范，但教师并没有打断学生的对话来纠正错误，可见其侧重的是对语言流利性的训练，而非语言精确性训练。</p><p>　　片段二属于准确性训练，学生出现了语法错误后，教师立刻打断学生，通过反问来提醒学生，使学生能够及时纠正。如S2：Yes. it is. Is the Lexus cheap than…T：Cheap…S2：Is the Lexus cheaper than the Chevy?由此可见此段侧重对语言的准确性训练，而弱化了流利性，所以属于准确性训练。</p>');
DELETE FROM edu_course_exercise_comment WHERE id='20213207629';
INSERT INTO edu_course_exercise_comment (id, path, course_exercise_qa_id, comment) VALUES ('20213207629', ',20213207629', '20213207629', '<p>　　（3）流利性训练利：一口流利的英语能够表明学生口语练习的结果，增强其自信心。</p><p>弊：若过分强调流利性，而忽视语法错误，可能会经常出现broken English，语法单复数等错误，导致影响其英语写作，使得讲出来的英语没有质感。</p><p>　　准确性训练利：使学生在说英语时随时注意语法单复数等，使其在语言表达上精确恰当。</p><p>弊：因为太关注准确性，时常会因纠正错误而导致口语不流利，从而导致学生因为常犯错误而自信心下降。既会影响课堂教学进度又易使学生产生厌学情绪。</p>');
DELETE FROM edu_course_exercise WHERE id='184948';
INSERT INTO edu_course_exercise (id, question_type, course_id, content, easy_error, source, dw_checked, is_pk) VALUES ('184948', '15', '51515151', '<p>       汤老师接手3班班主任一个月了，他在课间经常把做作业的同学“撵”出教室，还异想天开地让学生自主设计去世界文化遗产的考察路线，让学生模仿在联合国发言，让学生设计一次公益募捐的方案…</p><p>       就在其他老师议论汤老师的这些做法时，他又在“折腾”分层教学。现在他需要投入更多的时间和精力进行准备。上课要同时兼顾班上多个小组的学习状态……有老师建议她少“折腾”，还说：“你关注大多数学生就行了，何必那么费劲。再说即使你这样辛苦也不一定保证每个学生都能学好。”汤老师依然坚持他的做法，在经过多次实验后，他慢慢发现，分层教学还有很多窍门，比如可以把分层教学与“小先生制”结合起来，可以让学生自己总结所学所思所得。例如在学完《屈原》之后，学生交上来的作业有读后感，有续写，改写，有诗歌、图画，短剧，角度多样，观点鲜明，一段时间之后，当老师发现学生越来越乐于在作业中另辟蹊径的表达自己的想法。</p>', '', '2016年下半年教师资格证考试《综合素质》（中学）题第30题', '1', '0');
DELETE FROM edu_course_exercise_qa WHERE id='2023872';
INSERT INTO edu_course_exercise_qa (id, course_exercise_id, type, question, cando, answer, total_score) VALUES ('2023872', '184948', '15', '<p>请结合材料，从学生观的角度，评析汤老师的行为。</p>', '1', '<p>       汤老师的做法践行了“以人为本”的学生观，是值得我们学习的。（1分）</p><p>       首先，“以人为本”的学生观强调学生是发展的人，学生具有巨大的发展潜能，教师要坚信每个学生都是可以积极成长的，是有培养前途的，是可以获得成功的。材料中，汤老师让学生主动学习，设计方案，把学生看成了发展的人，注重到了学生的能力看到了学生未来的发展潜力。（3分）</p><p>       其次，“以人为本”的学生观强调学生是具有独立意义的人，教师必须尊重学生的个体独立性，发挥学生的主体性作用。材料中，汤老师让学生自主设计考察路线，实行“小先生制”让学生自己总结所思所想，践行了学生是认识的主体、实践的主体和发展的主体。（3分）</p><p>       再次，“以人为本”的学生观强调学生是独特的人，每个学生都有自身的独特性。材料中，学生交上来的作业类型各不相同，有读后感、改写、诗歌等，角度多样，观点鲜明，并且能“另辟蹊径”的表达自己的想法，说明汤老师尊重学生独特性的因材施教产生了良好的效果。（3分）</p><p>       最后，坚持以人为本，必须做到教育公正，面向全体学生。材料中，汤老师在面对其他老师质疑的时候还是坚持自己的看法，注重全体学生，关注多个学习小组，促进了所有学生的发展。（3分）</p><p>        因此，教师在教学中要践行“以人为本”的学生观，面向全体学生，把学生看作是发展的人、独特的人、具有独立意义的人。（1分）</p>', '14');
DELETE FROM edu_course_exercise_comment WHERE id='2023872';
INSERT INTO edu_course_exercise_comment (id, path, course_exercise_qa_id, comment) VALUES ('2023872', ',2023872', '2023872', '<p>第一：从问题出发寻找答题点，本题的答题点是教师职业理念的内容，并且题目中指明从学生观角度，评析汤老师的行为。第二：回忆学生观的相关内容，包括以人为本的学生观、教育公正、促进学生共同发展和全面发展。第三：回到材料寻找与这三个方面内容相匹配的答题点；第四：按照总-分-总的结构合理组织语言。</p>');
DELETE FROM edu_course_exercise WHERE id='184950';
INSERT INTO edu_course_exercise (id, question_type, course_id, content, easy_error, source, dw_checked, is_pk) VALUES ('184950', '15', '51515151', '<p>       刚参加工作的夏老师，承担高中一年级的英语教学。第一次上课时，夏老师正用英语做自我介绍，其他同学都在认真的听，唯独坐在第一排的一个男生没有抬头。夏老师注意到他正在看一本英文小说，他虽有些不快，但也未多想，就开始教学，夏老师朗读课文的时候，发现那个男生根本就没有把课本拿出来，要不要提醒他呢？夏老师一分神，结果读错了一个单词。“切！”那个男生发出了不屑的声音，夏老师感觉特别尴尬，上课也没了状态，课后夏老师从别的老师那里了解到，这个男生叫李奇，曾经因父母工作的关系在国外上了几年学，英语水平已经很高了。</p><p>       夏老师向有经验的老师请教，并主动找到李奇交流。老师了解到李奇非常喜欢外国文学。于是，夏老师找来许多最新原版英文书籍，认真阅读、思考，并利用课外时间与李奇交流心得，渐渐地，李奇也喜欢主动找夏老师交流。夏老师让李奇担任班级英语课代表，还鼓励他在班上积极分享阅读体会和学习经验，一段时间后，夏老师发现，李奇不仅在课堂上积极发言，还主动带领其他同学一起学习，整个班级学习英语的氛围越来越浓厚了。</p>', '', '2016年下半年教师资格证考试《综合素质》（中学）题第31题', '1', '0');
DELETE FROM edu_course_exercise_qa WHERE id='2023878';
INSERT INTO edu_course_exercise_qa (id, course_exercise_id, type, question, cando, answer, total_score) VALUES ('2023878', '184950', '15', '<p>请结合材料，从教师职业道德角度，评析夏老师的教育行为。</p>', '1', '<p>        夏老师的做法符合中小学教师职业道德规范的相关要求，是值得我们学习的。（2分）</p><p>        首先，夏老师的做法体现了关爱学生。指关心爱 护全体学生，尊重学生人格，平等公正对待学生，对学生严慈相济，做学生良师益友，关心学生健康，维护学生权益。不讽刺、挖苦、歧视学生，不体罚或变相体罚学生。材料中，夏老师注意到了李奇同学的表现，并主动与他沟通交流，了解他的特点，鼓励和全班同学分享，促进了学生的发展，做到了关爱学生。（4分）</p><p>       其次，夏老师的做法体现了教书育人。教书育人指遵循教育规律，实施素质教育。循循善诱，诲人不倦，因材施教。培养学生良好品行，激发学生创新精神，促进学生全面发展。材料中，夏老师面对这种特殊学生时能够遵循教育规律，针对学生的特点因材施教，选择了恰当的方法，激发了学生的学习主动性。（4分）</p><p>        最后，夏老师的做法还体现了终身学习。终身学习是指崇尚科学精神，树立终身学习理念，拓宽知识视野，更新知识结构。潜心钻研业务，勇于探索创新，不断提高专业素养和教育教学水平。材料中，夏老师找来许多原版的英文书籍，在阅读和思考的过程中促进了自身的进步，拓宽了自身的知识视野，与学生实现了共同进步，教学相长。（3分）</p><p>        因此，教师在教学中要践行教师职业道德，做到关爱学生、教书育人、爱岗敬业、终身学习。（1分）</p><p>        注：（为人师表、爱岗敬业可酌情给分）</p>', '14');
DELETE FROM edu_course_exercise_comment WHERE id='2023878';
INSERT INTO edu_course_exercise_comment (id, path, course_exercise_qa_id, comment) VALUES ('2023878', ',2023878', '2023878', '<p>第一，从问题出发寻找答案点，本题的答题点是《中小学教师职业道德规范》的内容；第二，回忆《中小学教师职业道德规范》的内容；第三，回到材料中寻找与《中小学教师职业道德规范》内容相匹配的答题点；第四，按照总-分-总的结构合理组织语言。</p>');
DELETE FROM edu_course_exercise WHERE id='184952';
INSERT INTO edu_course_exercise (id, question_type, course_id, content, easy_error, source, dw_checked, is_pk) VALUES ('184952', '15', '51515151', '<p>        影视产品挤压纸媒读物是当下一个明显趋势，正推动文化生态的剧烈演变。前者传播快，受众广，声色并茂，还原如真，具有文字所缺乏的诸多优越，不能不使写作者们疑惑：文学是否已成为夕阳？</p><p>       没错，如果文字只是用来记录实情、实景、实物、实事，这样的文学确实已遭遇强大对手，落入螳臂挡车之势，出局似乎是迟早的事。不过，再想一想就会发现，文学从不限于实录，并非某种分镜头脚本。优秀的文学实外有虚，实中寓虚，虚实相济，虚实相生，常有<u>镜头够不着的地方</u>。钱锺书先生早就说过：任何比喻都是画不出来的。说少年被“爱神之箭”射中，你怎么画？画一支血淋淋的箭穿透心脏？今人同样可以质疑：说恋爱者在“放电”，你怎么画？画一堆变压器、线圈、插头？</p><p>       画不出来，就是拍摄不出来，就是意识的非图景化。其实，不仅比喻，文学中任何精彩的修辞，任何超现实的个人感觉，表现于节奏、色彩、韵味、品相的相机把握，引导出缺略、跳跃、拼接、置换的变化多端，使一棵树也可能有上千种表达，总是令拍摄者为难，没法用镜头来精确地追踪。在另一方面，文字的感觉化之外还有文字的思辨化。钱先生未提到的是：人是高智能动物，对事物总是有智性理解，有抽象认知，有归纳、演绎、辩证、玄思等各种精神高蹈。所谓“白马非马”，具体的白马或黑马或可入图，抽象的“马”却不可入图；即便拿出一个万马图，但“动物”、“生命”、“物质”、“有”等更高等级的相关概念，精神远行的诸多妙门，还是很难图示和图解，只能交付文字来管理。若没有文字，脑子里仅剩一堆乱糟糟的影像，人类的意识活动岂不会滑入幼儿化、动物化、白痴化？</p><p>       可见有了这两条，写作者大可放下心来，即便撞上屏幕上的声色爆炸，汉语写作的坚守、发展、实验也并非多余。恰恰相反，文字与图像互为隐形推手。一种强旺的文学成长，在这个意义上倒是优质影视生产不可或缺的重要条件。</p><p>（摘编自韩少功《镜头够不着的地方》）</p>', '', '2016年下半年教师资格证考试《综合素质》（中学）题第32题', '1', '0');
DELETE FROM edu_course_exercise_qa WHERE id='2023886';
INSERT INTO edu_course_exercise_qa (id, course_exercise_id, type, question, cando, answer, total_score) VALUES ('2023886', '184952', '15', '<p>（1）文中划线处“镜头够不着的地方”指的是什么？请简要概括。 </p>', '1', '<p>      （1）文学实外有虚，实中寓虚，虚实相济，虚实相生，文学中的修辞、超现实的个人感觉，文字的思辨化，这些常是镜头够不到的地方（4分）</p>', '4');
DELETE FROM edu_course_exercise_qa WHERE id='202388695';
INSERT INTO edu_course_exercise_qa (id, course_exercise_id, type, question, cando, answer, total_score) VALUES ('202388695', '184952', '15', '<p>（2）如何理解文中认为的“文字与图像互为隐形推手”？请结合文本具体分析。 </p>', '1', '<p>      （2）文字与图像互为隐形推手，指文字与图像可以相互弥补，强旺的文学可以促进优质影视的产生。影视传播快、受众广，声情并茂，具有文字所缺乏的优势。文字中描述的精彩的修辞，超现实的个人感觉，一些事物跳跃、拼接、置换的变化多端，无法用镜头去精准地追踪，这时候文字就可以描述出来；另外一些影像中的相关概念，很难用图示和图解，只能交付文字来管理，如果没有文字的描述，脑子里仅剩下一堆乱糟糟的影响。所以二者可以相互弥补、相辅相成。</p>', '10');
DELETE FROM edu_course_exercise_comment WHERE id='2023886';
INSERT INTO edu_course_exercise_comment (id, path, course_exercise_qa_id, comment) VALUES ('2023886', ',2023886', '2023886', '<p>（1）细节理解题：寻找文段中的关键词，本题问的是“镜头够不着的地方”，结合上下文进行作答。</p>');
DELETE FROM edu_course_exercise_comment WHERE id='202388695';
INSERT INTO edu_course_exercise_comment (id, path, course_exercise_qa_id, comment) VALUES ('202388695', ',202388695', '202388695', '<p>（2）概括总结题：在文中找到“文字与图像互为隐形推手”所在的位置，联系前后文段，找到能解释这句话意思的句子，结合文段阐释对这句话的理解。</p>');
DELETE FROM edu_course_exercise WHERE id='184956';
INSERT INTO edu_course_exercise (id, question_type, course_id, content, easy_error, source, dw_checked, is_pk) VALUES ('184956', '15', '31313131', '<p>       四（1）班王红的语文、英语两科成绩都很好，唯独数学差，用她自己的话说：“我爸妈小时候数学都不好，遗传！”</p><p>       刚接这个班数学课的张老师很惋惜，她想：怎样让王红爱学数学、会学数学呢？在全面了解王红的学习状况之后，张老师决定从习得学习方法、清除数学畏惧入手帮助王红。</p><p>       张老师先是和王红一起总结语文与英语的学习方法，归纳其中相通的地方，指导王红尝试将其应用在数学学习上。课堂上，张老师提问王红时，会将复杂的问题分解成一个个小问题，适当进行启发，并给王红提供机会说出解题思路，逐渐地提高了王红的听课效果。</p><p>       在操作性学习活动中，王红常常不知如何下手。针对这些问题，张老师一方面鼓励王红大胆操作，不要怕犯错误，另一方面教给她具体的操作方法，引导她逐步体验、渐入佳境。</p><p>       当作业难度较大时，张老师便给王红搭一个“脚手架”，设计较容易的题目让她先完成，然后找到题目之间的联系，最终完成作业。对于王红的作业，张老师采用面批的形式，及时反馈，以便王红适时改进。</p><p>      经过张老师和王红的共同努力，王红数学成绩大幅度提高，王红再也不说自己“学不好数学”了。</p>', '', '2016年下半年教师资格证考试《综合素质》（小学）题第30题', '1', '0');
DELETE FROM edu_course_exercise_qa WHERE id='2023956';
INSERT INTO edu_course_exercise_qa (id, course_exercise_id, type, question, cando, answer, total_score) VALUES ('2023956', '184956', '15', '<p>请结合材料，从学生观的角度，评析张老师的教育行为。</p>', '1', '<p>材料中数学老师的做法是恰当的，符合学生观的要求，是值得学习的。</p><p>首先，“以人为本”的学生观强调，学生是发展的人。每个学生都是具有发展潜能的，处在发展过程中的学生，有能力，也会有问题，但一直是不断发展的。材料中，数学老师面对数学成绩并不好的王红，想办法帮助她提高成绩，最终使其成绩大幅度提高，促进了其发展。</p><p>其次，“以人为本”的学生观强调，学生是独特的人。每个人都有自身的独特性，教师要做到因材施教。材料中，数学老师面对语文、英语成绩都很好的王红，并没有放弃，而是总结适合王红的方法去帮助她学好数学，是一种有针对性的教育。</p><p>最后，新课改背景下的学生观强调，在教育过程中要公平对待每一个学生，面向全体学生，不放弃每一个学生。材料中，面对数学成绩不好的王红，数学老师不离不弃，耐心地帮助她学习数学，使她不仅成绩提高了，也自信了很多。</p><p>因此，作为教师，要贯彻“以人为本”的学生观。关心热爱每一个学生，做到因材施教，同时要以发展的眼光看待学生的现有问题，促进学生不断发展。</p>', '14');
DELETE FROM edu_course_exercise_comment WHERE id='2023956';
INSERT INTO edu_course_exercise_comment (id, path, course_exercise_qa_id, comment) VALUES ('2023956', ',2023956', '2023956', '<p>第一，从问题出发寻找答题点，本题的答题点是教师职业理念的内容，并且题目中指明从学生观角度评析张老师的行为；第二，回忆学生观的相关内容，包括以人为本的学生观、教育公正、促进学生共同发展和全面发展；第三，回到材料寻找与这三个方面内容相匹配的答题点；第四，按照总—分—总的结构合理组织语言。</p>');
DELETE FROM edu_course_exercise WHERE id='184958';
INSERT INTO edu_course_exercise (id, question_type, course_id, content, easy_error, source, dw_checked, is_pk) VALUES ('184958', '15', '31313131', '<p>       学校组织秋游，关老师带领学生到动物园参观。大家参观猴山时发现老猴子抢小猴子的东西吃，于是纷纷议论道：“老猴子怎么抢小猴子的东西吃呢？” “它怎么不爱护小猴子呢？” “猴子又不是人，人有时候也会抢东西吃。”…… 听着同学们的议论，关老师若有所思.</p><p>      返校后，关老师组织全班同学进行讨论，同学们踊跃发言.</p><p>      “老猴子抢小猴子东西吃就是不对。”</p><p>      “《动物世界》里面说，这是动物的生存竞争，属于动物的本能，无所谓好坏。”</p><p>      “动物间可以这样，我们人可不能这样！”</p><p>       关老师赞同道：“对！动物之间可以抢东西吃，而人不能，因为人类社会是讲文明的，我们要尊老爱幼。”</p><p>      小松站起来追问道：“有的人捕杀猴子，卖到酒店去。他们这样做，对吗？”</p><p>       关老师回答：“他们这样做是不对的，爱护动物是我们每一个人的责任，我们不能仅停留在保护动物的口号上，而应思考如何与动物和谐相处，做一个负责任、有爱心的人。” </p>', '', '2016年下半年教师资格证考试《综合素质》（小学）题第31题', '1', '0');
DELETE FROM edu_course_exercise_qa WHERE id='2023958';
INSERT INTO edu_course_exercise_qa (id, course_exercise_id, type, question, cando, answer, total_score) VALUES ('2023958', '184958', '15', '<p>请结合材料，从教师职业道德的角度，评析关老师的教育行为。</p>', '1', '<p>材料中关老师的行为符合中小学教师职业道德规范的相关要求，是值得我们学习的。</p><p>首先，关老师的行为体现了关爱学生。关爱学生要求教师关爱全体学生，公正平等地对待每一位学生，做学生的良师益友，保障学生身心健康。材料中关老师在听到大家讨论“猴子抢东西”的话题时，若有所思，最终以集体讨论的方式给同学们上了生动的一课。这些都说明老师在教学过程中关注全体学生，做学生的良师益友。</p><p>其次，关老师的行为体现了教书育人。教书育人要求教师遵循教育规律，实施素质教育。循循善诱，诲人不倦，注意培养学生良好品行。材料中关老师面对大家的疑惑，积极组织学生讨论，最终让学生明白人类社会应该是尊老爱幼的，让学生以后做一个有责任心、有爱心的人。</p><p>最后，关老师的行为体现了爱岗敬业。爱岗敬业要求教师忠于人民教育事业，乐于奉献，工作时认真负责。材料中关老师在课外活动中，关注学生的想法，返校后又组织学生积极讨论，引导学生形成正确的价值观。这都说明老师对学生、对工作高度负责。</p><p>综上所述，关老师的行为符合教师职业道德规范，做到了关爱学生、教书育人、爱岗敬业，是值得学习的。</p>', '14');
DELETE FROM edu_course_exercise_comment WHERE id='2023958';
INSERT INTO edu_course_exercise_comment (id, path, course_exercise_qa_id, comment) VALUES ('2023958', ',2023958', '2023958', '<p>第一，从问题出发寻找答题点，本题的答题点就是教师职业道德规范的内容；第二，回忆教师职业道德规范的内容；第三，回到材料寻找与教师职业道德规范内容相匹配的答题点；第四，结合材料评析关老师的教育行为。</p>');
DELETE FROM edu_course_exercise WHERE id='184960';
INSERT INTO edu_course_exercise (id, question_type, course_id, content, easy_error, source, dw_checked, is_pk) VALUES ('184960', '15', '31313131', '<p>        一个人的目光发自他的内心世界。目光的颜色表征了一个人的信仰与观点，而它与自然光的偏离程度则衡量着他的阅世是否成熟。目光的视野大小反映了一个人的胸怀，目光的温度流露出一个人的情感。目光的视野大小反映了一个人的胸怀。目光的温度流露了一个人的情感。目光的光压显示了一个人的勇气、决心与意志，一束怯懦的目光，光压几乎接近于零。目光的高低常与一个人地位的尊卑相联系。目光的深浅则透着一个人的睿智、聪慧与文化修养。而目光的真伪完全是一个人是否诚实的标志。</p><p>        目光还反映出一个人的综合气质。如他的人格品位，机智程度，灵气天分，城府心机，阅历深浅，胸襟气度，风范操守，文化素养，行为习惯……从一个人的目光里，你可以读出他的心灵，看到他更为深层次的内涵。怪不得人们常说，眼睛是心灵的窗口。不过，眼睛确实是一个人最有神韵的地方。</p><p>       有的人相信名片上的官衔，有的人甚至妄言，服装是一个人的“第二名片”。实际上，这两者都是最容易伪造的。而一个人的目光才是高度“防伪”的。一个人可以很容易改变他的服装，但却难以改变他的目光。据《世说新语·容止》记载，当年曹操接见匈奴使臣，他自以为形陋不足以向远方强悍之国显示天威，特叫崔季珪代他充当大王角色，自己则握刀立旁充作侍从。事后有人问使臣：“魏王如何？” 匈奴使臣回答说，魏王形态仪表倒也不凡，但是旁座那位目光炯炯有神的握刀人才是真英雄。</p><p>       善良的人们，要把握住自己的目光，去辨真伪，发现美，择良善，并发出自己纯净善良的目光。我们每一个人不仅生活在自然的各种光照之下，同时也生活在社会的众人目光之中，这个世界若是更多些真、善、美的目光，就会变得更加美好。</p><p>                                           （摘编自詹克明《目光》）</p>', '', '2016年下半年教师资格证考试《综合素质》（小学）题第32题', '1', '0');
DELETE FROM edu_course_exercise_qa WHERE id='2023960';
INSERT INTO edu_course_exercise_qa (id, course_exercise_id, type, question, cando, answer, total_score) VALUES ('2023960', '184960', '15', '<p>（1） 请结合文本简要概括目光所反映的一个人的特性。</p>', '1', '<p>（1）目光能反映一个人的内心世界，能反映一个人的综合气质。</p>', '4');
DELETE FROM edu_course_exercise_qa WHERE id='2023960402';
INSERT INTO edu_course_exercise_qa (id, course_exercise_id, type, question, cando, answer, total_score) VALUES ('2023960402', '184960', '15', '<p>（2） 文章用“真假魏王”的例子旨在说明什么？请简要分析。</p>', '1', '<p>（2）“真假魏王”说明了目光在识人方面的重要性。人可以改变着装，但不能改变目光。材料中崔季珪通过外貌服装的修饰虽然看起来形态仪表不凡，但是目光炯炯有神的曹操才是真的英雄。这就表明目光才是一个人的第一名片，能够真正反映一个人的气质特性，是高度“防伪”的。</p>', '10');
DELETE FROM edu_course_exercise_comment WHERE id='2023960';
INSERT INTO edu_course_exercise_comment (id, path, course_exercise_qa_id, comment) VALUES ('2023960', ',2023960', '2023960', '<p>（1）概括总结题：寻找文段中的关键词，并通过寻找关键词的方式概括出目光所反映的一个人的特性。</p>');
DELETE FROM edu_course_exercise_comment WHERE id='2023960402';
INSERT INTO edu_course_exercise_comment (id, path, course_exercise_qa_id, comment) VALUES ('2023960402', ',2023960402', '2023960402', '<p>（2）在文段中找到“真假魏王”的内容，联系上下文进行解释分析。</p>');
DELETE FROM edu_course_exercise WHERE id='184964';
INSERT INTO edu_course_exercise (id, question_type, course_id, content, easy_error, source, dw_checked, is_pk) VALUES ('184964', '15', '61616161', '<p>        田雨从一所师范大学毕业后，被某中学录用为语文教师，上岗后，她精神饱满，信心十足，相信只要积极学习优秀教师的经验，就能够成为一名好教师。在教学中，田雨虚心向老教师请教，向同事学习，还经常观看精品课视频。然而，期中教学检查后，她的教学效果并不理想，学生与同事们对她的评价都很一般，这令田雨十分不解，甚是苦恼：自己是师范院校毕业的，对工作非常敬业，并努力将优秀教师的经验运用到了自己教学中，可为什么就没有取得理想的教学效果呢？</p><p>        她陷入了深深的迷惘中……</p><p><img width="172px" height="173px" src="https://fb.fbstatic.cn/api/tarzan/images/15833970196cb26.gif?width=700" /></p>', '', '2016年下半年教师资格证考试《教育知识与能力》（中学）题第30题', '1', '0');
DELETE FROM edu_course_exercise_qa WHERE id='184964933';
INSERT INTO edu_course_exercise_qa (id, course_exercise_id, type, question, cando, answer, total_score) VALUES ('184964933', '184964', '15', '<p>并向田雨提出改进教学的建议 </p>', '1', '<p>（2）作为一名教师，面临这样的情况，应该通过多种途径去提高自己。</p><p>第一，观摩和分析优秀教师的教学活动。</p><p>田雨老师可以观摩、分析一些优秀教师的教学活动，但这并不意味着完全地照搬，要在观摩的基础上进行分析，选择适合自己学生的教学方式。</p><p>第二，开展微格教学。</p><p>田雨老师可以尝试做小型的课堂教学，把这种教学过程摄制成录像，课后再进行分析。</p><p>第三，反思教学经验。</p><p>田雨老师要不断反思自己在课堂教学中的优缺点，细致冷静地总结，从而对后续教学产生积极的影响。</p><p>第四，进行专门的训练。</p><p>田雨老师需要不断学习更多的专业知识，进行专门的练习。教师既要掌握丰富的本体性知识和条件性知识，也要积累教师灵活完成教学实践活动所具备的实践性知识和丰富的人文社科知识。</p>', '10');
DELETE FROM edu_course_exercise_qa WHERE id='2024028';
INSERT INTO edu_course_exercise_qa (id, course_exercise_id, type, question, cando, answer, total_score) VALUES ('2024028', '184964', '15', '<p>结合材料分析田雨没能取得良好教学效果的主要原因</p>', '1', '<p>（1）田雨老师教学效果不好的原因主要有以下几个方面。</p><p>首先，田雨老师没有遵循教学原则中的因材施教原则，该原则指教育者应根据学生的年龄特征、个性差异以及思想品德发展的实际现状，因材施教，引导学生，加强德育的针对性和实效性。材料中田雨老师一味地学习和模仿同事，却没有考虑学生群体是否已经发生了变化，没有做到根据学生的特点进行教学方法的更新。</p><p>其次，田雨老师在选择教学方法的时候没有依据自身的特点，以及学生的需求和教学内容。材料中田雨老师虽然非常积极地向优秀教师学习，但是一味地照搬优秀教师的教学方法，没有考虑自己的实际特点及教学内容和学生的特点，因此没有收到很好的教学效果。</p><p> 最后，田雨老师没有进行自我反思和自我提高。在教学活动中要根据教学实际进行自我反思，不断提高自己的业务能力和知识水平。材料中田雨老师认为自己是师范院校毕业的，有很强的理论经验，没有反思自己是否缺乏实践性知识。</p>', '8');
DELETE FROM edu_course_exercise_comment WHERE id='184964425';
INSERT INTO edu_course_exercise_comment (id, path, course_exercise_qa_id, comment) VALUES ('184964425', ',184964425', '184964933', '><p>（2）作为一名教师，面临这样的情况，应该通过多种途径去提高自己。</p><p>第一，观摩和分析优秀教师的教学活动。</p><p>田雨老师可以观摩、分析一些优秀教师的教学活动，但这并不意味着完全地照搬，要在观摩的基础上进行分析，选择适合自己学生的教学方式。</p><p>第二，开展微格教学。</p><p>田雨老师可以尝试做小型的课堂教学，把这种教学过程摄制成录像，课后再进行分析。</p><p>第三，反思教学经验。</p><p>田雨老师要不断反思自己在课堂教学中的优缺点，细致冷静地总结，从而对后续教学产生积极的影响。</p><p>第四，进行专门的训练。</p><p>田雨老师需要不断学习更多的专业知识，进行专门的练习。教师既要掌握丰富的本体性知识和条件性知识，也要积累教师灵活完成教学实践活动所具备的实践性知识和丰富的人文社科知识。</p>');
DELETE FROM edu_course_exercise_comment WHERE id='2024028';
INSERT INTO edu_course_exercise_comment (id, path, course_exercise_qa_id, comment) VALUES ('2024028', ',2024028', '2024028', '<p>（1）田雨老师教学效果不好的原因主要有以下几个方面。</p><p>首先，田雨老师没有遵循教学原则中的因材施教原则，该原则指教育者应根据学生的年龄特征、个性差异以及思想品德发展的实际现状，因材施教，引导学生，加强德育的针对性和实效性。材料中田雨老师一味地学习和模仿同事，却没有考虑学生群体是否已经发生了变化，没有做到根据学生的特点进行教学方法的更新。</p><p>其次，田雨老师在选择教学方法的时候没有依据自身的特点，以及学生的需求和教学内容。材料中田雨老师虽然非常积极地向优秀教师学习，但是一味地照搬优秀教师的教学方法，没有考虑自己的实际特点及教学内容和学生的特点，因此没有收到很好的教学效果。</p><p> 最后，田雨老师没有进行自我反思和自我提高。在教学活动中要根据教学实际进行自我反思，不断提高自己的业务能力和知识水平。材料中田雨老师认为自己是师范院校毕业的，有很强的理论经验，没有反思自己是否缺乏实践性知识。</p');
DELETE FROM edu_course_exercise WHERE id='184966';
INSERT INTO edu_course_exercise (id, question_type, course_id, content, easy_error, source, dw_checked, is_pk) VALUES ('184966', '15', '61616161', '<p>        一位高中女生接受心理辅导时的自述：</p><p>        进入高三以来，我就觉得自己被笼罩在一种紧张学习、迎接高考的氛围中，时常感到心烦意乱，学习成绩也时好时坏，为此整天惴惴不安。我常常想到高考问题，感觉也与以前有所不同，心跳的剧烈程度比以前强很多，身体有种不舒服的燥热，思维不太受控制，注意力也难集中。我怕老师提问，老师一叫我回答问题，不论是能答上来还是答不上来，回答时总是语无伦次而且声音发颤。虽然经常被老师提问，却还是消除不了这种胆怯心理。考试之前，我会非常紧张，几天前就会睡不着觉，连续失眠，考试时经常因太紧张而不能认真审题；并且考试时，感到心跳加速，头脑发胀，昏昏沉沉。结果考试成绩越来越差。老师，你说我能改变这种情况吗？</p>', '', '2016年下半年教师资格证考试《教育知识与能力》（中学）题第31题', '1', '0');
DELETE FROM edu_course_exercise_qa WHERE id='2024032';
INSERT INTO edu_course_exercise_qa (id, course_exercise_id, type, question, cando, answer, total_score) VALUES ('2024032', '184966', '15', '<p>请结合材料，说明中学生考试焦虑的主要表现、产生的原因和调适方法。 </p>', '1', '<p>中学生最常见的焦虑反应是考试焦虑，其表现主要是随着考试临近，心情极度紧张；考试时不能集中注意，知觉范围变窄，思维刻板，出现慌乱，无法发挥正常水平；考试后又持久地不能松弛下来。材料中高中女生整天忧心忡忡，心跳加速，思维不受控制，上课害怕老师提问，是典型的焦虑症的表现。</p><p>焦虑产生的原因：</p><p>（1）学校的统考，升学的持久的、过度的压力，使学生缺乏内在的自尊心和价值感。</p><p>（2）家长对子女过高的期望，学生个人过分地争强好胜，学业上多次失败的体验等。</p><p>（3）个人具有容易诱发焦虑反应的人格基础：遇事易紧张、胆怯，对困难情境做过高程度的估计，对身体的轻微不适过分关注，在发生挫折与失败时过分自责。这些人格倾向可称作焦虑品质。</p><p>调适的方法：采用肌肉放松、系统脱敏方法，运用自助性认知矫正程序，指导学生在考试中使用正向的自我对话，如“我能应付这个考试”“成绩并不重要，学会才是重要的”“无论考试的结果如何，都将不会是最后一次”，对缓解学生的考试焦虑都有较好的效果。</p>', '18');
DELETE FROM edu_course_exercise_comment WHERE id='2024032';
INSERT INTO edu_course_exercise_comment (id, path, course_exercise_qa_id, comment) VALUES ('2024032', ',2024032', '2024032', '<p>中学生最常见的焦虑反应是考试焦虑，其表现主要是随着考试临近，心情极度紧张；考试时不能集中注意，知觉范围变窄，思维刻板，出现慌乱，无法发挥正常水平；考试后又持久地不能松弛下来。材料中高中女生整天忧心忡忡，心跳加速，思维不受控制，上课害怕老师提问，是典型的焦虑症的表现。</p><p>焦虑产生的原因：</p><p>（1）学校的统考，升学的持久的、过度的压力，使学生缺乏内在的自尊心和价值感。</p><p>（2）家长对子女过高的期望，学生个人过分地争强好胜，学业上多次失败的体验等。</p><p>（3）个人具有容易诱发焦虑反应的人格基础：遇事易紧张、胆怯，对困难情境做过高程度的估计，对身体的轻微不适过分关注，在发生挫折与失败时过分自责。这些人格倾向可称作焦虑品质。</p><p>调适的方法：采用肌肉放松、系统脱敏方法，运用自助性认知矫正程序，指导学生在考试中使用正向的自我对话，如“我能应付这个考试”“成绩并不重要，学会才是重要的”“无论考试的结果如何，都将不会是最后一次”，对缓解学生的考试焦虑都有较好的效果。</p>');
DELETE FROM edu_course_exercise WHERE id='184968';
INSERT INTO edu_course_exercise (id, question_type, course_id, content, easy_error, source, dw_checked, is_pk) VALUES ('184968', '15', '41414141', '<p>       小辉个子矮小，家境又不好，常常受到同学们歧视，班主任王老师多次对同学们进行教育，但收效甚微。无奈之下，王老师只好另辟蹊径。<br></p><p>       小辉生日的早晨，同学们走进教室，惊讶地发现小辉的课桌上有一个漂亮的盒子，上面写着“天使的礼物”。小辉小心翼翼地打开盒子，惊喜地看到一个生日蛋糕。在同学们“生日快乐”的歌声中，他愉快地和同学们一起分享蛋糕。同学们边吃蛋糕边猜测这位送礼物的“天使”是谁？望着孩子们那一双双充满期待的眼睛，王老师说道：“天使代表着圣洁、善良，专门为人们传播真、善、美。她是不愿意披露自己姓名的，但她确实生活在我们中间。小辉是咱班第一个收到天使礼物的人，我相信天使不但会把爱带给小辉，也会带给别的同学。而我们每一个同学也可以成为别人的天使，用自己的爱心去关心需要温暖的人。</p><p>      从那以后，班里“天使的礼物” 经常出现，同学间都能够互相关心、平等相处。</p>', '', '2016年下半年教师资格证考试《教育教学知识与能力》（小学）题第24题', '1', '0');
DELETE FROM edu_course_exercise_qa WHERE id='2024046';
INSERT INTO edu_course_exercise_qa (id, course_exercise_id, type, question, cando, answer, total_score) VALUES ('2024046', '184968', '15', '<p>（1）请对王老师设计的这一活动进行评析</p>', '1', '<p>（1）题目中王老师设计的这一活动值得肯定。</p><p>首先，王老师的这一活动设计符合新课改理念中的教师观。新课改的教师观表明教师要做学生的促进者。材料中，王老师面对班级同学对小辉的歧视，采用“另辟蹊径”的活动，使学生发自内心地认识到互相关心的重要性，帮助学生实现了品德成长。</p><p>其次，王老师的活动设计符合班主任是班级各种教育力量的协调者的角色。这表明教师应积极协调学校中各主体之间的关系，为学生发展营造更良好的环境。材料中，王老师发现同学之间的人际关系不和谐，于是积极采取措施，利用这一活动，很好地协调了同学间的人际关系。</p><p>再次，王老师的这一活动符合德育过程基本规律中利用多种开端对学生知情意行培养提高的过程规律。德育可以以任意一方面为开端，以任意一方面为终结，不必按照知情意行的顺序逐一进行。材料中，王老师针对有同学歧视小辉的现象，并没有一味地进行说教，而是利用道德情感这一切入口，使同学们感受到了同学之间的浓浓情意，从而实现了学生品德的提升和班级良好氛围的建设。</p><p>最后，王老师的这一活动设计体现了教师劳动的创造性。这要求教师应发挥自身才智，创造性地解决教育过程中遇到的问题。材料中，面对同学之间关系不和谐这一复杂情境，王老师没有因循守旧，而是创造性地利用“天使的礼物”很好地解决了这一问题。</p><p>总之，王老师的做法很值得我们肯定和借鉴学习。</p>', '10');
DELETE FROM edu_course_exercise_qa WHERE id='202404651';
INSERT INTO edu_course_exercise_qa (id, course_exercise_id, type, question, cando, answer, total_score) VALUES ('202404651', '184968', '15', '<p>（2）作为班主任，如何引导学生形成良好的班级氛围。</p>', '1', '<p>（2）形成良好的班级氛围是班主任工作中很重要的一个方面，为了达到这一目的，班主任可以从以下几个方面入手：</p><p>①了解和研究学生。只有了解和研究学生的情况，才能使班主任很好地把握学生各方面的情况，为工作打下良好基础。</p><p>②发挥班主任的表率作用。班主任的一言一行都会影响学生的思想和行为，班主任只有以身作则才能感染学生。</p><p>③发挥舆论阵地的宣传作用。利用班级舆论，形成正确的舆论导向和良好的班风。</p><p>④利用主题班会。通过相关的主题班会，使学生们认识到班级氛围的重要性。</p><p>⑤通过班级活动，营造和谐班级。班主任可以通过不同形式的活动，使学生在活动中切身感受和谐班集体的魅力。</p>', '10');
DELETE FROM edu_course_exercise_comment WHERE id='2024046';
INSERT INTO edu_course_exercise_comment (id, path, course_exercise_qa_id, comment) VALUES ('2024046', ',2024046', '2024046', '<p>（1）题目中王老师设计的这一活动值得肯定。</p><p>首先，王老师的这一活动设计符合新课改理念中的教师观。新课改的教师观表明教师要做学生的促进者。材料中，王老师面对班级同学对小辉的歧视，采用“另辟蹊径”的活动，使学生发自内心地认识到互相关心的重要性，帮助学生实现了品德成长。</p><p>其次，王老师的活动设计符合班主任是班级各种教育力量的协调者的角色。这表明教师应积极协调学校中各主体之间的关系，为学生发展营造更良好的环境。材料中，王老师发现同学之间的人际关系不和谐，于是积极采取措施，利用这一活动，很好地协调了同学间的人际关系。</p><p>再次，王老师的这一活动符合德育过程基本规律中利用多种开端对学生知情意行培养提高的过程规律。德育可以以任意一方面为开端，以任意一方面为终结，不必按照知情意行的顺序逐一进行。材料中，王老师针对有同学歧视小辉的现象，并没有一味地进行说教，而是利用道德情感这一切入口，使同学们感受到了同学之间的浓浓情意，从而实现了学生品德的提升和班级良好氛围的建设。</p><p>最后，王老师的这一活动设计体现了教师劳动的创造性。这要求教师应发挥自身才智，创造性地解决教育过程中遇到的问题。材料中，面对同学之间关系不和谐这一复杂情境，王老师没有因循守旧，而是创造性地利用“天使的礼物”很好地解决了这一问题。</p><p>总之，王老师的做法很值得我们肯定和借鉴学习。</p>');
DELETE FROM edu_course_exercise_comment WHERE id='202404651';
INSERT INTO edu_course_exercise_comment (id, path, course_exercise_qa_id, comment) VALUES ('202404651', ',202404651', '202404651', '<p>（2）形成良好的班级氛围是班主任工作中很重要的一个方面，为了达到这一目的，班主任可以从以下几个方面入手：</p><p>①了解和研究学生。只有了解和研究学生的情况，才能使班主任很好地把握学生各方面的情况，为工作打下良好基础。</p><p>②发挥班主任的表率作用。班主任的一言一行都会影响学生的思想和行为，班主任只有以身作则才能感染学生。</p><p>③发挥舆论阵地的宣传作用。利用班级舆论，形成正确的舆论导向和良好的班风。</p><p>④利用主题班会。通过相关的主题班会，使学生们认识到班级氛围的重要性。</p><p>⑤通过班级活动，营造和谐班级。班主任可以通过不同形式的活动，使学生在活动中切身感受和谐班集体的魅力。</p>');
DELETE FROM edu_course_exercise WHERE id='185032';
INSERT INTO edu_course_exercise (id, question_type, course_id, content, easy_error, source, dw_checked, is_pk) VALUES ('185032', '15', '70707070', '<p>人得发展有内在层次的差异，教师的专业能力也是如此。依据专业水平的层次不同可分为几类，其中有一类叫“教书匠”。</p><p>什么是“教书匠”？这类教师的专业境界就如同“木头的具体样子”。譬如，“木桌”、”门”、“窗户”、“木棍”，等等。他们存在的依据是具体、明确的，能力相当有限。例如，门与窗户的功用，他们之间本质上并无“价值”大小之分，“境界”无高低之别，互为“平行”与“对等”。教书匠的特点是：循规蹈矩，惯于接受，死扣教材，生搬硬套，远离变革，思想贫困，亦步亦趋，周而复始，庸庸碌碌。他们的专业发展态势，程序性强，发展张力小，创造潜质极其有限，犹如一幅已涂满字与图画的纸已无可添加。因而，教书匠多深陷“此山中”的禁锢与迷绕，常自我设限，自我框死。</p><p>对于学生，教书匠对其人生的感召，微乎其微，黯淡无光。不仅不能成全学生的完美发展，而且有意或无意将学生也禁限于自己受制的“旧轨道”上，从而束缚学生的思想，窒息学生的创造，漠视学生的情感，关闭学生的心灵，直至彻底断送学生人生发展的宝贵“契机”。日本教育家东洋先生有言：“一个蕴藏可贵才华的青年，只是由于他落到了某位半瓶醋的老教书匠之手，于是丧失了英才的光芒，结果以无名小卒告终”。因为“平庸的教师只能限制学生的智力，把学生束缚在教师自己狭隘的能力范围之内”。（卢梭）</p>', '', '2015年广东广州市番禺区教育局招聘考试 《教育综合知识》题第45题', '1', '0');
DELETE FROM edu_course_exercise_qa WHERE id='2025292';
INSERT INTO edu_course_exercise_qa (id, course_exercise_id, type, question, cando, answer, total_score) VALUES ('2025292', '185032', '15', '<p>请联系实际及自身感悟，以“不做教书匠”为主题，写一篇文章</p><p>题目自拟，立意自定；紧扣学科特点，岗位实际；不得套作，不得抄袭，字数不少于800。</p>', '0', '<p>本题为作文题，已知主题是“不做教书匠”，同时要求做到结合实际和自身感悟。依据材料文段可以从以下几点展开：</p><p>（1）什么是教书匠？指出教书匠的特点及弊端；</p><p>（2）引用教育学原理——个体身心发展的规律及特点，还有教师的专业成长、职业素质；教育心理学——学生心理等，阐述教书匠带来不好的影响。</p><p>（3）提出对策。面对不良影响，作为新教师的我们应该如何去解决并如何坚守“不做教书匠”。这里面可以举例子，结合自身实际展开。</p><p>（4）总结概述。可引用材料中教育家的名言，表明自己的决心。</p>', '28');
DELETE FROM edu_course_exercise_comment WHERE id='2025292';
INSERT INTO edu_course_exercise_comment (id, path, course_exercise_qa_id, comment) VALUES ('2025292', ',2025292', '2025292', '<p>本题为作文题，已知主题是“不做教书匠”，同时要求做到结合实际和自身感悟。依据材料文段可以从以下几点展开：</p><p>（1）什么是教书匠？指出教书匠的特点及弊端；</p><p>（2）引用教育学原理——个体身心发展的规律及特点，还有教师的专业成长、职业素质；教育心理学——学生心理等，阐述教书匠带来不好的影响。</p><p>（3）提出对策。面对不良影响，作为新教师的我们应该如何去解决并如何坚守“不做教书匠”。这里面可以举例子，结合自身实际展开。</p><p>（4）总结概述。可引用材料中教育家的名言，表明自己的决心。</p>');
DELETE FROM edu_course_exercise WHERE id='185050';
INSERT INTO edu_course_exercise (id, question_type, course_id, content, easy_error, source, dw_checked, is_pk) VALUES ('185050', '15', '70707070', '<p>      【案例一】一名年轻的教师A第一次走上讲台，这是一个学校普遍认为的差班。刚走上讲台，一个男生就立刻站起来问道：“老师，您喜不喜欢差生？”老师A没有回答，反而微笑者看着他，问道：“你会不会把自己心爱的旧玩具扔掉？”男生想了想回答说：“应该不会，我会好好珍藏的。”老师A面向全班同学庄重地说：“我也不会，你们都是我的弟弟妹妹，如果你们有什么缺点，我会帮你们改正直到你们改好为止。一名差生是各个方面都不及格的学生，而你们只不过是某些方面有缺陷，通过努力，大家都会成为优秀的学生。在我眼里没有差生，只有不努力的学生。”学生们都感动的鼓起掌来。</p><p>      【案例二】小黄是老师和同学眼里的坏学生，经常在课堂上大声讲话、乱扔垃圾、打架，其他同学看到都躲开他，老师们对他感到头疼。新学期学校来了位新老师B成为了小黄的新班主任，其他老师都告诉新老师B，小黄是一个很难管教的坏学生，让他们头疼死了。B老师很好奇，对小黄进行全面的了解后，对其他老师说：“小黄不是一个坏学生，而是一个聪明的孩子，只是我们没有找到发挥他聪明才智的地方罢了。”后来在B老师的悉心教导下，小黄改正了不正确的行为，努力学习，成为了班里品学兼优的学生。</p>', '', '2015年驻马店市卫生事业单位招聘考试《教育综合知识》题第35题', '1', '0');
DELETE FROM edu_course_exercise_qa WHERE id='2025660';
INSERT INTO edu_course_exercise_qa (id, course_exercise_id, type, question, cando, answer, total_score) VALUES ('2025660', '185050', '15', '<p>（1）案例一体现了哪些德育原则。</p>', '1', '<p>（1）案例一主要体现了以下德育原则：</p><p>①疏导原则</p><p>疏导原则是指进行德育要循循善诱，以理服人，从提高学生认识入手，调动学生的主动性，使他们积极向上。材料中，教师A以表扬激励为主，坚持正面教育，认为所有学生通过努力，都会成为优秀的学生。这样一方面更好地调动学生的主动性，另一方面注意培养学生的的优良品质，体现了疏导的德育原则。</p><p>②依靠积极因素，克服消极因素的原则</p><p>依靠积极因素，克服消极因素的原则是指在德育工作中，教育者要善于依靠、发扬学生自身的积极因素，调动学生自我教育的积极性，克服消极因素。材料中，教师A用一分为二的观点，全面分析，客观地评价学生的优点和不足，启发他们自觉思考，克服缺点，发扬优点，利用旧玩具的例子有意识地创造条件，将学生思想中的消极因素转化为积极因素，体现了依靠积极因素，克服消极因素的原则。</p><p>③尊重学生与严格要求学生相结合的原则</p><p>尊重学生与严格要求学生相结合原则是指进行德育要把对学生个人的尊重和信赖与对他们的思想和行为的严格要求结合起来，使教育者对学生的影响与要求易于转化为学生的品德。在德育过程中，教师既要尊重信任学生，又要对学生提出严格的要求，把严和爱有机结合起来。材料中，教师A爱护、尊重和信赖学生，尤其是对待后进生。同时，教师也给学生们提出了严格要求，体现了尊重学生与严格要求学生相结合的原则。</p><p>综上所述，案例一体现了德育的疏导原则，依靠积极因素，克服消极因素的原则和尊重学生与严格要求学生相结合的原则。</p>', '5');
DELETE FROM edu_course_exercise_qa WHERE id='202566027';
INSERT INTO edu_course_exercise_qa (id, course_exercise_id, type, question, cando, answer, total_score) VALUES ('202566027', '185050', '15', '<p>（2）你是怎么看待“坏学生”和“差学生”的？你身边有没有像小黄一样的“坏学生”，如果有，你怎么处理；如果没有，当你遇到，你会怎么处理？</p>', '1', '<p>（2）新课改的学生观认为：①学生是一个完整的生命个体，要用发展的观点认识学生，做到悦纳错误、多宽容；②学生个体之间存在很大的差异性，要乐观估计学生的天性，做到多看优点、多赞美；③要认识到学生有巨大的发展潜能，做到相信学生、多期望；学生的成长需要人文的关怀，教师要做到尊重、关爱每一位学生。</p><p>我认为在教学中并没有所谓的“坏学生”或者“差学生”，这部分学生只是在学业成绩或思想品德等方面暂时落后，称之为后进生。后进生的典型特征是：求知欲不强，学习能力较低，意志力薄弱，没有良好的学习习惯；自卑，多疑心理和逆反心理严重；缺乏正确的道德观念和分辨是非、善恶的能力。新课改的学生观指出学生是发展的人；学生的独特的人；学生是具有独立意义的人。因此每个学生做事情都是有理由的，有时孩子也许只是为了引起你的注意。教师要尊重每一位学生，不要对于学生的一些行为急于下定论，要善于把学生往好的方面引导。</p><p>我身边没有像案例二中小黄一样的“坏学生”。如果我遇到时，我也会像材料中新班主任的做法，不会将他和其他学生区别对待。教师期望效应的观点指出学生之所以成为现在的样子是教师或家长期望的结果，因此，教师的期望对学生的发展起着极其重要的作用，对待小黄一样的“坏学生”，我会对他寄以期待。教师对后进生进行教育要做到：①关心热爱与严格要求相结合。②培养和激发学习动机。③善于发掘后进生身上的“闪光点”，增强其自信心和集体荣誉感。④针对后进生的个别差异，因材施教，对症下药。⑤对后进生的教育要持之以恒。</p>', '5');
DELETE FROM edu_course_exercise_qa WHERE id='2025660271';
INSERT INTO edu_course_exercise_qa (id, course_exercise_id, type, question, cando, answer, total_score) VALUES ('2025660271', '185050', '15', '<p>（3）这两个案例带给你什么启发？</p>', '1', '<p>（3）读完上述案例，我将从三个方面来阐述启示：</p><p>①坚持正确的学生观。新课改坚持“以人为本”，强调公正平等的对待每一位学生，面向全体学生，不放弃每一个学生。即：“一切为了每一位学生的发展”，学生正处于发展过程中，出现各种问题是成长过程的必然。学生是具有独立意义的人，教师要尊重学生的个体独立性，客观看待学生的成长与成才。学生具有巨大的发展潜能。后进生只是在学业成绩和思想品德等方面暂时落后，要坚持发展的眼光看待后进生，关心、爱护后进生。</p><p>②坚持正确的教师观。新课改要求教师应该是学生学习的促进者，在对待师生关系上新课程强调尊重、赞赏，在对待教学关系上，新课程强调帮助、引导，教师要关注每一位学生，关注学生的情绪生活和情感体验，关注学生的道德生活和人格养成。对于后进生，教师更应该善于挖掘学生身上的特长和闪光点，引导学生重新找回自信。</p><p>③做好个别教育工作。在后进生转化方面，教师对待后进生要循循善诱，以理服人，坚持一分为二的看待学生，以表扬激励为主，坚持正面教育，启发自觉，调动学生接受教育的内在动力，同时辅之以必要的纪律约束，并使两者有机结合起来。</p><p>综上所述，作为教师，要懂得尊重学生，充分考虑学生的发展潜能和发展规律，遵循新时期教师职业道德，公正平等的对待每一位学生，促进学生的全面发展。</p>', '6');
DELETE FROM edu_course_exercise_comment WHERE id='2025660';
INSERT INTO edu_course_exercise_comment (id, path, course_exercise_qa_id, comment) VALUES ('2025660', ',2025660', '2025660', '<p>（1）案例一主要体现了以下德育原则：</p><p>①疏导原则</p><p>疏导原则是指进行德育要循循善诱，以理服人，从提高学生认识入手，调动学生的主动性，使他们积极向上。材料中，教师A以表扬激励为主，坚持正面教育，认为所有学生通过努力，都会成为优秀的学生。这样一方面更好地调动学生的主动性，另一方面注意培养学生的的优良品质，体现了疏导的德育原则。</p><p>②依靠积极因素，克服消极因素的原则</p><p>依靠积极因素，克服消极因素的原则是指在德育工作中，教育者要善于依靠、发扬学生自身的积极因素，调动学生自我教育的积极性，克服消极因素。材料中，教师A用一分为二的观点，全面分析，客观地评价学生的优点和不足，启发他们自觉思考，克服缺点，发扬优点，利用旧玩具的例子有意识地创造条件，将学生思想中的消极因素转化为积极因素，体现了依靠积极因素，克服消极因素的原则。</p><p>③尊重学生与严格要求学生相结合的原则</p><p>尊重学生与严格要求学生相结合原则是指进行德育要把对学生个人的尊重和信赖与对他们的思想和行为的严格要求结合起来，使教育者对学生的影响与要求易于转化为学生的品德。在德育过程中，教师既要尊重信任学生，又要对学生提出严格的要求，把严和爱有机结合起来。材料中，教师A爱护、尊重和信赖学生，尤其是对待后进生。同时，教师也给学生们提出了严格要求，体现了尊重学生与严格要求学生相结合的原则。</p><p>综上所述，案例一体现了德育的疏导原则，依靠积极因素，克服消极因素的原则和尊重学生与严格要求学生相结合的原则。</p>');
DELETE FROM edu_course_exercise_comment WHERE id='202566027';
INSERT INTO edu_course_exercise_comment (id, path, course_exercise_qa_id, comment) VALUES ('202566027', ',202566027', '202566027', '<p>（2）新课改的学生观认为：①学生是一个完整的生命个体，要用发展的观点认识学生，做到悦纳错误、多宽容；②学生个体之间存在很大的差异性，要乐观估计学生的天性，做到多看优点、多赞美；③要认识到学生有巨大的发展潜能，做到相信学生、多期望；学生的成长需要人文的关怀，教师要做到尊重、关爱每一位学生。</p><p>我认为在教学中并没有所谓的“坏学生”或者“差学生”，这部分学生只是在学业成绩或思想品德等方面暂时落后，称之为后进生。后进生的典型特征是：求知欲不强，学习能力较低，意志力薄弱，没有良好的学习习惯；自卑，多疑心理和逆反心理严重；缺乏正确的道德观念和分辨是非、善恶的能力。新课改的学生观指出学生是发展的人；学生的独特的人；学生是具有独立意义的人。因此每个学生做事情都是有理由的，有时孩子也许只是为了引起你的注意。教师要尊重每一位学生，不要对于学生的一些行为急于下定论，要善于把学生往好的方面引导。</p><p>我身边没有像案例二中小黄一样的“坏学生”。如果我遇到时，我也会像材料中新班主任的做法，不会将他和其他学生区别对待。教师期望效应的观点指出学生之所以成为现在的样子是教师或家长期望的结果，因此，教师的期望对学生的发展起着极其重要的作用，对待小黄一样的“坏学生”，我会对他寄以期待。教师对后进生进行教育要做到：①关心热爱与严格要求相结合。②培养和激发学习动机。③善于发掘后进生身上的“闪光点”，增强其自信心和集体荣誉感。④针对后进生的个别差异，因材施教，对症下药。⑤对后进生的教育要持之以恒。</p>');
DELETE FROM edu_course_exercise_comment WHERE id='2025660271';
INSERT INTO edu_course_exercise_comment (id, path, course_exercise_qa_id, comment) VALUES ('2025660271', ',2025660271', '2025660271', '<p>（3）读完上述案例，我将从三个方面来阐述启示：</p><p>①坚持正确的学生观。新课改坚持“以人为本”，强调公正平等的对待每一位学生，面向全体学生，不放弃每一个学生。即：“一切为了每一位学生的发展”，学生正处于发展过程中，出现各种问题是成长过程的必然。学生是具有独立意义的人，教师要尊重学生的个体独立性，客观看待学生的成长与成才。学生具有巨大的发展潜能。后进生只是在学业成绩和思想品德等方面暂时落后，要坚持发展的眼光看待后进生，关心、爱护后进生。</p><p>②坚持正确的教师观。新课改要求教师应该是学生学习的促进者，在对待师生关系上新课程强调尊重、赞赏，在对待教学关系上，新课程强调帮助、引导，教师要关注每一位学生，关注学生的情绪生活和情感体验，关注学生的道德生活和人格养成。对于后进生，教师更应该善于挖掘学生身上的特长和闪光点，引导学生重新找回自信。</p><p>③做好个别教育工作。在后进生转化方面，教师对待后进生要循循善诱，以理服人，坚持一分为二的看待学生，以表扬激励为主，坚持正面教育，启发自觉，调动学生接受教育的内在动力，同时辅之以必要的纪律约束，并使两者有机结合起来。</p><p>综上所述，作为教师，要懂得尊重学生，充分考虑学生的发展潜能和发展规律，遵循新时期教师职业道德，公正平等的对待每一位学生，促进学生的全面发展。</p>');
DELETE FROM edu_course_exercise WHERE id='185086';
INSERT INTO edu_course_exercise (id, question_type, course_id, content, easy_error, source, dw_checked, is_pk) VALUES ('185086', '15', '70707070', '<p>       案例一：</p><p>       胡邵华，男，上普通初中时，该学生的学习成绩优异，又是班里的学习委员，老师和同学们都非常信任他，其经常在学校的各种知识竞赛中获奖。后来，经过自身的努力，他考上一所市里较有名气的高中就读，他感到非常兴奋，并对自己充满了信心。他想通过自己的勤奋和努力，取得比初中时更优异的成绩。但刚入学的摸底考试，就让他大失所望。在极度的痛苦之后，他又振作起来，更加勤奋和刻苦学习，但期中考试的成绩仍不理想。从此他开始怀疑自己，考试期间常常认为别人比自己强得多。怀疑自己并不像原来那样聪明。考试之前，他常常缺乏信心，精神紧张，并伴有呕吐、恶心、小便频繁，睡不好等症状。</p><p>       案例二：</p><p>       王菲菲，某中学高二女学生，平时学习刻苦努力，学习成绩一直名列前茅，但心理压力十分大，正如该学生自己所说：“进入这所学校，情况发生了变化，学校的要求高了，家庭的希望大了，心里不知不觉就变得沉甸甸的。我从进校门的第一天起，学习就非常刻苦，几乎把所有的时间和精力都用在了文化学习上。所以我的文化科目取得了很好的成绩。但与此同时，也给自己带来了超负荷的心理压力，我怕看到老师和家长期待的目光，现在每到考试就紧张万分，唯恐出现失误，对不起父母和老师，对不起自己的努力。考试的分数就像一块巨石压在我的心上，久久不能搬去。无疑，对我的学习和健康都产生了不利的影响，我有时也知道这样不好，却不能自拔。”</p>', '', '2015年海南三亚市教师招聘《教育公共基础知识》题第43题', '1', '0');
DELETE FROM edu_course_exercise_qa WHERE id='2026560';
INSERT INTO edu_course_exercise_qa (id, course_exercise_id, type, question, cando, answer, total_score) VALUES ('2026560', '185086', '15', '<p>（1）上述两个案例的同学都存在何种不良情绪？试分析他们的共同特点。</p>', '1', '<p>（1）上述两个案例中的同学都存在着一种不良的情绪——考试焦虑症。</p><p>焦虑症是因为个体不能达成目标或不能克服困难的威胁，致使自尊心、自信心受挫，或使失败感和内疚感增加，形成一种紧张不安，带有恐惧的情绪状态。焦虑症表现：紧张不安，忧心忡忡，集中注意困难，极端敏感，对轻微刺激作过度反应，难以做决定。在躯体症状方面，存在心跳加快、过度出汗、肌肉持续性紧张、尿频尿急、睡眠障碍等不适反应。学生中常见的焦虑反应是考试焦虑。案例一中胡邵华考试之前，缺乏信心，精神紧张，并伴有呕吐、恶心、小便频繁，睡不好等症状就属于考试前的一种焦虑的状态。案例二中的王菲菲每到考试就紧张万分，唯恐出现失误，考试的分数一直压迫自己也是属于考试焦虑症的一种表现。</p><p>案例一和案例二两者共同点主要表现都属于考试焦虑症，两位同学在随着考试临近时，心情极度紧张，而考试后又持久地不能松弛下来。</p><p>综上所述，上述两个案例的同学都存在考试焦虑症这种不良的情绪。</p>', '5');
DELETE FROM edu_course_exercise_qa WHERE id='2026560752';
INSERT INTO edu_course_exercise_qa (id, course_exercise_id, type, question, cando, answer, total_score) VALUES ('2026560752', '185086', '15', '<p>（2）针对上述案例中两位同学所存在的问题，应如何进行心理辅导?</p>', '1', '<p>（2）针对以上两个同学出现的考试焦虑症，可以有下办法：</p><p>①肌肉放松、系统脱敏等方法。可以通过肌肉放松法、系统脱敏法降低胡邵华和王菲菲的考试焦虑程度。</p><p>②锻炼学生的性格，提高挫折应对能力。因此，要培养胡邵华和王菲菲两位同学的面对挫折的能力，锻炼他们的性格。</p><p>③运用自助性认知矫正程序，指导学生在考试中使用正向的自我对话。如“我能应付这个考试”，“成绩并不重要，学会才是重要的”，“无论考试的结果如何，都将不会是最后一次”，对于缓解学生的考试焦虑，都有较好的效果。因此，要正确的指导胡邵华、王菲菲两位同学，在考试中使用正向的自我对话。</p><p>④帮助他正确认识考试，考试不仅是知识战，更是心理战。考试心态好，才能正常发挥，甚至超常发挥，胡邵华和王菲菲对于考试的认识都是存在一定的偏差的，因此，要帮助两位同学正确的看待考试，对于考试有一个正确的认知。</p><p>⑤帮助他认识压力与思维运作的关系。心理学研究表明，心理压力水平与人们的活动效果之间呈倒“U”型曲线关系，即压力过低或压力过高都不利于学习，只有适当的压力才有助于更好地提高学习效率。长期压力过高，情绪不稳定，中枢神经系统的状态不稳定，学习和考试过程中的观察力、记忆力、思维运转力、想象力和意志力都会受到影响。帮助胡邵华和王菲菲两位同学正确的看待压力和思维运作的直接关系，从而维持一个较为良好的压力程度。</p>', '7');
DELETE FROM edu_course_exercise_comment WHERE id='2026560';
INSERT INTO edu_course_exercise_comment (id, path, course_exercise_qa_id, comment) VALUES ('2026560', ',2026560', '2026560', '<p>（1）上述两个案例中的同学都存在着一种不良的情绪——考试焦虑症。</p><p>焦虑症是因为个体不能达成目标或不能克服困难的威胁，致使自尊心、自信心受挫，或使失败感和内疚感增加，形成一种紧张不安，带有恐惧的情绪状态。焦虑症表现：紧张不安，忧心忡忡，集中注意困难，极端敏感，对轻微刺激作过度反应，难以做决定。在躯体症状方面，存在心跳加快、过度出汗、肌肉持续性紧张、尿频尿急、睡眠障碍等不适反应。学生中常见的焦虑反应是考试焦虑。案例一中胡邵华考试之前，缺乏信心，精神紧张，并伴有呕吐、恶心、小便频繁，睡不好等症状就属于考试前的一种焦虑的状态。案例二中的王菲菲每到考试就紧张万分，唯恐出现失误，考试的分数一直压迫自己也是属于考试焦虑症的一种表现。</p><p>案例一和案例二两者共同点主要表现都属于考试焦虑症，两位同学在随着考试临近时，心情极度紧张，而考试后又持久地不能松弛下来。</p><p>综上所述，上述两个案例的同学都存在考试焦虑症这种不良的情绪。</p>');
DELETE FROM edu_course_exercise_comment WHERE id='2026560752';
INSERT INTO edu_course_exercise_comment (id, path, course_exercise_qa_id, comment) VALUES ('2026560752', ',2026560752', '2026560752', '<p>（2）针对以上两个同学出现的考试焦虑症，可以有下办法：</p><p>①肌肉放松、系统脱敏等方法。可以通过肌肉放松法、系统脱敏法降低胡邵华和王菲菲的考试焦虑程度。</p><p>②锻炼学生的性格，提高挫折应对能力。因此，要培养胡邵华和王菲菲两位同学的面对挫折的能力，锻炼他们的性格。</p><p>③运用自助性认知矫正程序，指导学生在考试中使用正向的自我对话。如“我能应付这个考试”，“成绩并不重要，学会才是重要的”，“无论考试的结果如何，都将不会是最后一次”，对于缓解学生的考试焦虑，都有较好的效果。因此，要正确的指导胡邵华、王菲菲两位同学，在考试中使用正向的自我对话。</p><p>④帮助他正确认识考试，考试不仅是知识战，更是心理战。考试心态好，才能正常发挥，甚至超常发挥，胡邵华和王菲菲对于考试的认识都是存在一定的偏差的，因此，要帮助两位同学正确的看待考试，对于考试有一个正确的认知。</p><p>⑤帮助他认识压力与思维运作的关系。心理学研究表明，心理压力水平与人们的活动效果之间呈倒“U”型曲线关系，即压力过低或压力过高都不利于学习，只有适当的压力才有助于更好地提高学习效率。长期压力过高，情绪不稳定，中枢神经系统的状态不稳定，学习和考试过程中的观察力、记忆力、思维运转力、想象力和意志力都会受到影响。帮助胡邵华和王菲菲两位同学正确的看待压力和思维运作的直接关系，从而维持一个较为良好的压力程度。</p>');
DELETE FROM edu_course_exercise WHERE id='185090';
INSERT INTO edu_course_exercise (id, question_type, course_id, content, easy_error, source, dw_checked, is_pk) VALUES ('185090', '15', '70707070', '<p>       张烨是某中学学生，在校经常迟到、旷课，上游戏厅，甚至打架，学习成绩很差，门门功课挂红灯。尽管老师多次教育，人不见好转，他还有时候向同学借钱，借不到还打同学，以致班上同学间了他都躲远远的。虽然偶尔也有进步，但没过几天又恢复原样，以致老师对他失去信心。</p><p>       不过，这个学生并不是一无是处，在百米赛跑的速度超人，在校运动会上，他连续两年获得百米赛跑冠军，为班集体赢得荣誉。除此之外，他还特别喜爱画画，围棋也下得特别棒。</p>', '', '2016年广东广州市教育局直属事业单位教师招聘《教育学、心理学》题第51题', '1', '0');
DELETE FROM edu_course_exercise_qa WHERE id='2026722';
INSERT INTO edu_course_exercise_qa (id, course_exercise_id, type, question, cando, answer, total_score) VALUES ('2026722', '185090', '15', '<p>（1）教师劳动的主要特点是什么？</p>', '1', '<p>（1）①教师劳动的复杂性和创造性</p><p>         ②教师劳动的连续性和广延性</p><p>         ③教师劳动的长期性和间接性</p><p>         ④教师劳动的主体性和示范性</p><p>         ⑤教师劳动方式的个体性和劳动成果的群体性</p>', '3');
DELETE FROM edu_course_exercise_qa WHERE id='2026722823';
INSERT INTO edu_course_exercise_qa (id, course_exercise_id, type, question, cando, answer, total_score) VALUES ('2026722823', '185090', '15', '<p>（2）如何认识学生在教育过程中的特点？</p>', '1', '<p>（2）①学生是教育的对象。从学生自身特点看，学生具有可塑性、依赖性和向师性。</p><p>          ②学生是自我教育和发展的主体。首先，学生是具有主观能动性的人、其次，学生在接受教育的过程中，也具有一定的素质，可以进行自我教育。</p><p>          ③学生是发展中的人。学生具有和成人不同的身心发展特征；学生具有发展的巨大潜能性；学生有发展的需要。</p>', '3');
DELETE FROM edu_course_exercise_qa WHERE id='2026722823315';
INSERT INTO edu_course_exercise_qa (id, course_exercise_id, type, question, cando, answer, total_score) VALUES ('2026722823315', '185090', '15', '<p>（3）请你结合有关教育教学知识，谈谈如何对待张烨这样学生。</p>', '1', '<p>（3）在教育教学过程中，对待张烨这样的学生，要做到：</p><p>第一，减轻学生的思想负担和精神压力。教师不要急于提高学生的分数，当后进生考试不及格时，绝不能情绪过激，要看到学生成长的一面，擅长的一面。</p><p>第二，逐步培养和树立学生的信心，对待后进生要一分为二的看待，既要看到他的缺点也要看到他的优点，用积极的方面来带动消极因素积极的转化。</p><p>第三，激发求知欲，树立后进生的信心，多鼓励学生上课回答问题。</p><p>第四，增强后进生的参与意识。吸引后进生参加各种课外活动小组和班级的集体活动。</p><p>第五，给予充分的鼓励。</p><p>综上所述，在我们教育教学过程中，对待问题学生不能够放任，置之不理，要加以适当的方法进行引导，使之成为优秀的学生。</p>', '6');
DELETE FROM edu_course_exercise_comment WHERE id='2026722';
INSERT INTO edu_course_exercise_comment (id, path, course_exercise_qa_id, comment) VALUES ('2026722', ',2026722', '2026722', '<p>（1）简述教师劳动的主要特点。</p>');
DELETE FROM edu_course_exercise_comment WHERE id='2026722823';
INSERT INTO edu_course_exercise_comment (id, path, course_exercise_qa_id, comment) VALUES ('2026722823', ',2026722823', '2026722823', '<p>（2）简述学生在教育过程中的特点</p>');
DELETE FROM edu_course_exercise_comment WHERE id='2026722823315';
INSERT INTO edu_course_exercise_comment (id, path, course_exercise_qa_id, comment) VALUES ('2026722823315', ',2026722823315', '2026722823315', '<p>（3）第一，在论述“如果对待张烨这样的学生的时候”要结合教育教学知识。第二，要加入适当的阐述。</p>');
DELETE FROM edu_course_exercise WHERE id='185098';
INSERT INTO edu_course_exercise (id, question_type, course_id, content, easy_error, source, dw_checked, is_pk) VALUES ('185098', '15', '70707070', '<p>小张不爱说话，不与同学交流，不主动发言，受到表扬不喜形于色，受到指责批评大哭，用铅笔戳腿，经调查发现父亲经常外出出差，母亲单位上班，对其寄予厚望，小张潜意识认为自己不能犯错不能承担错误。</p>', '', '2016年广东中山市教育系统事业单位教师招聘 《教育理论》题第27题', '1', '0');
DELETE FROM edu_course_exercise_qa WHERE id='2026832';
INSERT INTO edu_course_exercise_qa (id, course_exercise_id, type, question, cando, answer, total_score) VALUES ('2026832', '185098', '15', '<p>（1）请分析产生这种行为的原因</p>', '1', '<p>（1）从人本主义学习理论来看：</p><p>小张缺失爱与归属的需要。马斯洛把需要分为五个层次，他认为人类的需要是相互联系、相互依赖和彼此重叠的，它们排列成一个由低到高逐级上升的层次。其中，最低层次的需要是生理需要，接着是安全的需要，归属和爱的需要，尊重的需要，处在最高层次的是自我实现的需要。其中归属和爱的需要主要指需要朋友、爱人或孩子，渴望在团体中与同事有深厚的关系等。小张的父亲经常外出出差，母亲又上班，给予小张的爱太少，以至于小张缺少爱的需要，导致了对错误的不能容忍。</p><p>从学习动机来看：</p><p>小张属于附属内驱力，也就是外部动机。附属内驱力是学生为了保持家长和教师等的赞许或认可而努力学习的一种需要。它是一种外部的动机。小张认真学习是为了不辜负父母对其的厚望，也就是说是希望得到父母的认可，这是一种外部学习动机，不利于获得成功。</p><p>从气质类型来看：</p><p>小张属于抑郁性的气质类型。抑郁质气质类型的特点是行为孤僻，不善交往，易多愁善感，反应迟缓，适应能力差，容易疲劳，性格具有明显的内倾。小张不爱说话，不喜欢与人交流，也不爱发言，对于表扬不喜形于色，对于批评则大哭，说明她的气质类型是抑郁质。</p>', '5');
DELETE FROM edu_course_exercise_qa WHERE id='2026832120';
INSERT INTO edu_course_exercise_qa (id, course_exercise_id, type, question, cando, answer, total_score) VALUES ('2026832120', '185098', '15', '<p>（2）如何进行心理教育？</p>', '1', '<p>（2）进行心理教育：</p><p>1.针对小张缺乏爱的需要，父母应该抽出更多的时间来陪伴她，给予她足够的爱。</p><p>2.针对小张的学习动机要激发小张的内部学习动机，比如学生的求知欲、学习兴趣、改善和提高自己能力的愿望等内部动机因素。</p><p>3.针对小张抑郁质的气质类型，应该更多地关心他，体贴他，鼓励他多参加活动，不要当众指责他。</p>', '10');
DELETE FROM edu_course_exercise_comment WHERE id='2026832';
INSERT INTO edu_course_exercise_comment (id, path, course_exercise_qa_id, comment) VALUES ('2026832', ',2026832', '2026832', '<p>第一：研读材料；第二：分析材料中相关的教育理论；第三：结合材料论述理论</p>');
DELETE FROM edu_course_exercise_comment WHERE id='2026832120';
INSERT INTO edu_course_exercise_comment (id, path, course_exercise_qa_id, comment) VALUES ('2026832120', ',2026832120', '2026832120', '<p>第一：研读材料；第二：分析材料中相关的教育理论；第三：结合材料论述理论</p>');
DELETE FROM edu_course_exercise WHERE id='186428';
INSERT INTO edu_course_exercise (id, question_type, course_id, content, easy_error, source, dw_checked, is_pk) VALUES ('186428', '15', '51515151', '<p>         李老师是一名中学美术教师，他常常说：“美术课堂不仅要教会学生画画，还应该培养学生更多的能力。”</p><p>        有一次，在和学生聊天时，李老师听说学生家里都有不少闲置的废弃衣物，弃之可惜，留之占地。于是李老师组织了“变旧为新”创意大赛，号召大家收集家里无用的旧衣物，将其进行改造。这一活动吸引了很多学生和家长参与，有的学生将旧衣物改成符合时尚潮流又具有独特魅力的新衣服；有的学生将旧衣物裁剪成布条、布块、制作成灯笼、小布娃等布艺饰品••••••学生们给旧衣物赋予了新的功能和价值，制作出缤纷多彩的作品。</p><p>        在教学中，李老师经常运用绘图技术进行视觉教学、听音乐作画、古诗词意境配画等，他还带学生去郊外写生。每年市里举办美术展览，他都带学生去参观，引导学生仔细观察、用心体会。李老师的美术课成了学生追捧的热门课，他个人也被评为学校最受学生喜爱的“十大明星老师”之一。</p>', '', '2017年上半年教师资格证考试《综合素质》（中学）题第30题', '1', '0');
DELETE FROM edu_course_exercise_qa WHERE id='2042506';
INSERT INTO edu_course_exercise_qa (id, course_exercise_id, type, question, cando, answer, total_score) VALUES ('2042506', '186428', '15', '<p>请结合材料，从教育观的角度，评析李老师的教育行为。</p>', '1', '<p>        材料中李老师的行为是恰当的，符合了素质教育相关的要求，是值得我们学习的。</p><p>        首先，素质教育是以培养学生创新精神和实践能力为重点的教育。材料中，李老师组织“变旧为新”的创意大赛，此项活动学生们将旧衣服裁剪成了各种各样的作品，赋予新的价值。</p><p>        其次，新课改背景下的教学观要求从重结论轻过程转向重结论更重过程。材料中的老师在教学过程中经常带学生去郊外写生，参加画展，让学生用心感受美术的魅力，这都是注重教学过程的体现。</p><p>       最后，新课改背景下的教学观要求教学从教会学生知识转向教会学生学习。材料中的老师认为美术课不仅要教会学生画画，更重要的是培养学生能力。教学过程听到学生聊天的话题，组织“变旧为新”的创意大赛，增强学生实践能力。</p><p>       综上所述，该老师的做法是合理的，符合了素质教育观的要求，是值得我们学习的。</p>', '14');
DELETE FROM edu_course_exercise_comment WHERE id='2042506';
INSERT INTO edu_course_exercise_comment (id, path, course_exercise_qa_id, comment) VALUES ('2042506', ',2042506', '2042506', '<p>第一：认真审题，从题目出发寻找答题要点。本题的答题角度是教育观，要求从教育观的角度对李老师的教育行为进行评析；第二：回忆教育观的相关内容，主要是素质教育的内涵和新课程的教学观两个方面的内容；第三：回到材料寻找与教育观相匹配的答题点，本题材料并未涉及教学过程，主要体现了教师的素质教育观；第四：采用总-分-总的结构进行评析。</p>');
DELETE FROM edu_course_exercise WHERE id='186432';
INSERT INTO edu_course_exercise (id, question_type, course_id, content, easy_error, source, dw_checked, is_pk) VALUES ('186432', '15', '51515151', '<p>        刚参加工作，我就担任高一（2）班的班主任，一个月过去了，我所在的班自习课基本上没有安静的时刻，学生肆意串桌、嬉笑打闹，纸飞机在教室内飞来飞去。我厉声斥责、摔粉笔盒、还抓过几个捣蛋头罚站，让他们写检查，打扫卫生••••••办法想了一个又一个，可见效甚微。隔壁杨老师班上却总是静悄悄的，我几次从他们班门前走过，都发现杨老师只是坐在讲台上看书，学生在安静学习。</p><p>        我纳闷，杨老师有什么“魔法”让学生如此安静？我向她询问管理学生的方法。她微笑着说：“我其实有点‘不负责任’呢。她们嬉闹的时候，我不说一句话，就在那里看书。慢慢地，他们也就安静了。”她说得风清云淡，可我知道，事情绝没有那么简单。看到我疑惑的样子，杨老师换一种方式跟我解释：“我曾经看到过两幅画，都叫《安静》，一幅画的是一个湖，湖面平静如镜，湖中倒映着远山和花草；另一幅画的是激流直泻的瀑布，旁边有一棵小树，小枝桠上有一个鸟巢，巢里面有一只可爱的小鸟正在酣睡。你觉得哪一幅画更好呢？”</p><p>        我想了一下，回答说：“后者更好，通过直泻瀑布与酣睡小鸟这一动一静的细节对比，凸显内心的静然。”</p><p>        “对啊，”杨老师笑着说，“他们不是不是喜欢闹吗？那我就来一个动静对比，一个人安安静静地看书。看我安安静静的，他们怎么好意思再嬉闹呢？您知道吗？有时候安静要比喧闹更有力量。”</p><p>        我豁然开朗。</p>', '', '2017年上半年教师资格证考试《综合素质》（中学）题第31题', '1', '0');
DELETE FROM edu_course_exercise_qa WHERE id='2042516';
INSERT INTO edu_course_exercise_qa (id, course_exercise_id, type, question, cando, answer, total_score) VALUES ('2042516', '186432', '15', '<p>请结合材料，从教师节职业道德的角度，评析杨老师的教育行为。</p>', '1', '<p>       材料中杨老师的行为符合中小学教师职业道德规范的相关要求，是值得我们学习的。</p><p>       首先，中小学职业道德规范要求老师做到为人师表。为人师表要做到严于律己、以身作则，团结协作，尊重家长。材料中，杨老师面对同学们的嬉笑打闹并没有严厉制止，而是安静的坐在那里看书，用自己的实际行动像学生诠释了学习的方式，是以身作则的表现。同时面对同事询问管理方式，积极帮助，这都是为人师表的体现。</p><p>       其次，中小学职业道德规范要求老师做到教书育人。教书育人要求老师遵循教育规律，实施素质教育。诲人不倦，因材施教，培养学生良好品行。材料中，杨老师的课堂上自己在讲台上看书，学生安静的学习。面对学生的嬉笑打闹，并没有强烈制止，而是以静制动。这样良好的气氛，正是平时教育有方，注重育人的体现。</p><p>       最后，老师的行为体现了关爱学生。关爱学生要求关爱全体学生平等公正对待每一个学生。对学生严慈相济，做学生良师益友，保障学生身心健康。材料中，杨老师对学生没有过分严厉，而是研究教育规律，以一种慈爱的方式去教育学生，保证学生的身心健康。</p><p>       综上所述，杨老师的行为符合了职业道德规范，做到了关爱学生、教书育人、为人师表等要求，是值得学习的。</p>', '14');
DELETE FROM edu_course_exercise_comment WHERE id='2042516';
INSERT INTO edu_course_exercise_comment (id, path, course_exercise_qa_id, comment) VALUES ('2042516', ',2042516', '2042516', '<p>第一，从问题出发寻找答题点，本题的答题点就是《中小学教师职业道德规范》的内容；第二，回忆《中小学教师职业道德规范》的内容；第三，回到材料中寻找与《中小学教师职业道德规范》内容相匹配的答题点；第四，按照总-分-总的结构合理组织语言。</p>');
DELETE FROM edu_course_exercise WHERE id='186434';
INSERT INTO edu_course_exercise (id, question_type, course_id, content, easy_error, source, dw_checked, is_pk) VALUES ('186434', '15', '51515151', '<p>       从最根本的意义上来说，文学是一项寻求认同的事业——作者通过写作来寻求理解，寻觅知音，而读者则通过阅读，来发现作者并与他们建立认同。作家通过区分不同的读者类型，针对特定的阅读对象，使用相应的语言和叙事策略，为他们提供读物，从而获得读者和市场的认同。但实际上，真正意义上的文学写作，不仅考虑现实的读者，同时也在向未来和可能的读者寻求认同。</p><p>      比如说，在文学出版、印刷、传播很不发达的古代社会中，作家们的作品在当世的传播受到极大的限制。对古代的作者而言，他们的写作大多没有任何商业报酬，也很少现实的读者。正因为如此，他们只有对未来的读者加以想象，才能获得写作的基本动力。所谓的“文章千古事”，说的就是这个意思。而在现代社会中，很多作家的写作也向未来敞开。当时不为人知，在后世却成为一代经典的作品，即便是在近现代文学史上也比比皆是。所以说，文学本身就具有某种“待访”的性质：作家有点像是在茫茫大海上建立岛屿的人，而读者则像是航海者和旅行者。作家之所以在孤寂中建立岛屿，当然是希望有一天能与他们的读者相遇。</p><p>　　对于另一些作家来说，他们的目光也会投向过去。他们试图与那些早已不在人世的文学先辈们进行对话。从某种意义上说，他们是在与先驱者所确立的文学标准对话。当然，他们也是在跟自己内心的目标进行对话。每一个优秀的作家，心中都有一个隐秘而清晰的目标。读者和社会的认同、商业上的成功是一回事，而能否接近和达到这个目标，则是另一回事。就中国文学而言，李白、杜甫、苏轼、曹雪芹等人确立了古典文学的标准，而鲁迅先生则代表了近现代以来中国文学和思想的新高度。也可以说，我们实际上面对着两个伟大的传统。我们置身于这两个传统之中，受到它们的护佑，分享它们的文学资源，向它们表达敬意，同时也在与它们进行对话，并尝试着作出新的文学变革。因此，任何有价值的写作，都是对传统的某种回应，即便是对传统的质疑和挑战，也是一种重要的回应。</p><p>　　所以，严格地来说，文学写作中对读者的想象，既是一种向现实和未来读者寻求认同的过程，同时也是对传统的再确认过程。我认为，这种具备了过去、现实和未来开放性视野的创作，才称得上是一种开放的写作。</p><p>                          （摘编自格非 《文学在读者中寻找认同》 ）</p>', '', '2017年上半年教师资格证考试《综合素质》（中学）题第32题', '1', '0');
DELETE FROM edu_course_exercise_qa WHERE id='2042518';
INSERT INTO edu_course_exercise_qa (id, course_exercise_id, type, question, cando, answer, total_score) VALUES ('2042518', '186434', '15', '<p>（1）画线句“文学是一项寻求认同的事业”中“认同”的含义是什么？请简要概括。</p>', '1', '<p>   （1）认同是指：作者通过写作来寻求理解，寻觅知音；而读者通过阅读，来发现作者并与他们建立认同，是一种思想观念上的理解和认同，一种读者和作者之间的相互契合。（4分）</p>', '4');
DELETE FROM edu_course_exercise_qa WHERE id='204251835';
INSERT INTO edu_course_exercise_qa (id, course_exercise_id, type, question, cando, answer, total_score) VALUES ('204251835', '186434', '15', '<p>（2）如何理解文末所言的“开放的写作”？请结合文本，简要分析。</p>', '1', '<p>  （2）开放的写作是指：文学写作中对读者的 想象，即是一种向现实和未来读者寻求认同的过程，同时也是对传统的再确认的过程，我认为，只有具备了过去、现实和未来开放性的创作，才是一种开放的写作。</p>', '10');
DELETE FROM edu_course_exercise_comment WHERE id='2042518';
INSERT INTO edu_course_exercise_comment (id, path, course_exercise_qa_id, comment) VALUES ('2042518', ',2042518', '2042518', '<p>（1）细节理解题：寻找文段中的关键词，本题问的是画线句“文学是一项寻求认同的事业”中“认同”的含义，结合文中对“认同”的解释进行作答。</p>');
DELETE FROM edu_course_exercise_comment WHERE id='204251835';
INSERT INTO edu_course_exercise_comment (id, path, course_exercise_qa_id, comment) VALUES ('204251835', ',204251835', '204251835', '<p>（2）概括总结题：在文中找到“开放的写作”所在的位置，联系前后文段，找到能解释这句话意思的句子，结合文段阐释对这句话的理解。</p>');
DELETE FROM edu_course_exercise WHERE id='187904';
INSERT INTO edu_course_exercise (id, question_type, course_id, content, easy_error, source, dw_checked, is_pk) VALUES ('187904', '15', '70707070', '<p>在幼儿园时幻想拥有一头霸王龙的坐骑，到一二年级渴望拥有一座自己的天文台，要发现一颗新的彗星，以自己的名字命名；到了四年级则沉浸在哈里•波特的世界里，梦想得到一支魔力棒，只要一抖肩膀，就会落下一地羡慕的眼球；到了初中，也曾梦想当上AULDEY公司的总裁。可是突然有一天，“儿子”梦想却由神圣变得平庸，由高尚变得低俗，只想做乡下奶奶家一只自由自在的狗了。是什么让“儿子”的象牙塔轰然倒地呢?是什么让“儿子”的梦想蜕变得如此的简单?</p><p>资料来源：雷泰平的杂文《儿子说：愿做一条自在的狗》（《杂文选刊》2004年第8期）</p><p>请你根据教育学相关原理，回答下述问题：</p>', '', '2013年山东省青岛市教师招聘考试题试卷第46题', '1', '0');
DELETE FROM edu_course_exercise_qa WHERE id='2068550';
INSERT INTO edu_course_exercise_qa (id, course_exercise_id, type, question, cando, answer, total_score) VALUES ('2068550', '187904', '15', '<p>（1）你认为是什么改变了“儿子”的想法?</p>', '1', '<p>（1）“儿子”之所以有这种转变是因为当前的应试化、非生活化的学校教育。教育本身应该让孩子对未来充满幻想，给孩子插上梦想的翅膀，可是教育一旦与功利与金钱相结合之后就会失去本来的意义，会掩盖了教育应该传递的真情、理想。当前的教育只是注重一味地传授，没有情感，是不生动的教育，甚至是灌输式的应试教育，这些给孩子带来的不是理想的翅膀，而是源源不断的压力。于是，“儿子”的象牙塔倒了，想要变成一只自由自在的狗。</p>', '6');
DELETE FROM edu_course_exercise_qa WHERE id='20685501';
INSERT INTO edu_course_exercise_qa (id, course_exercise_id, type, question, cando, answer, total_score) VALUES ('20685501', '187904', '15', '<p>（2）你认为学校教育的目的应该是什么?</p>', '1', '<p>（2）学校作为教育的主要场所，应该贯彻素质教育的要求，面向全体学生，让学生全面发展和个性发展，并且培养学生的创新精神和创造性思维。</p><p>首先，学校教育目的应该改变以往的灌输式教学，从注重结果转移到注重过程，让学生自己探索知识。</p><p>其次，学校教育目的应该强调课程内容与社会生活的联系，关注学生的兴趣和经验，培养学生必备的基础知识和基本技能。</p><p>第三，学校教育目的应该让学生参与到教学中，培养学生问题的处理能力，合作意识等。</p><p>综上所述，学校的教育目的不仅仅是为了教好学生，更是为了让每个学生都得到全面个性的发展。</p>', '4');
DELETE FROM edu_course_exercise_comment WHERE id='2068550';
INSERT INTO edu_course_exercise_comment (id, path, course_exercise_qa_id, comment) VALUES ('2068550', ',2068550', '2068550', '<p>（1）第一：通读材料，找准材料中的关键点；第二：结合材料寻找相关的教育原理；第三：对问题进行描述。</p>');
DELETE FROM edu_course_exercise_comment WHERE id='20685501';
INSERT INTO edu_course_exercise_comment (id, path, course_exercise_qa_id, comment) VALUES ('20685501', ',20685501', '20685501', '<p>（2）第一：通读材料，找准材料中的关键点；第二：结合材料寻找相关的教育原理；第三：对问题进行描述。</p>');
DELETE FROM edu_course_exercise WHERE id='187906';
INSERT INTO edu_course_exercise (id, question_type, course_id, content, easy_error, source, dw_checked, is_pk) VALUES ('187906', '15', '70707070', '<p>近年来，多媒体技术在课堂上的使用得到了加强，然而，前两天在某市举行的教学公开课评比中，大量使用电脑多媒体等现代化教学手段的老师反而没有获奖，理由是电脑多媒体虽然先进，信息量大，能使课堂丰富多彩，但用多了并不是好事，有可能使学生思维退化，校长举了一个例子，他说：“语文课一个重要的功能是培养学生的想象能力，有的教师把文字的东西变成图像，声音，用多媒体一下子展现出来，看似很热闹，但学生进行想象的机会被抹杀了，数学也是这样，有的时候数学课上会出现一个情景，要想证明这个题目，得加一条辅助线，辅助线加在哪里，老师鼠标一点，啪，出来了，但是这并不是学生认识的过程，而是强加给学生的，长期这样训练的结果是什么?是学生对事物的探索能力降低了。”</p><p>请你根据教育学相关原理，回答下述问题：</p>', '', '2013年山东省青岛市教师招聘考试题试卷第47题', '1', '0');
DELETE FROM edu_course_exercise_qa WHERE id='2068552';
INSERT INTO edu_course_exercise_qa (id, course_exercise_id, type, question, cando, answer, total_score) VALUES ('2068552', '187906', '15', '<p>（1）你如何评价材料中校长的观点?</p>', '1', '<p>（1）</p><p>赞同校长的观点。</p><p>多媒体教学既有优点，但也存在局限性，如果使用不恰当，反而会带来负面影响。</p><p>首先，多媒体的使用会让个别老师利用大数据处理的优势，加大了信息量，让课堂内容更加的繁杂，没有重点，从而使得课堂节奏过快，学生在面对如此大的信息量时，没有足够的时间来消化吸收，让知识变成了走马观花式的浏览。案例中多媒体教学“信息量大”容易导致教师教学速度快，学生跟不上的结果，就是多媒体的一种弊端。</p><p>其次，多媒体还会阻碍学生的想象力的发展，多媒体直接呈现了知识，有画面有动画，禁锢了学生的想象，变成了被动的接受知识，被迫来接受这些深奥的道理，从而不会思考其中蕴含的真正内在规律。案例中数学课的例子就是多媒体的另一种弊端。</p><p>综上所述，多媒体虽然可以给教学带来了便利，但是同时它也存在一定的弊端，使用时要合理利用多媒体，让它成为教学的辅助，而不是教学的主要环节。</p>', '4');
DELETE FROM edu_course_exercise_qa WHERE id='206855292';
INSERT INTO edu_course_exercise_qa (id, course_exercise_id, type, question, cando, answer, total_score) VALUES ('206855292', '187906', '15', '<p>（2）你认为应该如何合理使用现代化教学手段?</p>', '1', '<p>（2）</p><p>首先，正确认识多媒体教学的辅助地位。多媒体教学在课堂教学中起着重要作用，但它不能代替课堂的教学活动。它只是在传统教学的基础上增加的辅助工具，因此课堂上仍旧不能抛弃传统的教学手段，要合理的利用多媒体和粉笔、黑板以及普通教具之间的关系，并且多媒体的利用要考虑时间因素，在恰当的时间进行多媒体的展示。</p><p>其次，多媒体教学同时要适当精简化，给学生留有充分的思考时间，让学生充分了解知识的基础上进行多媒体展示，多媒体的利用是为了更好的让学生理解知识，而不是代替了学生思考。同时多媒体运用要与学生的互动相结合。</p><p>最后，建立相应的评价体系，并且深入的研究多媒体的使用，恰当的设计配套课件，多媒体技术与教学内容相对应，加强师资培训，建立更加合理科学的评价体系。</p><p>综上所述，多媒体的使用需要考虑一个度，在不超过这个度的基础上合理使用多媒体的辅助作用，同时加强教师的培训，让多媒体发挥更有效的作用。</p>', '6');
DELETE FROM edu_course_exercise_comment WHERE id='2068552';
INSERT INTO edu_course_exercise_comment (id, path, course_exercise_qa_id, comment) VALUES ('2068552', ',2068552', '2068552', '<p>（1）第一：通读材料，找准材料中的关键点；第二：对问题进行判断；第三：阐明观点，并对问题进行描述。</p>');
DELETE FROM edu_course_exercise_comment WHERE id='206855292';
INSERT INTO edu_course_exercise_comment (id, path, course_exercise_qa_id, comment) VALUES ('206855292', ',206855292', '206855292', '<p>（2）第一：通读材料，找准材料中的关键点；第二：结合材料寻找相关的教育原理；第三：阐明自己的观点。</p>');
DELETE FROM edu_course_exercise WHERE id='187920';
INSERT INTO edu_course_exercise (id, question_type, course_id, content, easy_error, source, dw_checked, is_pk) VALUES ('187920', '15', '70707070', '<p>教学实际中我们常常发现，在许多课堂上，教师只管自己讲述，学生没有适当的反应，甚至各行其是，如看小说、发信息、听音乐。久而久之，课堂变成了一个人际疏离、情感淡漠、效率低下的场所。</p>', '', '2014年山东省淄博市周村区教师招聘考试题第41题', '1', '0');
DELETE FROM edu_course_exercise_qa WHERE id='187920395';
INSERT INTO edu_course_exercise_qa (id, course_exercise_id, type, question, cando, answer, total_score) VALUES ('187920395', '187920', '15', '<p>（2）根据原因，提出相应的改进措施。</p>', '1', '<p>（2）结合材料，要想改变课堂中的这种现象，教师要做到以下几点：</p><p>       （1）教师要认识自我，加强个性修养。</p><p>       （2）教师要树立正确的职业观念。</p><p>       （3）善于调节心理状态，增强教师角色适应能力。</p><p>       （4）寻求学校的帮助。</p><p>       （5）寻求社会的支持。</p><p>此外，教师个体在无力解决自己因职业倦怠而引发的心理问题时，求助于心理专家进行咨询、诊断与治疗也是十分必要的。</p><p>综上所述，可以通过以上方法改变材料中教师的现状。</p>', '12');
DELETE FROM edu_course_exercise_qa WHERE id='187920596';
INSERT INTO edu_course_exercise_qa (id, course_exercise_id, type, question, cando, answer, total_score) VALUES ('187920596', '187920', '15', '<p>（3）结合实际谈谈一堂好课应该具备怎样的标准。</p>', '1', '<p>（3）一堂好课的标准有：</p><p>       （1）目的明确：一是目标制定得当，符合课程标准的要求及学生的实际；二是课堂上的一切教学活动都应该围绕教学目的来进行。</p><p>       （2）内容正确：保证教学内容的科学性和思想性。</p><p>       （3）方法得当：指教师根据教学任务、内容和学生的特点选择较佳的方法进行教学，力求使教学取得较好的效果。</p><p>       （4）结构合理：要有严密的计划性和组织性。课的进程次序分明、有条不紊，课的进行紧凑，不同任务变换时过渡自然，课堂秩序良好。</p><p>       （5）语言艺术：讲普通话，要清楚、注意抑扬顿挫等。</p><p>       （6）气氛热烈：课应该自始至终在教师的指导下充分发挥学生的积极性。教师注意因材施教，使每个学生都能积极地动脑、动手、动口，课堂内充满民主的气氛，形成生动活泼的教学局面。</p><p>       （7）板书有序：形式上字迹规范、清楚、位置适宜；内容上重点突出，条理清晰。</p><p>       （8）态度从容：充满自信，适当应用肢体语言。</p>', '16');
DELETE FROM edu_course_exercise_qa WHERE id='2069746';
INSERT INTO edu_course_exercise_qa (id, course_exercise_id, type, question, cando, answer, total_score) VALUES ('2069746', '187920', '15', '<p>（1）请你从教师自身的因素分析产生这种现状的原因。</p>', '1', '<p>（1）结合材料，出现这种现状的原因主要是教师产生了倦怠心理。因为社会、学校、个人等因素，教师容易产生工作效率下降、不关心学生的行为。</p><p>第一，从社会看，教师的工资待遇和社会地位与其劳动强度不成正比，极易挫伤教师的积极性，导致心理上的极度疲劳。</p><p>第二，从学校看，学校本身是一个复杂的社会组织。学校的组织氛围和谐，是教师心情愉快、工作效率高的保证；学校对教学的评价机制是否科学也会影响教师的工作积极性和创造性；教师的职业特殊性也决定了教师在这种工作压力下容易产生职业倦怠。</p><p>第二，从个人看，A型性格、低自尊或外控的教师容易出现职业倦怠。</p><p>综上所述，产生教师这种行为的原因主要包括社会、学校、个人自身特点等。</p>', '12');
DELETE FROM edu_course_exercise_comment WHERE id='187920788';
INSERT INTO edu_course_exercise_comment (id, path, course_exercise_qa_id, comment) VALUES ('187920788', ',187920788', '187920395', '<p>（2）第一：根据问题（2）对应问题（1）中的原因；第二：结合原因针对性的解决问题；第三：结合材料进行分析。</p>');
DELETE FROM edu_course_exercise_comment WHERE id='187920675';
INSERT INTO edu_course_exercise_comment (id, path, course_exercise_qa_id, comment) VALUES ('187920675', ',187920675', '187920596', '<p>（3）第一：根据问题查找知识点；第二：将题目涉及相关理论进行完善并完整论述；第三：结合实际进行分析。</p>');
DELETE FROM edu_course_exercise_comment WHERE id='2069746';
INSERT INTO edu_course_exercise_comment (id, path, course_exercise_qa_id, comment) VALUES ('2069746', ',2069746', '2069746', '<p>（1）第一：根据问题查找为教师心理的相关内容；第二：将题目涉及相关理论进行完善并完整论述；第三：结合材料进行分析。</p>');
DELETE FROM edu_course_exercise WHERE id='188106';
INSERT INTO edu_course_exercise (id, question_type, course_id, content, easy_error, source, dw_checked, is_pk) VALUES ('188106', '15', '70707070', '<p>初二年级一班的张亮是个问题学生，他成绩不好，经常与同学打架，抢同学东西，有时从同学背后推一把，有时甚至追着同学打。作为班主任，你请来了张亮的父亲说明情况，不料，张亮的父亲对他的说法不以为然，说他的孩子还小，长大了就好了。转脸又对其他的老师说他的儿子这是在保护自己，免受别人欺负。</p>', '', '2014年天津市北辰区教师招聘考试题第48题', '1', '0');
DELETE FROM edu_course_exercise_qa WHERE id='2074736';
INSERT INTO edu_course_exercise_qa (id, course_exercise_id, type, question, cando, answer, total_score) VALUES ('2074736', '188106', '15', '<p>结合所学知识分析上述材料。（10分）</p>', '1', '<p>材料中学生张亮的各种不良问题行为，以及其父亲的纵容态度，暴露出其放纵型的教养方式。</p><p>采用这种教养方式的父母，对孩子过于溺爱，让孩子随心所欲，父母对孩子的教育有时达到失控的状态。在这种环境中成长的孩子多表现为任性、幼稚、自私、野蛮、无礼、独立性差、蛮横无理、胡闹等。</p><p>综上所述，材料中张亮的行为暴露出了放纵型的教养方式。</p>', '10');
DELETE FROM edu_course_exercise_qa WHERE id='2074738';
INSERT INTO edu_course_exercise_qa (id, course_exercise_id, type, question, cando, answer, total_score) VALUES ('2074738', '188106', '15', '<p>作为班主任设计张亮问题的解决方案。（10分）</p>', '1', '<p>作为班主任，我对张亮问题的解决方案如下：</p><p>（1）改善张亮的人际关系，消除其恐惧心理和对立情绪。</p><p>（2）保护张亮的自尊心，培养其集体荣誉感。</p><p>（3）讲究谈话艺术，提高张亮的道德认知。</p><p>（4）锻炼张亮与诱因做斗争的毅力，巩固新的行为习惯。</p><p>（5）注重张亮的个别差异，运用教育机智对其进行专门的针对性教育。</p><p>（6）班主任要与张亮的父亲多沟通其家庭教养方式，引导其转变放纵型为民主型。</p><p>综上所述，作为一名班主任，应该要合理的运用以上德育的方法和途径解决张亮的问题。</p>', '10.0');
DELETE FROM edu_course_exercise_comment WHERE id='2074736';
INSERT INTO edu_course_exercise_comment (id, path, course_exercise_qa_id, comment) VALUES ('2074736', ',2074736', '2074736', '<p>第一：根据问题回归材料；第二：分析张亮出现的问题；第三：结合材料用知识点阐明问题。</p>');
DELETE FROM edu_course_exercise_comment WHERE id='2074738';
INSERT INTO edu_course_exercise_comment (id, path, course_exercise_qa_id, comment) VALUES ('2074738', ',2074738', '2074738', '<p>第一：根据问题回归材料；第二：分条将题目涉及相关理论结合材料进行论述</p>');
DELETE FROM edu_course_exercise WHERE id='188198';
INSERT INTO edu_course_exercise (id, question_type, course_id, content, easy_error, source, dw_checked, is_pk) VALUES ('188198', '15', '70707070', '<p>        张老师是某小学二年级的班主任，在他的班级里，气氛轻松，学生们他的方法既有趣又有效。下面是张老师自己阐述如何运用强化来鼓励学生遵守纪律、积极向上的：“我在班上总是用玻璃球强化学生好的行为。我有一个空玻璃瓶，当学生表现得很好时，我就往瓶子里放一个玻璃球。例如，其他老师来我们班讲课或者我们的学生去图书馆时，学生们如果很快安静下来，安心听讲，我就会给他们一个玻璃球。我的准则就是他们不能向我要玻璃球，而是我告诉他们坐姿要端正、进行消防训练时不能说话，这些都是应该做到的。我一周可能会给全班同学2-3次玻璃球，可以说是一种变化的程序。当瓶子装满的时候，我们就可以组织一次联欢会，给他们看一会儿卡通片，我还会给他们带来冰琪淋或者其他好吃的东西。”</p><p>根据上述材料，回答下面的问题：</p>', '', '2016年浙江省教师招聘考试题 《教育基础知识·小学》第26题', '1', '0');
DELETE FROM edu_course_exercise_qa WHERE id='2078264';
INSERT INTO edu_course_exercise_qa (id, course_exercise_id, type, question, cando, answer, total_score) VALUES ('2078264', '188198', '15', '<p>（1）强化的作用和原理是什么?结合该材料谈谈强化对于课堂管理的意义。</p>', '1', '<p>（1）斯金纳认为，学习实质上是一种反应概率上的变化，而强化是增强反应概率的手段。斯金纳认为，人和动物的行为有两种：应答性行为和操作性行为。应答性行为是由特定刺激所引起的，是经典条件作用的研究对象。而操作性行为则不与任何特定刺激相联系，是有机体自发作出的随意反应，是操作性条件作用的研究对象。操作性行为主要受强化规律的制约。</p><p>正强化是指给予一个愉快刺激，从而增强其行为出现的概率。在使用正强化时，可以使用这样一个原则——普雷马克原理，即用高频的活动作为低频活动的强化物，或者用学生喜爱的活动去强化学生参与不喜爱的活动。比如“你吃完这些青菜，就可以去玩”。材料中老师在学生表现好的时候奖励一个玻璃球，通过增加玻璃球这样的愉快刺激来管理学生，让学生遵守课堂纪律，使得学生好的行为出现。这样的管理方式是可行的，可以增加学生良好行为的出现频率，维护课堂纪律和学生的行为习惯。</p>', '5');
DELETE FROM edu_course_exercise_qa WHERE id='207826438';
INSERT INTO edu_course_exercise_qa (id, course_exercise_id, type, question, cando, answer, total_score) VALUES ('207826438', '188198', '15', '<p>（2）斯金纳在实验研究中所安排的强化程序有哪几种？哪一种或哪几种效果最好，这个材料中，张老师所采用的是哪一种强化程序?</p>', '1', '<p>（2）斯金纳在实验研究中安排了五种强化程序：连续强化、定时强化、不定时强化、定比强化和不定比强化。其中不定时和不定比强化最好；在材料中,张老师采用的是不定比强化,因此效果很好。</p>', '5');
DELETE FROM edu_course_exercise_qa WHERE id='2078264386';
INSERT INTO edu_course_exercise_qa (id, course_exercise_id, type, question, cando, answer, total_score) VALUES ('2078264386', '188198', '15', '<p>（3）结合该材料指出强化物有哪几类?</p>', '1', '<p>（3）所有对行为具有加强作用的物体或活动等都是强化物,强化物可以分为以下几类：</p><p>①食物类,如该材料中的冰淇淋或者其它好吃的东西。</p><p>②实物类,如奖状、玩具、铅笔等。</p><p>③语言类,如表扬等。</p><p>④代币物,如该案例中的玻璃球。</p><p>⑤喜好的活动,如该案例中的联欢会、看卡通片等。</p>', '4');
DELETE FROM edu_course_exercise_comment WHERE id='2078264';
INSERT INTO edu_course_exercise_comment (id, path, course_exercise_qa_id, comment) VALUES ('2078264', ',2078264', '2078264', '<p>（1）第一：根据问题回归材料；第二：将题目涉及相关理论进行完善并完整论述；第三：结合材料进行分析。</p>');
DELETE FROM edu_course_exercise_comment WHERE id='207826438';
INSERT INTO edu_course_exercise_comment (id, path, course_exercise_qa_id, comment) VALUES ('207826438', ',207826438', '207826438', '<p>（2）第一：根据问题回归材料；第二：将题目涉及相关理论进行完善并完整论述；第三：结合材料进行分析。</p>');
DELETE FROM edu_course_exercise_comment WHERE id='2078264386';
INSERT INTO edu_course_exercise_comment (id, path, course_exercise_qa_id, comment) VALUES ('2078264386', ',2078264386', '2078264386', '<p>（3）第一：根据问题回归材料；第二：将题目涉及相关理论进行完善并完整论述；第三：结合材料进行分析。</p>');
DELETE FROM edu_course_exercise WHERE id='188322';
INSERT INTO edu_course_exercise (id, question_type, course_id, content, easy_error, source, dw_checked, is_pk) VALUES ('188322', '15', '10101010', '<p>材料：在经济特区发展取得经验的基础上，沿海开放城市和开放地区的建设也迈出了新的步伐。 1984年中共中央和国务院决定对大连、秦皇岛、天津、烟台、青岛、连云港、南通、上海、宁波、温州、福州、广州、湛江、北海等14个沿海城市和海南岛实行开放政策。</p><p>                                                    革德行主编《中华人民共和国史》</p>', '', '2016年上半年教师资格证考试《初中历史》题第29题', '1', '0');
DELETE FROM edu_course_exercise_qa WHERE id='2083104';
INSERT INTO edu_course_exercise_qa (id, course_exercise_id, type, question, cando, answer, total_score) VALUES ('2083104', '188322', '15', '<p>（1）材料中所读的“经济特区”指的是哪些城市？</p>', '1', '<p>（1）经济特区指的是深圳、珠海、汕头和厦门。</p>', '4');
DELETE FROM edu_course_exercise_qa WHERE id='208310486';
INSERT INTO edu_course_exercise_qa (id, course_exercise_id, type, question, cando, answer, total_score) VALUES ('208310486', '188322', '15', '<p>（2）材料的“沿海开放城市”与“经济特区”在开放程度上有何区别？</p>', '1', '<p>（2）①经济特区是对外经济活动中采取较国内其他地区更加开放和灵活特殊政策的特定地区。沿海开放城市是中国沿海地区对外开放的窗口和媒介，并在对外经济活动中实行经济特区的某些特殊政策的一系列港口城市，是经济特区的发展。</p><p>②经济特区是最为开放的，它的范围是指一个特定地区，包括城市和周围的村镇等等；沿海开放城市是指在某一个城市中实施经济特区的某些特殊政策，开放程度不及经济特区。</p>', '6');
DELETE FROM edu_course_exercise_qa WHERE id='20831048695';
INSERT INTO edu_course_exercise_qa (id, course_exercise_id, type, question, cando, answer, total_score) VALUES ('20831048695', '188322', '15', '<p>（3）简述改革开放后形成的对外开放格局。</p>', '1', '<p>（3）①从1980年起，我国先后建立了深圳、珠海、汕头、厦门和海南五个经济特区。</p><p>②1984年，中共中央、国务院决定进一步开放大连、秦皇岛、天津、广州等14个沿海港口城市。</p><p>③1985年1月，中共中央、国务院在北京召开长江、珠江三角洲和闽南厦漳泉三角地区座谈会，提出把上述三个“三角”区开辟为沿海经济开放区。</p><p>④1990年4月18日，时任国务院总理的李鹏在上海大众汽车投产仪式上宣布：中国政府决定开发开放浦东。1992年，开发上海浦东成为经济建设的重点，同时也成为中国进一步对外开放的标志。</p><p>⑤目前，中国的对外开放已经形成了从经济特区到沿海开放城市，再到内陆省会城市，从东部到中西部全方位、多层次的新格局。它有力地推动了中国经济的发展，越来越适应经济和科技发展的全球化趋势</p>', '6');
DELETE FROM edu_course_exercise_comment WHERE id='2083104';
INSERT INTO edu_course_exercise_comment (id, path, course_exercise_qa_id, comment) VALUES ('2083104', ',2083104', '2083104', '<p>本题考查有关中国对外开放格局的形成相关内容。</p><p>中国共产党十一届三中全会确定了对外开放的方针。1980年8月26日，第五届全国人大常委会第15次会议决定，批准国务院提出的决定在广东省的深圳、珠海、汕头和福建省厦门建立经济特区。</p><p>经济特区是在国内划定一定范围，在对外经济活动中采取较国内其它地区更加开放和灵活的特殊政策的特定地区。从特征上讲，经济特区是我国采取特殊政策和灵活措施吸引外部资金、特别是外国资金进行开发建设的特殊经济区域；从功能上讲，经济特区是我国改革开放和现代化建设的窗口、排头兵和试验场。14个沿海开放城市是：大连、秦皇岛、天津、烟台、青岛、连云港、南通、上海、宁波、温州、福州、广州、湛江、北海。沿海开放城市是中国沿海地区对外开放的、并在对外经济活动中实行经济特区的某些特殊政策的一系列港口城市，是经济特区的延伸，这些沿海港口城市实行对外开放后，在扩大地方权限和给予外商投资者优惠方面，开放程度不及经济特区。</p><p>目前，中国的对外开放已经形成了从经济特区到沿海开放城市，再到内陆省会城市，从东部到中西部全方位、多层次的新格局。它有力地推动了中国经济的发展，越来越适应经济和科技发展的全球化趋势。</p><p>综上分析可得出答案。</p>');
DELETE FROM edu_course_exercise_comment WHERE id='208310486';
INSERT INTO edu_course_exercise_comment (id, path, course_exercise_qa_id, comment) VALUES ('208310486', ',208310486', '208310486', '<p>本题考查有关中国对外开放格局的形成相关内容。</p><p>中国共产党十一届三中全会确定了对外开放的方针。1980年8月26日，第五届全国人大常委会第15次会议决定，批准国务院提出的决定在广东省的深圳、珠海、汕头和福建省厦门建立经济特区。</p><p>经济特区是在国内划定一定范围，在对外经济活动中采取较国内其它地区更加开放和灵活的特殊政策的特定地区。从特征上讲，经济特区是我国采取特殊政策和灵活措施吸引外部资金、特别是外国资金进行开发建设的特殊经济区域；从功能上讲，经济特区是我国改革开放和现代化建设的窗口、排头兵和试验场。14个沿海开放城市是：大连、秦皇岛、天津、烟台、青岛、连云港、南通、上海、宁波、温州、福州、广州、湛江、北海。沿海开放城市是中国沿海地区对外开放的、并在对外经济活动中实行经济特区的某些特殊政策的一系列港口城市，是经济特区的延伸，这些沿海港口城市实行对外开放后，在扩大地方权限和给予外商投资者优惠方面，开放程度不及经济特区。</p><p>目前，中国的对外开放已经形成了从经济特区到沿海开放城市，再到内陆省会城市，从东部到中西部全方位、多层次的新格局。它有力地推动了中国经济的发展，越来越适应经济和科技发展的全球化趋势。</p><p>综上分析可得出答案。</p>');
DELETE FROM edu_course_exercise_comment WHERE id='20831048695';
INSERT INTO edu_course_exercise_comment (id, path, course_exercise_qa_id, comment) VALUES ('20831048695', ',20831048695', '20831048695', '<p>本题考查有关中国对外开放格局的形成相关内容。</p><p>中国共产党十一届三中全会确定了对外开放的方针。1980年8月26日，第五届全国人大常委会第15次会议决定，批准国务院提出的决定在广东省的深圳、珠海、汕头和福建省厦门建立经济特区。</p><p>经济特区是在国内划定一定范围，在对外经济活动中采取较国内其它地区更加开放和灵活的特殊政策的特定地区。从特征上讲，经济特区是我国采取特殊政策和灵活措施吸引外部资金、特别是外国资金进行开发建设的特殊经济区域；从功能上讲，经济特区是我国改革开放和现代化建设的窗口、排头兵和试验场。14个沿海开放城市是：大连、秦皇岛、天津、烟台、青岛、连云港、南通、上海、宁波、温州、福州、广州、湛江、北海。沿海开放城市是中国沿海地区对外开放的、并在对外经济活动中实行经济特区的某些特殊政策的一系列港口城市，是经济特区的延伸，这些沿海港口城市实行对外开放后，在扩大地方权限和给予外商投资者优惠方面，开放程度不及经济特区。</p><p>目前，中国的对外开放已经形成了从经济特区到沿海开放城市，再到内陆省会城市，从东部到中西部全方位、多层次的新格局。它有力地推动了中国经济的发展，越来越适应经济和科技发展的全球化趋势。</p><p>综上分析可得出答案。</p>');
DELETE FROM edu_course_exercise WHERE id='188324';
INSERT INTO edu_course_exercise (id, question_type, course_id, content, easy_error, source, dw_checked, is_pk) VALUES ('188324', '15', '10101010', '<p>材料某教师在“马克思主义诞生”这一课的教学设计中，选择了下面的两幅画。</p><p><img width="443px" height="348px" src="https://fb.fbstatic.cn/api/tarzan/images/15e03af3f38a67a.png?width=700" /></p><p>19世纪英国一家棉纱厂里的童工</p><p><img width="443px" height="414px" src="https://fb.fbstatic.cn/api/tarzan/images/15e03b00cbaef9c.png?width=700" /></p><p>19世纪英国工人捣毁机器</p>', '', '2016年上半年教师资格证考试《初中历史》题第30题', '1', '0');
DELETE FROM edu_course_exercise_qa WHERE id='2083116';
INSERT INTO edu_course_exercise_qa (id, course_exercise_id, type, question, cando, answer, total_score) VALUES ('2083116', '188324', '15', '<p>（1）请说明选用这两幅图的教学意图，并具体说明两图之间的关联。</p>', '1', '<p>（1）教学意图：该教师通过运用图片教学法，给学生提供直观的“童工”和“工人捣毁机器”历史图片，变抽象为具体，使历史教学内容更加丰富多彩，激发学生们的好奇心和求知欲，通过图片了解到19世纪英国工人阶级悲惨的工作状况与反抗，理解工业革命带来的消极影响是激化了阶级矛盾，进而理解马克思主义诞生的背景，提高了历史课的教学效果，使学生更好更快地掌握知识。</p><p>两图之间的关联：工业资产阶级为榨取高额利润，降低生产成本而不择手段，资本家常常用大批非熟练工人代替熟练工人，用更为廉价的女工、童工代替成年男工，以减少工资。因而导致男性工人收入下降甚至失业，开始了以捣毁机器为主的自发斗争。</p>', '8');
DELETE FROM edu_course_exercise_qa WHERE id='208311616';
INSERT INTO edu_course_exercise_qa (id, course_exercise_id, type, question, cando, answer, total_score) VALUES ('208311616', '188324', '15', '<p>（2）结合教学内容，运用这两幅图片设计两个课堂提问，并写出预设答案。</p>', '1', '<p>（2）问题1：根据两幅图片的提示，结合课本思考：马克思主义诞生的社会经济前提？</p><p>预设答案：工业革命推动生产的迅速发展，但也使社会分裂为工业资产阶级和工业无产阶级两大对立阶级，促进了工人运动的兴起和发展。机器生产本来可以用来减轻工人的繁重劳动，但在资本主义生产关系下，它却成了更多榨取工人劳动血汗的工具。机器的使用，使劳动分工更为细致和专门化，工人掌握的技术日益简单。资本家常常用大批非熟练工人代替熟练工人，用女工、童工代替成年男工，以减少工资。工人随时面临着失业的危险，工人的处境没有得到改善，反而更加恶化了。工人运动随之兴起。</p><p>问题2：第二张图片反映了当时英国工人斗争处于什么阶段？结合教材的提示，在此之后，工人运动又有何新发展？</p><p>预设答案：自发斗争阶段，典型代表是卢德运动。之后工人逐渐认识到失业的根源不在于机器的使用，而在于资本主义的本质是生产资料私有制和资本家的剥削、压迫，于是决定通过罢工等形式迫使资本家提高工人的政治地位。欧洲发生了三大工人运动：英国宪章运动，法国里昂工人两次起义，德意志西里西亚纺织工人起义。</p>', '8');
DELETE FROM edu_course_exercise_comment WHERE id='2083116';
INSERT INTO edu_course_exercise_comment (id, path, course_exercise_qa_id, comment) VALUES ('2083116', ',2083116', '2083116', '<p>本题考查图片教学法在初中历史教学中的运用。</p><p>历史知识的过去性特点表明，要认清历史，完全依靠教师叙述，是很难完成的，比较枯燥，学生的兴趣也不足。教师通过运用图片教学法，能使历史教学内容更加丰富多彩，激发学生们的好奇心和求知欲，提高历史课的教学效果，使学生更好更快地掌握知识。</p><p>课堂问题要具有针对性 、启发性、灵活性、连续性 ，精巧而有吸引力的提问不仅可以激发学生的学习兴趣，促进思维、培养能力，而且也是提高课堂教学效果的手段之一。</p><p>综上分析可得出答案。</p>');
DELETE FROM edu_course_exercise_comment WHERE id='208311616';
INSERT INTO edu_course_exercise_comment (id, path, course_exercise_qa_id, comment) VALUES ('208311616', ',208311616', '208311616', '<p>本题考查图片教学法在初中历史教学中的运用。</p><p>历史知识的过去性特点表明，要认清历史，完全依靠教师叙述，是很难完成的，比较枯燥，学生的兴趣也不足。教师通过运用图片教学法，能使历史教学内容更加丰富多彩，激发学生们的好奇心和求知欲，提高历史课的教学效果，使学生更好更快地掌握知识。</p><p>课堂问题要具有针对性 、启发性、灵活性、连续性 ，精巧而有吸引力的提问不仅可以激发学生的学习兴趣，促进思维、培养能力，而且也是提高课堂教学效果的手段之一。</p><p>综上分析可得出答案。</p>');
DELETE FROM edu_course_exercise WHERE id='188326';
INSERT INTO edu_course_exercise (id, question_type, course_id, content, easy_error, source, dw_checked, is_pk) VALUES ('188326', '15', '10101010', '<p>下面是某教师设计的“文艺复兴”一课的教学流程：</p><p>第一步：教师回顾资本主义在欧洲的兴起等已学内容，着重从经济、阶级关系等方面介绍14世纪意大利的社会状况。（5分钟）</p><p>第二步：学生列表填出但丁、达·芬奇和莎士比亚的代表作及影响。（8分钟）</p><p>第三步：各小组推选代表上讲台展示所列表格的具体内容。（8分钟）</p><p>第四步：师生共同点评小组代表的学习成果。（6分钟）</p><p>第五步：教师引导学生浏览教材的相关内容，围绕“动脑筋”栏目的话题，分小组探究对文艺复兴的看法，并穿插教师的讲解和点评。（8分钟）</p><p>第六步：巩固与小结新课。（5分钟）</p>', '', '2016年上半年教师资格证考试《初中历史》题第31题', '1', '0');
DELETE FROM edu_course_exercise_qa WHERE id='2083124';
INSERT INTO edu_course_exercise_qa (id, course_exercise_id, type, question, cando, answer, total_score) VALUES ('2083124', '188326', '15', '<p>（1）你认为这位老师的教学设计有哪些优点？</p>', '1', '<p>（1）①该教师通过多样化的教学方式，比如学生自主列表和小组合作探究性学习，让学生“自主、合作、探究”地学，促进学生的创造性和个性的完善发展，充分体现了新课程标准下课堂教学活动以学生为主体，教师为主导的新课改理念。</p><p>②教学时间分配合理，教学环节完整，教学内容突出重点、把握难点。</p><p>③课堂反馈针对性强，有利于知识的掌握、能力的提升。</p>', '8');
DELETE FROM edu_course_exercise_qa WHERE id='20831245';
INSERT INTO edu_course_exercise_qa (id, course_exercise_id, type, question, cando, answer, total_score) VALUES ('20831245', '188326', '15', '<p>（2）新课教学中应如何处理教师讲授与学生探究之间的关系？</p>', '1', '<p>（2）①教师讲授与学生的探究学习是相辅相成、相互促进的，师生双方相互启发、相互交流、相互沟通、相互补充是很有必要的。因此学生的探究活动需要在教师指导下进行探究，发挥学生的主体性并不是放弃教师在教学过程中对系统的历史知识、课程框架的讲解作用。</p><p>②教师的讲授应成为学生探究学习的引导，应为学生的探究学习解惑。提高教师的历史讲授能力，调动学生学习的能动作用，让学生在学习的过程中乐于学习是激发学生探究积极性的有效途径。</p>', '8');
DELETE FROM edu_course_exercise_comment WHERE id='2083124';
INSERT INTO edu_course_exercise_comment (id, path, course_exercise_qa_id, comment) VALUES ('2083124', ',2083124', '2083124', '<p>新课程改革的目标之一，就是要教师必须改变旧有的过于单一、被动的教学方式，建立和形成能够充分发挥学生主体性的多样化的教学方式，让学生“自主、合作、探究”地学，促进学生的创造性和个性的完善发展。</p><p>新课改实施以后，要求教师要转变理念，把课堂还给学生，让学生做课堂的主人，但是有效的教学活动是学生学与教师教的统一，学生是学习的主体，教师是学习的组织者、引导者与合作者，所以说教师讲授与学生的探究学习是相辅相成，相互促进的，体现出学生的主体地位和教师的主导作用间和谐统一的关系，教师富有启发性的讲授，能有效地启发学生的思维，提升学生的思维能力，让学生逐步学会学习。</p><p>综上分析可得出答案。</p>');
DELETE FROM edu_course_exercise_comment WHERE id='20831245';
INSERT INTO edu_course_exercise_comment (id, path, course_exercise_qa_id, comment) VALUES ('20831245', ',20831245', '20831245', '<p>新课程改革的目标之一，就是要教师必须改变旧有的过于单一、被动的教学方式，建立和形成能够充分发挥学生主体性的多样化的教学方式，让学生“自主、合作、探究”地学，促进学生的创造性和个性的完善发展。</p><p>新课改实施以后，要求教师要转变理念，把课堂还给学生，让学生做课堂的主人，但是有效的教学活动是学生学与教师教的统一，学生是学习的主体，教师是学习的组织者、引导者与合作者，所以说教师讲授与学生的探究学习是相辅相成，相互促进的，体现出学生的主体地位和教师的主导作用间和谐统一的关系，教师富有启发性的讲授，能有效地启发学生的思维，提升学生的思维能力，让学生逐步学会学习。</p><p>综上分析可得出答案。</p>');
DELETE FROM edu_course_exercise WHERE id='188352';
INSERT INTO edu_course_exercise (id, question_type, course_id, content, easy_error, source, dw_checked, is_pk) VALUES ('188352', '15', '10101010', '<p>材料一</p><p>    凡故意伤人肢体而又未能取得调解时，则伤人者也须受到同样的伤害；如有人打断自由人的骨头，他必须偿付300阿司罚金，如被打折骨头的是奴隶罚金可以减半。</p><p>——《十二铜表法》</p><p>材料二</p><p>    罗马法的典型时代从共和国后期一直延伸到公元3世纪早期。法律也许是罗马最重要的遺产。6世纪拜占庭的皇帝查士丁尼的汇编是我们了解罗马法最重要的资料来源，该书连同一部法学教科书《法学总论》一道，构成了罗马法统一体系的基础并给世界各地的法律制度以重大影响。</p><p>摘编自[英]格雷格•沃尔夫主编《剑桥插图罗马史》</p>', '', '2016年上半年教师资格证考试《高中历史》题第29题', '1', '0');
DELETE FROM edu_course_exercise_qa WHERE id='2083306';
INSERT INTO edu_course_exercise_qa (id, course_exercise_id, type, question, cando, answer, total_score) VALUES ('2083306', '188352', '15', '<p>（1）你从材料一中能够获取什么信息？对《十二铜表法》作何评价？</p>', '1', '<p>（1）获取信息：①《十二铜表法》的量刑既保存了原始的同态复仇又有采用罚金的形式。</p><p>②罗马社会存在着自由人和奴隶的阶级划分，《十二铜表法》是一部维护奴隶主贵族阶层利益的法律。</p><p>评价：①消极方面为《十二铜表法》遵从了以往罗马习惯法惯例，保留了某些原始、落后的习俗与维护贵族特权的不合理法规。</p><p>②积极方面是打破了贵族垄断立法权、任意曲解法律的惯例，一定程度上限制了贵族滥用权力，并开创了罗马法制史上成文法的新惯例。</p>', '8');
DELETE FROM edu_course_exercise_qa WHERE id='208330640';
INSERT INTO edu_course_exercise_qa (id, course_exercise_id, type, question, cando, answer, total_score) VALUES ('208330640', '188352', '15', '<p>（2）结合所学，指出“从共和国后期一直延伸到公元3世纪早期”罗马法经历了怎样的变化？</p>', '1', '<p>（2）共和国后期（公元前3世纪-公元前1世纪）到公元3世纪早期，罗马法的特点是由公民法占统治地位，发展到万民法体系形成：①公元前509年，罗马共和国建立。从罗马建国到公元前3世纪中叶，罗马产生的法律统称为公民法。②公元前242年罗马国家设立外事最高裁判官，创立了一套专门适用于罗马公民与外来人（即非公民）之间以及外来人与外来人之间财产关系的规范，被称为“万民法”。公元前27年，罗马帝国建立，万民法以广泛的适用性，保证了罗马帝国的长治久安和繁荣进步。</p>', '4');
DELETE FROM edu_course_exercise_qa WHERE id='2083306402';
INSERT INTO edu_course_exercise_qa (id, course_exercise_id, type, question, cando, answer, total_score) VALUES ('2083306402', '188352', '15', '<p>（3）材料二中说罗马法“给世界各地的法律制度以重大影响”，试举一例说明。</p>', '1', '<p>（3）罗马法不仅在法律思想和法律的基本原则上影响了西欧各个国家，而且在立法技术和立法体例上也对他们产生了重大影响，比如《德国民法典》从体例上效法了查士丁尼《民法大全》中的《学说汇纂》，并且继承了一些民事法原则，如所有权原则、契约原则、侵权归责原则等。</p>', '4');
DELETE FROM edu_course_exercise_comment WHERE id='2083306';
INSERT INTO edu_course_exercise_comment (id, path, course_exercise_qa_id, comment) VALUES ('2083306', ',2083306', '2083306', '<p>本题考查学生史料阅读及提取有效信息的能力。</p><p>从材料一中关键句“凡故意伤人肢体而又未能取得调解时，则伤人者也须受到同样的伤害”可知《十二铜表法》保留了某些原始、落后的习俗比如同态复仇。从材料一“被打折骨头的是奴隶罚金可以减半”可知《十二铜表法》是维护奴隶主贵族阶层利益的法律。评价《十二铜表法》时要用辩证的全面的眼光去评价。</p><p>结合所学可知，公元前450年颁布的《十二铜表法》是罗马法从习惯法向成文法发展过程中的里程碑。共和国后期（公元前3世纪-公元前1世纪），罗马奴隶制经济获得很大发展，对外战争的胜利使罗马国家的版图不断扩大， 终于成为横跨欧亚非的奴隶制帝国。这一时期罗马法的特点是公民法占统治地位，万民法逐渐兴起。从公元3世纪开始，罗马帝国走向衰落，奴隶制出现危机。公元330年，罗马人在君士坦丁堡建立新都，罗马帝国分裂为东西两部分。在罗马奴隶制日趋瓦解的情况下，统治集团迫切要求将现行的法律用特定的形式固定下来，罗马法和罗马法学进入到全面整理和系统编纂时期，最终形成严肃的罗马法体系，其集中代表是《查士丁尼民法大全》，即《查士丁尼法典》、《查士丁尼法学总论》、《查士丁尼学说汇纂》和《查士丁尼新敕》。查士丁尼法典的颁布标志着罗马法已经发展到完备阶段。它保留了古罗马在法学方面的创造性成果，对人的行为作出详细的法律规范，为调解复杂的社会矛盾提供了法律手段。</p><p>公元前286年，罗马确立阿奎里亚法，针对公民财产受到侵犯等情况制定了详细的赔偿条款。这是现代民事侵权法的开端。现代资本主义法制的发展与罗马法的复兴密不可分。自19世纪以来，欧洲大多数国家都以罗马法为立法基础来制定本国的法律制度，如《法国民法典》《德国民法典》等，主要表现在法典的编纂上：《法国民法典》效法了《法学阶梯》；《德国民法典》效法了查士丁尼《民法大全》中的《学说汇纂》，在民事法原则上，如所有权原则、契约原则、侵权归责原则等对两大民法典深有影响。</p><p>综上分析可得出答案。</p>');
DELETE FROM edu_course_exercise_comment WHERE id='208330640';
INSERT INTO edu_course_exercise_comment (id, path, course_exercise_qa_id, comment) VALUES ('208330640', ',208330640', '208330640', '<p>本题考查学生史料阅读及提取有效信息的能力。</p><p>从材料一中关键句“凡故意伤人肢体而又未能取得调解时，则伤人者也须受到同样的伤害”可知《十二铜表法》保留了某些原始、落后的习俗比如同态复仇。从材料一“被打折骨头的是奴隶罚金可以减半”可知《十二铜表法》是维护奴隶主贵族阶层利益的法律。评价《十二铜表法》时要用辩证的全面的眼光去评价。</p><p>结合所学可知，公元前450年颁布的《十二铜表法》是罗马法从习惯法向成文法发展过程中的里程碑。共和国后期（公元前3世纪-公元前1世纪），罗马奴隶制经济获得很大发展，对外战争的胜利使罗马国家的版图不断扩大， 终于成为横跨欧亚非的奴隶制帝国。这一时期罗马法的特点是公民法占统治地位，万民法逐渐兴起。从公元3世纪开始，罗马帝国走向衰落，奴隶制出现危机。公元330年，罗马人在君士坦丁堡建立新都，罗马帝国分裂为东西两部分。在罗马奴隶制日趋瓦解的情况下，统治集团迫切要求将现行的法律用特定的形式固定下来，罗马法和罗马法学进入到全面整理和系统编纂时期，最终形成严肃的罗马法体系，其集中代表是《查士丁尼民法大全》，即《查士丁尼法典》、《查士丁尼法学总论》、《查士丁尼学说汇纂》和《查士丁尼新敕》。查士丁尼法典的颁布标志着罗马法已经发展到完备阶段。它保留了古罗马在法学方面的创造性成果，对人的行为作出详细的法律规范，为调解复杂的社会矛盾提供了法律手段。</p><p>公元前286年，罗马确立阿奎里亚法，针对公民财产受到侵犯等情况制定了详细的赔偿条款。这是现代民事侵权法的开端。现代资本主义法制的发展与罗马法的复兴密不可分。自19世纪以来，欧洲大多数国家都以罗马法为立法基础来制定本国的法律制度，如《法国民法典》《德国民法典》等，主要表现在法典的编纂上：《法国民法典》效法了《法学阶梯》；《德国民法典》效法了查士丁尼《民法大全》中的《学说汇纂》，在民事法原则上，如所有权原则、契约原则、侵权归责原则等对两大民法典深有影响。</p><p>综上分析可得出答案。</p>');
DELETE FROM edu_course_exercise_comment WHERE id='2083306402';
INSERT INTO edu_course_exercise_comment (id, path, course_exercise_qa_id, comment) VALUES ('2083306402', ',2083306402', '2083306402', '<p>本题考查学生史料阅读及提取有效信息的能力。</p><p>从材料一中关键句“凡故意伤人肢体而又未能取得调解时，则伤人者也须受到同样的伤害”可知《十二铜表法》保留了某些原始、落后的习俗比如同态复仇。从材料一“被打折骨头的是奴隶罚金可以减半”可知《十二铜表法》是维护奴隶主贵族阶层利益的法律。评价《十二铜表法》时要用辩证的全面的眼光去评价。</p><p>结合所学可知，公元前450年颁布的《十二铜表法》是罗马法从习惯法向成文法发展过程中的里程碑。共和国后期（公元前3世纪-公元前1世纪），罗马奴隶制经济获得很大发展，对外战争的胜利使罗马国家的版图不断扩大， 终于成为横跨欧亚非的奴隶制帝国。这一时期罗马法的特点是公民法占统治地位，万民法逐渐兴起。从公元3世纪开始，罗马帝国走向衰落，奴隶制出现危机。公元330年，罗马人在君士坦丁堡建立新都，罗马帝国分裂为东西两部分。在罗马奴隶制日趋瓦解的情况下，统治集团迫切要求将现行的法律用特定的形式固定下来，罗马法和罗马法学进入到全面整理和系统编纂时期，最终形成严肃的罗马法体系，其集中代表是《查士丁尼民法大全》，即《查士丁尼法典》、《查士丁尼法学总论》、《查士丁尼学说汇纂》和《查士丁尼新敕》。查士丁尼法典的颁布标志着罗马法已经发展到完备阶段。它保留了古罗马在法学方面的创造性成果，对人的行为作出详细的法律规范，为调解复杂的社会矛盾提供了法律手段。</p><p>公元前286年，罗马确立阿奎里亚法，针对公民财产受到侵犯等情况制定了详细的赔偿条款。这是现代民事侵权法的开端。现代资本主义法制的发展与罗马法的复兴密不可分。自19世纪以来，欧洲大多数国家都以罗马法为立法基础来制定本国的法律制度，如《法国民法典》《德国民法典》等，主要表现在法典的编纂上：《法国民法典》效法了《法学阶梯》；《德国民法典》效法了查士丁尼《民法大全》中的《学说汇纂》，在民事法原则上，如所有权原则、契约原则、侵权归责原则等对两大民法典深有影响。</p><p>综上分析可得出答案。</p>');
DELETE FROM edu_course_exercise WHERE id='188354';
INSERT INTO edu_course_exercise (id, question_type, course_id, content, easy_error, source, dw_checked, is_pk) VALUES ('188354', '15', '10101010', '<p>材料：</p><p>下面是某校历史考试中的一道试题和学生的答案：</p><p>试题：依据下列材料并结合所学，说明宋朝纸币能够流通的条件。</p><p><img width="237px" height="436px" src="https://fb.fbstatic.cn/api/tarzan/images/15e0420f48bcac6.png?width=700" /></p><p>然宋之所以得行者（纸币流—界（一个批次），备本钱三十六万缗，而又佐之以盐酒等项。盖民间欲得钞，则以钱入库；欲得钱，则以钞入库；欲得盐酒，则以钞入堵务。故钞之在手，与见（现）钱无异。</p><p>——黄宗義《明夷待访录》</p><p>学生A答案：盖民间欲得钞，则以钱入库，欲得钱，则以钞入库。这种流通手段，之所以纸币流通，每一批，备本钱三十六万缗，而又佐之以盐酒等项。</p><p>学生B答案：北宋商业的发展，出现了“钱荒”；纸币发行者储备足够的金属货币和实物，以保证纸币的信用。</p><p>学生C答案：在宋朝之时，纸币出现，具有方便携带，方便交换，与过去的金子银子相比，纸币具有比较轻便，不沉的特点。</p>', '', '2016年上半年教师资格证考试《高中历史》题第30题', '1', '0');
DELETE FROM edu_course_exercise_qa WHERE id='2083310';
INSERT INTO edu_course_exercise_qa (id, course_exercise_id, type, question, cando, answer, total_score) VALUES ('2083310', '188354', '15', '<p>（1）请对三位学生的答案进行评价，并选出最佳答案。</p>', '1', '<p>（1）学生A的答案只是摘抄了材料原文，没有读懂史料，没有挖掘到史料中的有效信息，也没有结合所学知识进行归纳和概括。学生C的答案只是根据自身的所学知识作答，没有对材料进行正确分析，忽略了材料所提示的有效信息。学生B为最佳答案，根据材料“备本钱三十六万缗，而又佐之以盐酒等项。盖民间欲得钞，则以钱入库；欲得钱，则以钞入库；欲得盐酒，则以钞入诸务”和图片《北宋纸币铜板拓片》进行概括，得出“北宋商业的发展；纸币发行者储备足够的金属货币和实物，以保证纸币的信用”的准确答案。</p>', '8');
DELETE FROM edu_course_exercise_qa WHERE id='2083310071';
INSERT INTO edu_course_exercise_qa (id, course_exercise_id, type, question, cando, answer, total_score) VALUES ('2083310071', '188354', '15', '<p>（2）请针对学生答案中存在的问题提出教学建议。</p>', '1', '<p>（2）①在课堂教学中补充一些史料，培养学生的阅读能力。教师在教学过程中适当补充史料，丰富教学内容，培养学生“论从史出”的能力，尤其是对一些重难点，尽量通过补充一些典型性的代表史料，让学生分析，然后归纳，做出结论。这样不但能加深学生对知识点的理解，而且培养和提高了学生解析材料题的能力。</p><p>②收集经典题型，加强相关的材料的训练。建议教师广泛搜集新型综合题，运用纵横、归纳、小结等方法，加强课堂和课后新题型的训练，每天布置一个综合题或材料题，由教师引导、归纳答案，培养和提高学生解析历史材料题的能力。</p><p>③课前和课下教师可引导学生结合教学内容和课堂所学知识，对历史问题进行探究，利用图书馆或者互联网自己动手搜集史料，得出结论，从中自主建构知识，领悟学习方法，培养材料阅读与归纳能力。</p>', '8');
DELETE FROM edu_course_exercise_comment WHERE id='2083310';
INSERT INTO edu_course_exercise_comment (id, path, course_exercise_qa_id, comment) VALUES ('2083310', ',2083310', '2083310', '<p>本题考察教师对学生关于材料解析题的解题能力的评价以及如何培养学生把握正确的解题方法与技巧。</p><p>做好历史材料解析题的必要前提首先是阅读并理解材料，要求学生要有良好的历史基础知识和基本技能，同时要有较好的汉语功底和较广的知识面。因此最佳答案应该是在对题干史料逐层分析后，归纳出有效信息，并结合所学知识概括出合乎逻辑的答案。</p><p>历史材料解析题是一种考查学生理解能力、归纳能力和文字表达能力的综合考查题型，针对学生答案中存在的问题，可以在历史教学过程中从课前、课中和课后三个环节进行训练，例如课前开出参考书目、列出相关网址等，让学生学会使用图书馆和应用信息技术查阅、收集有关学习内容的资料，课中引导学生对收集的资料进行整理、比较、分析、归纳，提出合乎逻辑的答案，并以文字的形式表达自己的观点，课后布置典型性的材料解析题，引导学生结合所学知识，再次有针对性的收集材料，并进行归纳、概括，由此提高学生对材料解析题的解析能力。</p><p>综上分析可得出答案。</p>');
DELETE FROM edu_course_exercise_comment WHERE id='2083310071';
INSERT INTO edu_course_exercise_comment (id, path, course_exercise_qa_id, comment) VALUES ('2083310071', ',2083310071', '2083310071', '<p>本题考察教师对学生关于材料解析题的解题能力的评价以及如何培养学生把握正确的解题方法与技巧。</p><p>做好历史材料解析题的必要前提首先是阅读并理解材料，要求学生要有良好的历史基础知识和基本技能，同时要有较好的汉语功底和较广的知识面。因此最佳答案应该是在对题干史料逐层分析后，归纳出有效信息，并结合所学知识概括出合乎逻辑的答案。</p><p>历史材料解析题是一种考查学生理解能力、归纳能力和文字表达能力的综合考查题型，针对学生答案中存在的问题，可以在历史教学过程中从课前、课中和课后三个环节进行训练，例如课前开出参考书目、列出相关网址等，让学生学会使用图书馆和应用信息技术查阅、收集有关学习内容的资料，课中引导学生对收集的资料进行整理、比较、分析、归纳，提出合乎逻辑的答案，并以文字的形式表达自己的观点，课后布置典型性的材料解析题，引导学生结合所学知识，再次有针对性的收集材料，并进行归纳、概括，由此提高学生对材料解析题的解析能力。</p><p>综上分析可得出答案。</p>');
DELETE FROM edu_course_exercise WHERE id='188356';
INSERT INTO edu_course_exercise (id, question_type, course_id, content, easy_error, source, dw_checked, is_pk) VALUES ('188356', '15', '10101010', '<p>下面是两位教师关于《欧洲的启蒙运动》一课中历史背景的教学过程：</p><p><img width="460px" height="456px" src="https://fb.fbstatic.cn/api/tarzan/images/15e042cc22eab41.png?width=700" /></p>', '', '2016年上半年教师资格证考试《高中历史》题第31题', '1', '0');
DELETE FROM edu_course_exercise_qa WHERE id='2083314';
INSERT INTO edu_course_exercise_qa (id, course_exercise_id, type, question, cando, answer, total_score) VALUES ('2083314', '188356', '15', '<p>（1）试对两位教师关于启蒙运动历史背景的教学进行评价。</p>', '1', '<p>（1）材料中两位教师在讲授启蒙运动历史背景时，都突出学生的主体地位，通过多种方式引导学生归纳掌握启蒙运动的历史背景。但教师甲的做法优于教师乙。</p><p>历史事件的背景是比较复杂的，需要从多角度来引导学生进行理解，教师甲在讲授背景时利用了漫画和结构示意图并结合史实简要讲述18世纪启蒙思想出现的背景，漫画激发了学生的学习兴趣，便于学生理解启蒙运动的核心“理性”，同时结构示意图更加形象直观，便于学生理解掌握知识要点，结合史实培养了学生“论从史出”的历史思维，除此之外教学过渡语言自然，承上“启蒙运动的核心-理性”启下“启蒙运动追求理性的思想主张”。</p><p>而教师乙主要通过导学提纲引导学生阅读教科书，自主学习背景，学生均照着教科书把找到的结论读了一遍，机械地记忆教材中有关历史背景的大段内容，囫囵吞枣似的学习这些重点，并没有真正的理解历史背景。</p>', '8');
DELETE FROM edu_course_exercise_qa WHERE id='2083314401';
INSERT INTO edu_course_exercise_qa (id, course_exercise_id, type, question, cando, answer, total_score) VALUES ('2083314401', '188356', '15', '<p>（2）教师在进行历史背景的教学时应注意哪些问题？</p>', '1', '<p>（2）①为了学生能够更好的理解错综复杂的历史背景，教师需要突破传统的教材范围，精挑细选一些最核心、最有价值、最有说服力的史料，补充到教学过程中，引导学生通过阅读史料，提取有效信息，得出有关历史背景的结论，一方面便于学生真正理解历史背景，另一方面培养学生分析史料的能力和辩证思维。</p><p>②学生分析历史背景时，教师可从必然性和可能性两个角度引导，思路清晰、条理明确的给予概括，还要注重规律和方法的总结，同时指导学生要全面客观的分析历史背景。</p>', '8');
DELETE FROM edu_course_exercise_comment WHERE id='2083314';
INSERT INTO edu_course_exercise_comment (id, path, course_exercise_qa_id, comment) VALUES ('2083314', ',2083314', '2083314', '<p>新课程改革的目标之一，就是要教师必须改变旧有的过于单一、被动的教学方式，建立和形成能够充分发挥学生主体性的多样化的教学方式，把接受式学习与研究性学习、体验性学习、探究性学习和实践性学习密切地结合起来，以促进学生的创造性和个性的完善发展。因此，教师在设计教学过程时，一方面必须让学生“自主、合作、探究”地学，另一方面教师必须科学化、合理化、多样化地选择教学方式，因地制宜地教。</p><p>教师在进行历史背景的教学时应注意以下几点：①历史背景往往复杂多样，从中学历史教材的编写来看，历史背景有时划分为政治、经济、思想文化等因素（如新文化运动的背景）；有时划分为国内、国际因素（如五四运动的背景）；有时又包括历史条件（如国共第一次合作）和导火线或借口（如两次鸦片战争）……为了学生能够更好的理解错综复杂的历史背景，教师需要突破传统的教材范围，精挑细选一些最核心、最有价值、最有说服力的史料，补充到教学过程中，引导学生通过阅读史料，提取有效信息，得出有关历史背景的结论，一方面便于学生真正理解历史背景，另一方面培养学生分析史料的能力和辩证思维。②学生分析历史背景时，教师可从必然性和可能性两个角度引导，思路清晰、条理明确的给予概括，同时指导学生要全面客观的分析历史背景。</p><p>综上分析可得出答案。</p>');
DELETE FROM edu_course_exercise_comment WHERE id='2083314401';
INSERT INTO edu_course_exercise_comment (id, path, course_exercise_qa_id, comment) VALUES ('2083314401', ',2083314401', '2083314401', '<p>新课程改革的目标之一，就是要教师必须改变旧有的过于单一、被动的教学方式，建立和形成能够充分发挥学生主体性的多样化的教学方式，把接受式学习与研究性学习、体验性学习、探究性学习和实践性学习密切地结合起来，以促进学生的创造性和个性的完善发展。因此，教师在设计教学过程时，一方面必须让学生“自主、合作、探究”地学，另一方面教师必须科学化、合理化、多样化地选择教学方式，因地制宜地教。</p><p>教师在进行历史背景的教学时应注意以下几点：①历史背景往往复杂多样，从中学历史教材的编写来看，历史背景有时划分为政治、经济、思想文化等因素（如新文化运动的背景）；有时划分为国内、国际因素（如五四运动的背景）；有时又包括历史条件（如国共第一次合作）和导火线或借口（如两次鸦片战争）……为了学生能够更好的理解错综复杂的历史背景，教师需要突破传统的教材范围，精挑细选一些最核心、最有价值、最有说服力的史料，补充到教学过程中，引导学生通过阅读史料，提取有效信息，得出有关历史背景的结论，一方面便于学生真正理解历史背景，另一方面培养学生分析史料的能力和辩证思维。②学生分析历史背景时，教师可从必然性和可能性两个角度引导，思路清晰、条理明确的给予概括，同时指导学生要全面客观的分析历史背景。</p><p>综上分析可得出答案。</p>');
DELETE FROM edu_course_exercise WHERE id='188370';
INSERT INTO edu_course_exercise (id, question_type, course_id, content, easy_error, source, dw_checked, is_pk) VALUES ('188370', '15', '10101010', '<p>阅读材料并回答问题。</p><p>  材料一：中国资本家在宁波组织了一个公司，使用外国机器轧花，以资本五万元开始营业……业务难以为继，此厂已濒于停业。</p><p>——摘编自《海关十年报告》（1882-1891年）</p><p>    材料二：据估计，到1913年，中国产业资本约为3亿多元，其中清政府和民国北京政府的国家资本约为1.49亿元，私人资本约为1.55亿元。当时中外产业资本中，外国资本占80.3%。</p><p>——贺耀敏《中国近现代经济史》</p>', '', '2016年下半年教师资格证考试《初中历史》题第29题', '1', '0');
DELETE FROM edu_course_exercise_qa WHERE id='2083428';
INSERT INTO edu_course_exercise_qa (id, course_exercise_id, type, question, cando, answer, total_score) VALUES ('2083428', '188370', '15', '<p>（1）根据材料一概括这家中国公司的基本特点。</p>', '1', '<p>（1）①主要集中在东南沿海地区，地区分布不均衡。</p><p>②以轻工业为主，重工业薄弱，行业发展不平衡。</p><p>③资金少、规模小，技术力量薄弱。</p><p>④对外国资本主义既有依赖，又深受压迫。</p>', '8');
DELETE FROM edu_course_exercise_qa WHERE id='2083428815';
INSERT INTO edu_course_exercise_qa (id, course_exercise_id, type, question, cando, answer, total_score) VALUES ('2083428815', '188370', '15', '<p>（2）根据材料二并结合所学知识，指出当时中国民族资本的发展状况及其主要原因。</p>', '1', '<p>（2）发展状况：①商办企业数量的增加和投资数额增大。</p><p>②民族资本与外国资本相比，力量十分薄弱；与封建经济相比，封建经济仍占绝对优势，受帝国主义和本国封建主义压迫和束缚，民族工业发展仍然十分艰难。</p><p>③棉纺织业作为传统工业部门，发展尤为迅速。</p><p>④兴办的近代企业由沿海向内地扩展。</p><p>原因：①甲午战争后列强对华资本输出进一步破坏自然经济，为民族资本主义的发展提供客观条件。</p><p>②清政府为扩大税源，解决财政危机，放宽对民间设厂的限制。</p><p>③社会上兴起实业救国热潮和人民掀起的收回权利运动的推动。</p>', '8');
DELETE FROM edu_course_exercise_comment WHERE id='2083428';
INSERT INTO edu_course_exercise_comment (id, path, course_exercise_qa_id, comment) VALUES ('2083428', ',2083428', '2083428', '<p>本题考察对中国近代民族资本主义经济发展状况的理解和把握。</p><p>从材料一中关键词“宁波”、“使用外国机器轧花”和“资本五万元开始营业”结合材料出处“《海关十年报告》（1882-1891年）”的历史背景提示，可知这一时期中国民族资本主义的特点。</p><p>从材料二中关键时间“1913年”与“中国产业资本约为3亿多元”、“中外产业资本中，外国资本占80.3%”可知当时中国民族资本的发展状况，同时结合所学知识可知发展状况还有以下两点：棉纺织业作为传统工业部门，发展尤为迅速；兴办的近代企业由沿海向内地扩展。分析此时中国民族资本发展的原因，要考虑到甲午战后，中国近代社会的发展和转变。</p><p>综上分析可得出答案。</p>');
DELETE FROM edu_course_exercise_comment WHERE id='2083428815';
INSERT INTO edu_course_exercise_comment (id, path, course_exercise_qa_id, comment) VALUES ('2083428815', ',2083428815', '2083428815', '<p>本题考察对中国近代民族资本主义经济发展状况的理解和把握。</p><p>从材料一中关键词“宁波”、“使用外国机器轧花”和“资本五万元开始营业”结合材料出处“《海关十年报告》（1882-1891年）”的历史背景提示，可知这一时期中国民族资本主义的特点。</p><p>从材料二中关键时间“1913年”与“中国产业资本约为3亿多元”、“中外产业资本中，外国资本占80.3%”可知当时中国民族资本的发展状况，同时结合所学知识可知发展状况还有以下两点：棉纺织业作为传统工业部门，发展尤为迅速；兴办的近代企业由沿海向内地扩展。分析此时中国民族资本发展的原因，要考虑到甲午战后，中国近代社会的发展和转变。</p><p>综上分析可得出答案。</p>');
DELETE FROM edu_course_exercise WHERE id='188372';
INSERT INTO edu_course_exercise (id, question_type, course_id, content, easy_error, source, dw_checked, is_pk) VALUES ('188372', '15', '10101010', '<p>阅读下面材料并回答问题。</p><p>青年教师在进行有关北伐战争的教学时，用课件展示《北伐誓师词》：</p><p>国民痛苦，火热水深。土匪军阀，为虎作伥。帝国主义，以枭以张。本军兴师，救国救民。保我平等，还我自由。实行主义，牺牲个人。有进无退，革命精神。嗟我将士，同心同德。</p><p> 然后带领学生朗读，接着讲述北伐战争的具体经过。</p>', '', '2016年下半年教师资格证考试《初中历史》题第30题', '1', '0');
DELETE FROM edu_course_exercise_qa WHERE id='2083430';
INSERT INTO edu_course_exercise_qa (id, course_exercise_id, type, question, cando, answer, total_score) VALUES ('2083430', '188372', '15', '<p>（1）请评述该教师的教学行为。</p>', '1', '<p>（1）该教师通过课件展示《北伐誓师词》，并带领学生朗读的方式讲述北伐战争符合新课程理念以学生发展为本，充分发挥学生的主体性的要求。但是该教师在展示课件后，并没有设置问题，积极地进行引导，而是直接进行后面内容的讲述，对课堂教学活动的设计、组织不够，师生间的互动不够。新课改理念下教学过程更多地要引导学生发现问题、提出问题、分析问题、解决问题，让学生主动的动起来，教师在教学过程应该起主导、引导作用。因此该教师还应围绕教学要求，精心设计一些高质量的问题，只有这样，才能用好用足史料《北伐誓师词》，激发学生认真阅读，积极思考，促成学生探究性学习能力的培养。</p>', '8');
DELETE FROM edu_course_exercise_qa WHERE id='20834308';
INSERT INTO edu_course_exercise_qa (id, course_exercise_id, type, question, cando, answer, total_score) VALUES ('20834308', '188372', '15', '<p>（2）根据上述《北伐誓师词》设计两个课堂提问，并写出预设答案。</p>', '1', '<p>（2）①《北伐誓师词》中的“军阀”、“本军”分别指什么？ 预设答案：“军阀”是指北洋军阀，“本军”是指国民革命军。 </p><p>②结合教材并依据《北伐誓师词》回答，北伐的目的是什么？ 预设答案：打倒列强，除军阀，统一全国。</p>', '8');
DELETE FROM edu_course_exercise_comment WHERE id='2083430';
INSERT INTO edu_course_exercise_comment (id, path, course_exercise_qa_id, comment) VALUES ('2083430', ',2083430', '2083430', '<p>本题考查新课程理念下教学方法的设计。随着新课改的不断深入，历史教师要与时俱进，要转变传统的教育理念，教学应该以学生发展为本，充分发挥学生的主体性，该教师通过带领学生朗读的方式符合新课程理念的要求。但是不能忽略教师在教学过程中主导、引导的作用，该教师设计教学活动的指向性不明确，还应围绕教学要求，精心设计一些高质量的问题。</p><p>教师设计的问题要有适当的难度，问题要有关联性、层次性、启发性，或促进知识的迁移，或促使历史与现实的结合以及促成良好的师生互动。</p><p>综上分析可得出答案。</p>');
DELETE FROM edu_course_exercise_comment WHERE id='20834308';
INSERT INTO edu_course_exercise_comment (id, path, course_exercise_qa_id, comment) VALUES ('20834308', ',20834308', '20834308', '<p>本题考查新课程理念下教学方法的设计。随着新课改的不断深入，历史教师要与时俱进，要转变传统的教育理念，教学应该以学生发展为本，充分发挥学生的主体性，该教师通过带领学生朗读的方式符合新课程理念的要求。但是不能忽略教师在教学过程中主导、引导的作用，该教师设计教学活动的指向性不明确，还应围绕教学要求，精心设计一些高质量的问题。</p><p>教师设计的问题要有适当的难度，问题要有关联性、层次性、启发性，或促进知识的迁移，或促使历史与现实的结合以及促成良好的师生互动。</p><p>综上分析可得出答案。</p>');
DELETE FROM edu_course_exercise WHERE id='188374';
INSERT INTO edu_course_exercise (id, question_type, course_id, content, easy_error, source, dw_checked, is_pk) VALUES ('188374', '15', '10101010', '<p>在历史课中，老师讲授活字印刷术的发明，给每个学生发一把小刀和一个橡皮，让学生在橡皮上刻自己的名字，比一比谁刻得好。学生们很好奇，十分钟后进行展示，教师对学生刻的字进行点评。</p>', '', '2016年下半年教师资格证考试《初中历史》题第31题', '1', '0');
DELETE FROM edu_course_exercise_qa WHERE id='2083432';
INSERT INTO edu_course_exercise_qa (id, course_exercise_id, type, question, cando, answer, total_score) VALUES ('2083432', '188374', '15', '<p>（1）对教师的做法如何评价，说明理由。</p>', '1', '<p>（1）①该教师运用了体验式教学，注重学习主体的亲身实践和现场感受，通过让学生在橡皮上刻自己的名字，创造了轻松愉快的教学环境，让学生身临其境的进行历史的体验和思维，激发求知欲和情感，培养学习能力，促进学生智力发展。 </p><p>②不足之处是制作过程中没有恰到好处的进行启发和引导，设计出得当的问题，使“活字印刷术发明”的教学目标达成。体验式教学并非单纯的制作与体验，教师在引导学生参与的过程中，应将该课教学所要达到的目标穿插其中，制作完成的过程也是教学目标完成的过程，教师应将实践与理论结合起来，效果更佳。</p>', '8');
DELETE FROM edu_course_exercise_qa WHERE id='208343291';
INSERT INTO edu_course_exercise_qa (id, course_exercise_id, type, question, cando, answer, total_score) VALUES ('208343291', '188374', '15', '<p>（2）历史教师在组织学生进行历史制作时应考虑哪些问题？</p>', '1', '<p>（2）①时间把握得当、操作时做好安排：教师布置课前准备工作时要适时适量，包括课前确定主题、搜集活字印刷术制作的资料、合作探究等，不能加重学生的负担；课上引导参与→情境创设→实践探索→成果交流的时间也要掌握好；课后要注意总结知识、提升能力。</p><p>②内容与形式相协调：历史制作要根据教学目标、历史学科特点和学生年龄阶段来确定制作内容，要留给学生足够的体验空间，不能设置过多问题，一个接一个，这样启发学生发现问题、解决问题的环节就太紧张，会导致内容与形式失调。</p><p>③过程的灵活性：课上的环节过程在具体教学中往往是交叉进行或平行的。引导参与时情境创设可能就在其中，实践探索的过程可能就是成果交流的过程，重要的是要将这些环节灵活的融合，使学生“身临其境”。</p><p>④情境的直观性：教师创设的教学情境要直观，并且教师能饱含感情，准确、形象、具体的再现历史情境，创设出很强的历史真实感，在强烈的历史氛围中，使学生常常为之动容，才能使学生有代入感，产生移情作用。</p><p>⑤启发性：创设形式要新颖，能激发学生的求知欲，选择的内容要有讨论的价值，能启发学生的思考，培养学生的思维能力。</p>', '8');
DELETE FROM edu_course_exercise_comment WHERE id='2083432';
INSERT INTO edu_course_exercise_comment (id, path, course_exercise_qa_id, comment) VALUES ('2083432', ',2083432', '2083432', '<p>本题考查新课程理念下情景体验教学的设计。情景体验教学是一种综合性的教学方式，它的特点是通过复现、模拟等方式创设历史情境，让师生近距离的感受历史的真实，激发兴趣，调动情绪、情感，引发观察和思考，进而掌握知识和发展能力，形成正确的情感态度和价值观。但启发学生的认识从具体生动的表象开始后，需要教师的引导进而发展到理性的认识，通过对历史的感受和体验而形成对历史的抽象认识，教师应将实践与理论结合起来，会取得更好的教学效果。</p><p>历史制作类的情景体验式教学，突出了学生的主体地位，有利于激发学生的学习动机，有利于学生全面发展和成长。因此为了使情景体验式教学效果显著，历史教师在组织学生进行历史制作时应注意时间的把握、问题的设定、过程的掌控、情境的创设和新颖的形式等几个方面。 </p><p>综上分析可得出答案。</p>');
DELETE FROM edu_course_exercise_comment WHERE id='208343291';
INSERT INTO edu_course_exercise_comment (id, path, course_exercise_qa_id, comment) VALUES ('208343291', ',208343291', '208343291', '<p>本题考查新课程理念下情景体验教学的设计。情景体验教学是一种综合性的教学方式，它的特点是通过复现、模拟等方式创设历史情境，让师生近距离的感受历史的真实，激发兴趣，调动情绪、情感，引发观察和思考，进而掌握知识和发展能力，形成正确的情感态度和价值观。但启发学生的认识从具体生动的表象开始后，需要教师的引导进而发展到理性的认识，通过对历史的感受和体验而形成对历史的抽象认识，教师应将实践与理论结合起来，会取得更好的教学效果。</p><p>历史制作类的情景体验式教学，突出了学生的主体地位，有利于激发学生的学习动机，有利于学生全面发展和成长。因此为了使情景体验式教学效果显著，历史教师在组织学生进行历史制作时应注意时间的把握、问题的设定、过程的掌控、情境的创设和新颖的形式等几个方面。 </p><p>综上分析可得出答案。</p>');
DELETE FROM edu_course_exercise WHERE id='188390';
INSERT INTO edu_course_exercise (id, question_type, course_id, content, easy_error, source, dw_checked, is_pk) VALUES ('188390', '15', '10101010', '<p>材料：</p><p>第二次世界大战使欧洲陷入一派残破，导致其经济体系的崩溃，欧洲已不再有能力为其所需的进口做出支付。战争期间，欧洲人特别是英国人已经耗尽了他们的海外投资，而美国占领了以往在欧洲人手中的市场。西欧人不希望被任何一个超级大国所拯救，就两个超级大国来说，苏联会从西欧的大乱中获利，而美国则会在西欧的重建中获益。</p><p>欧洲整合本身采取了一条不同的道路，开始是在经济领域。1952年，根据莫内设计的一个计划，六国建立了欧洲煤钢共同体，其总部设在卢森堡。1991年底在荷兰的马斯特里赫特签署的欧洲联盟条约中，确认实行统一的欧洲货币和统一的中央银行体系。</p><p>——摘编自【美】帕尔默《现代世界史》</p>', '', '2016年下半年教师资格证考试《高中历史》题第29题', '1', '0');
DELETE FROM edu_course_exercise_qa WHERE id='2083468';
INSERT INTO edu_course_exercise_qa (id, course_exercise_id, type, question, cando, answer, total_score) VALUES ('2083468', '188390', '15', '<p>（1）根据材料概括二战后欧洲面临的问题。</p>', '1', '<p>（1）二战后欧洲面临的问题主要是：经济上，欧洲经济出现崩溃，百废待兴；政治上，美国对欧洲的经济渗透和政治控制不断加强，同时受到来自苏联和东欧等社会主义国家的威胁。</p>', '6');
DELETE FROM edu_course_exercise_qa WHERE id='208346884';
INSERT INTO edu_course_exercise_qa (id, course_exercise_id, type, question, cando, answer, total_score) VALUES ('208346884', '188390', '15', '<p>（2）根据材料并结合所学，简述欧洲一体化的进程。</p>', '1', '<p>（2）欧洲一体化的进程为：①1950年5月，法国外长舒曼发表了“舒曼计划”，成为统一欧洲的第一个实际步骤。②1952年7月，法国、联邦德国、意大利、荷兰、比利时和卢森堡成立欧洲煤钢共同体。1957年3月，六国签署了《欧洲经济共同体条约》和《欧洲原子能共同体条约》，统称《罗马条约》。1958年1月《罗马条约》生效，欧洲经济共同体和欧洲原子能共同体成立。③1967年，欧洲煤钢共同体、欧洲经济共同体和欧洲原子能共同体合并为欧洲共同体，简称欧共体。④1991年，欧共体成员国在荷兰马斯特里赫特通过了《欧洲联盟条约》即《马斯特里赫特条约》，正式将“欧共体”改名为“欧洲联盟”（EU），简称“欧盟”。1993年11月1日，《马斯特里赫特条约》正式生效，欧盟正式成立。2002年1月1日，欧元正式启用。</p>', '6');
DELETE FROM edu_course_exercise_qa WHERE id='2083468842';
INSERT INTO edu_course_exercise_qa (id, course_exercise_id, type, question, cando, answer, total_score) VALUES ('2083468842', '188390', '15', '<p>（3）欧洲一体化的历史启示是什么？</p>', '1', '<p>（3）欧洲一体化的历史启示有以下四点：①经济：强化了欧洲各国之间的经济关系，增强了欧盟对外的经济竞争力，提高国际经济合作水平，使国际经济竞争变得更加激烈。②政治：增强了欧盟各国在世界中的影响，强化了世界多极化趋势的形成与发展，有利于抑制美国搞单极世界图谋。③文化：欧盟各国文化上相互交融，有利于世界文化的传播与发展。④安全：欧洲各国经济相互融合和渗透，总体看有利于维护世界和平与安全，但可能同时也可能增加了各国经济的风险。</p>', '4');
DELETE FROM edu_course_exercise_comment WHERE id='2083468';
INSERT INTO edu_course_exercise_comment (id, path, course_exercise_qa_id, comment) VALUES ('2083468', ',2083468', '2083468', '<p>本题考查考生从材料中获取和解读信息的能力。解题的关键是从材料中提取有效信息，再结合所学知识归纳概括。</p><p>从材料第一段中“经济体系的崩溃”和“西欧人不希望被任何一个超级大国所拯救”可知二战后欧洲面临的问题主要反映在经济和政治两个方面。</p><p>第二次世界大战使欧洲遭到严重削弱，实力大损，国际地位下降，战后的经济恢复和发展使欧洲各国联系日益紧密，欧洲联合成为一种需要。从材料第二段中“经济领域……欧洲煤钢共同体……马斯特里赫特签署的欧洲联盟条约”并结合所学知识可知欧洲一体化的进程是由一个以经济合作为主的组织转变为一个具有经济和政治双重性质的组织，欧洲各国的合作更为广泛和紧密。</p><p>欧洲一体化符合欧洲的整体利益和欧洲各国的利益。欧盟各国通过让出部分国家主权建立起共同的管理和协调机制，有利于欧洲地区的经济发展、和平与稳定。欧洲一体化反映了20世纪下半期经济区域化的趋势，它改变了世界格局，极大地提高了欧洲在国际上的地位。因此结合所学知识可以得出欧洲一体化的历史启示有经济、政治、文化、安全等四个方面。</p><p>综合上述分析，即可得出答案。</p>');
DELETE FROM edu_course_exercise_comment WHERE id='208346884';
INSERT INTO edu_course_exercise_comment (id, path, course_exercise_qa_id, comment) VALUES ('208346884', ',208346884', '208346884', '<p>本题考查考生从材料中获取和解读信息的能力。解题的关键是从材料中提取有效信息，再结合所学知识归纳概括。</p><p>从材料第一段中“经济体系的崩溃”和“西欧人不希望被任何一个超级大国所拯救”可知二战后欧洲面临的问题主要反映在经济和政治两个方面。</p><p>第二次世界大战使欧洲遭到严重削弱，实力大损，国际地位下降，战后的经济恢复和发展使欧洲各国联系日益紧密，欧洲联合成为一种需要。从材料第二段中“经济领域……欧洲煤钢共同体……马斯特里赫特签署的欧洲联盟条约”并结合所学知识可知欧洲一体化的进程是由一个以经济合作为主的组织转变为一个具有经济和政治双重性质的组织，欧洲各国的合作更为广泛和紧密。</p><p>欧洲一体化符合欧洲的整体利益和欧洲各国的利益。欧盟各国通过让出部分国家主权建立起共同的管理和协调机制，有利于欧洲地区的经济发展、和平与稳定。欧洲一体化反映了20世纪下半期经济区域化的趋势，它改变了世界格局，极大地提高了欧洲在国际上的地位。因此结合所学知识可以得出欧洲一体化的历史启示有经济、政治、文化、安全等四个方面。</p><p>综合上述分析，即可得出答案。</p>');
DELETE FROM edu_course_exercise_comment WHERE id='2083468842';
INSERT INTO edu_course_exercise_comment (id, path, course_exercise_qa_id, comment) VALUES ('2083468842', ',2083468842', '2083468842', '<p>本题考查考生从材料中获取和解读信息的能力。解题的关键是从材料中提取有效信息，再结合所学知识归纳概括。</p><p>从材料第一段中“经济体系的崩溃”和“西欧人不希望被任何一个超级大国所拯救”可知二战后欧洲面临的问题主要反映在经济和政治两个方面。</p><p>第二次世界大战使欧洲遭到严重削弱，实力大损，国际地位下降，战后的经济恢复和发展使欧洲各国联系日益紧密，欧洲联合成为一种需要。从材料第二段中“经济领域……欧洲煤钢共同体……马斯特里赫特签署的欧洲联盟条约”并结合所学知识可知欧洲一体化的进程是由一个以经济合作为主的组织转变为一个具有经济和政治双重性质的组织，欧洲各国的合作更为广泛和紧密。</p><p>欧洲一体化符合欧洲的整体利益和欧洲各国的利益。欧盟各国通过让出部分国家主权建立起共同的管理和协调机制，有利于欧洲地区的经济发展、和平与稳定。欧洲一体化反映了20世纪下半期经济区域化的趋势，它改变了世界格局，极大地提高了欧洲在国际上的地位。因此结合所学知识可以得出欧洲一体化的历史启示有经济、政治、文化、安全等四个方面。</p><p>综合上述分析，即可得出答案。</p>');
DELETE FROM edu_course_exercise WHERE id='188392';
INSERT INTO edu_course_exercise (id, question_type, course_id, content, easy_error, source, dw_checked, is_pk) VALUES ('188392', '15', '10101010', '<p>材料</p><p>下面是两位教师的教学反思：</p><p><img width="458px" height="257px" src="https://fb.fbstatic.cn/api/tarzan/images/15e07dd079adce7.png?width=700" /></p>', '', '2016年下半年教师资格证考试《高中历史》题第30题', '1', '0');
DELETE FROM edu_course_exercise_qa WHERE id='2083470';
INSERT INTO edu_course_exercise_qa (id, course_exercise_id, type, question, cando, answer, total_score) VALUES ('2083470', '188392', '15', '<p>（1）概括指出两种教学反思各涉及到哪些方面？</p>', '1', '<p>（1）教师甲：着重对课堂教学活动的设计和组织进行了反思，同时在教学内容方面也进行了反思。</p><p>教师乙：侧重于教学方法和教学效果的反思。</p>', '4');
DELETE FROM edu_course_exercise_qa WHERE id='208347031';
INSERT INTO edu_course_exercise_qa (id, course_exercise_id, type, question, cando, answer, total_score) VALUES ('208347031', '188392', '15', '<p>（2）请指出教师甲、乙教学反思中存在的主要问题。</p>', '1', '<p>（2）①材料中教师甲和乙都没有从教育观念和教师角色定位方面进行反思。</p><p>②材料中教师甲和乙没有在反思过程中加强对比方法的应用，通过与曾经的自己以及同行的对比，找出缺陷与不足。</p><p>③材料中教师乙优势方面写得多，不足之处挖掘得少，应该积极争取同行和专家的支持，加强交流与合作，使自己的反思更有效、准确和到位。</p>', '4');
DELETE FROM edu_course_exercise_qa WHERE id='208347031314';
INSERT INTO edu_course_exercise_qa (id, course_exercise_id, type, question, cando, answer, total_score) VALUES ('208347031314', '188392', '15', '<p>（3）教学反思应包括哪些方面？</p>', '1', '<p>（3）教学反思包括教学前反思、教学中反思、教学后反思。</p><p>①教学前反思的内容包含反思确定内容、阶段及具体实施方法对学生的需要和满足这些需要的具体目标，以及达到这些目标所需要的动机、教学模式和教学策略。还要对本学科、本册教材、本单元、本课时进行教学计划时列出反思的关键项目。比如:第一、需要教给学生哪些关键概念、结论和事实；第二、教学重点、难点的确定是否准确；第三、教学内容的深度和范围对学生是否适度；第四、所设计的活动哪些有助于达到教学目标；第五、教学内容的呈现方式是否符合学生的年龄和心理特征；第六、哪些学生需要特别关注。</p><p>②教学中反思是教师在教学过程中，对不可预料情况发生进行的反思以及教师在和学生互动作用中，根据学生的学习效果反馈，对教学计划进行的调整。</p><p>③教学后反思围绕教学内容、教学过程、教学策略进行。具体为：第一、教学内容方面：确定教学目标的适用性。第二、教学过程方面（回忆教学是怎样进行的）；对教学目标的反思（是否达到预期的教学效果）；对教学理论的反思（是否符合教与学的基本规律）；对学生的评价与反思（各类学生是否达到了预定目标）；对改进措施的反思（教学计划怎样修改会更有效）。第三、教学策略方面：感知环节（教师要意识到教学中存在问题与自己密切相关）；理解环节（教师要对自己的教学活动与倡导的理论，行为结果与期望进行比较，明确问题根源）；重组环节（教师要重审教学思想，寻求新策略）；验证环节（检验新思想、新策略、新方案是否更有效，形成新感知，发现新问题，开始新循环）。</p>', '8');
DELETE FROM edu_course_exercise_comment WHERE id='2083470';
INSERT INTO edu_course_exercise_comment (id, path, course_exercise_qa_id, comment) VALUES ('2083470', ',2083470', '2083470', '<p>本题考察关于教学自我反思的理解和运用。</p><p>教学反思，是指教师对教育教学实践的再认识、再思考，并以此来总结经验教训，进一步提高教育教学水平。从材料中教师甲反思的问题“教师的讲述过多，学生的活动不太充分；对中国重返联合国及在联合国中发挥的重要作用强调得不够”，可以看出教师甲对教学策略比如教学活动的设计和组织，以及教学内容方面进行了反思。材料中教师乙从内容上和材料运用以及学生作业方面进行反思，侧重于教学方法和教学效果的反思。</p><p>教学反思一直以来是教师提高个人业务水平的一种有效手段，在进行教学反思时需注意：①要把新课程理念作为反思的着眼点；② 把相关经验（比如同行和专家）和理论作为反思的重要参照。因此材料中教师甲和乙都没有从教育观念和教师角色定位方面进行反思，也没有跳出自我，反思自我，就是经常性地开展听课交流，研究别人的教学长处，通过学习比较，找出理念上的差距，并解析手段、方法上的差异，从而提升自我。除此之外教师乙优势方面写得多，不足之处挖掘得少。</p><p>教学反思是一种促进教师改进教学策略，不断提升自己教学水平的有效手段。教师教学反思应贯穿于教学的整个过程之中，就课堂教学而言，既有教学设计过程中的“行动前反思”，又有教学过程中的“行动中反思”，还要有教学后的“行动后反思”。反思的主要内容为：教学设计是还切合实际，行之有效；教学行为是否符合新的教学理念；教学方法是否解决现实问题；教学效果是否达到预期目标等。通过教学反思不断更新教学观念，改善教学行为，提升教学水平。</p><p>综合上述分析，即可得出答案。</p>');
DELETE FROM edu_course_exercise_comment WHERE id='208347031';
INSERT INTO edu_course_exercise_comment (id, path, course_exercise_qa_id, comment) VALUES ('208347031', ',208347031', '208347031', '<p>本题考察关于教学自我反思的理解和运用。</p><p>教学反思，是指教师对教育教学实践的再认识、再思考，并以此来总结经验教训，进一步提高教育教学水平。从材料中教师甲反思的问题“教师的讲述过多，学生的活动不太充分；对中国重返联合国及在联合国中发挥的重要作用强调得不够”，可以看出教师甲对教学策略比如教学活动的设计和组织，以及教学内容方面进行了反思。材料中教师乙从内容上和材料运用以及学生作业方面进行反思，侧重于教学方法和教学效果的反思。</p><p>教学反思一直以来是教师提高个人业务水平的一种有效手段，在进行教学反思时需注意：①要把新课程理念作为反思的着眼点；② 把相关经验（比如同行和专家）和理论作为反思的重要参照。因此材料中教师甲和乙都没有从教育观念和教师角色定位方面进行反思，也没有跳出自我，反思自我，就是经常性地开展听课交流，研究别人的教学长处，通过学习比较，找出理念上的差距，并解析手段、方法上的差异，从而提升自我。除此之外教师乙优势方面写得多，不足之处挖掘得少。</p><p>教学反思是一种促进教师改进教学策略，不断提升自己教学水平的有效手段。教师教学反思应贯穿于教学的整个过程之中，就课堂教学而言，既有教学设计过程中的“行动前反思”，又有教学过程中的“行动中反思”，还要有教学后的“行动后反思”。反思的主要内容为：教学设计是还切合实际，行之有效；教学行为是否符合新的教学理念；教学方法是否解决现实问题；教学效果是否达到预期目标等。通过教学反思不断更新教学观念，改善教学行为，提升教学水平。</p><p>综合上述分析，即可得出答案。</p>');
DELETE FROM edu_course_exercise_comment WHERE id='208347031314';
INSERT INTO edu_course_exercise_comment (id, path, course_exercise_qa_id, comment) VALUES ('208347031314', ',208347031314', '208347031314', '<p>本题考察关于教学自我反思的理解和运用。</p><p>教学反思，是指教师对教育教学实践的再认识、再思考，并以此来总结经验教训，进一步提高教育教学水平。从材料中教师甲反思的问题“教师的讲述过多，学生的活动不太充分；对中国重返联合国及在联合国中发挥的重要作用强调得不够”，可以看出教师甲对教学策略比如教学活动的设计和组织，以及教学内容方面进行了反思。材料中教师乙从内容上和材料运用以及学生作业方面进行反思，侧重于教学方法和教学效果的反思。</p><p>教学反思一直以来是教师提高个人业务水平的一种有效手段，在进行教学反思时需注意：①要把新课程理念作为反思的着眼点；② 把相关经验（比如同行和专家）和理论作为反思的重要参照。因此材料中教师甲和乙都没有从教育观念和教师角色定位方面进行反思，也没有跳出自我，反思自我，就是经常性地开展听课交流，研究别人的教学长处，通过学习比较，找出理念上的差距，并解析手段、方法上的差异，从而提升自我。除此之外教师乙优势方面写得多，不足之处挖掘得少。</p><p>教学反思是一种促进教师改进教学策略，不断提升自己教学水平的有效手段。教师教学反思应贯穿于教学的整个过程之中，就课堂教学而言，既有教学设计过程中的“行动前反思”，又有教学过程中的“行动中反思”，还要有教学后的“行动后反思”。反思的主要内容为：教学设计是还切合实际，行之有效；教学行为是否符合新的教学理念；教学方法是否解决现实问题；教学效果是否达到预期目标等。通过教学反思不断更新教学观念，改善教学行为，提升教学水平。</p><p>综合上述分析，即可得出答案。</p>');
DELETE FROM edu_course_exercise WHERE id='188404';
INSERT INTO edu_course_exercise (id, question_type, course_id, content, easy_error, source, dw_checked, is_pk) VALUES ('188404', '15', '10101010', '<p>材料：</p><p>下面是某教师对同一问题先后设计的试题：</p><p>试题A</p><p><img width="537px" height="373px" src="https://fb.fbstatic.cn/api/tarzan/images/15e07df5c8e348d.png?width=700" /></p><p>问题：观察上图，世界贸易在20世纪90年代以后出现了怎样的发展态势？结合所学说明导致这种态势的主要原因。</p><p>参考答案</p><p>态势：世界贸易额迅速增长</p><p>原因：新航路开辟后，世界各地区经济联系逐步加强。工业革命后，资本主义经济获得空前发展。经济全球化加速了世界经济的发展。</p><p>试题B</p><p><img width="531px" height="356px" src="https://fb.fbstatic.cn/api/tarzan/images/15e07dffd5ee226.png?width=700" /></p><p>问题：观察上图，世界贸易在20世纪90年代以后出现了怎样的发展态势？结合所学说明导致这种态势的主要原因。</p><p>参考答案</p><p>态势：世界贸易额迅速增长</p><p>原因：绝大多数国家实行了市场经济体制；经济区域集团化发展；世界贸易组织成立；经济全球化进程加快。</p>', '', '2016年下半年教师资格证考试《高中历史》题第31题', '1', '0');
DELETE FROM edu_course_exercise_qa WHERE id='2083472';
INSERT INTO edu_course_exercise_qa (id, course_exercise_id, type, question, cando, answer, total_score) VALUES ('2083472', '188404', '15', '<p>（1）试题A、B图表的内容哪个更合理？请说明理由。</p>', '1', '<p>（1）B图更为合理，B图与A图相对而言，年代较多，贸易额较为具体，具有客观性，而且B图数据走势明显，易于清楚地分析从20世纪70年代到2010年的世界贸易额的变化。</p>', '6');
DELETE FROM edu_course_exercise_qa WHERE id='208347268';
INSERT INTO edu_course_exercise_qa (id, course_exercise_id, type, question, cando, answer, total_score) VALUES ('208347268', '188404', '15', '<p>（2）请对试题A、B的参考答案进行评论。</p>', '1', '<p>（2）A题答案实际表述的为资本主义世界市场形成的过程，与图表和问题所呈现的内容不符。B题答案比较符合图表数据及设问内容。</p>', '2');
DELETE FROM edu_course_exercise_qa WHERE id='20834726818';
INSERT INTO edu_course_exercise_qa (id, course_exercise_id, type, question, cando, answer, total_score) VALUES ('20834726818', '188404', '15', '<p>（3）在编制图表类的材料解析题时应注意哪些问题？</p>', '1', '<p>（3）①详细研究教学内容，基于课程标准命题，选用的图表材料必须与教材的基础知识重点有密切关系，同时与教材能够起到互补作用，这样编制出的图表类材料解析题才能考查到学生对重点知识的掌握以及运用图表材料的能力。</p><p>②选用有价值的图表材料，太过于久远或者学术界证明已经过时的不应该引用。系统了解并掌握学生学习现状，必须兼顾学生对知识基础的掌握程度、学生的思维能力以及对其身心发展的影响，试题难度应适中为宜。同时所选的图表材料要与学生的生活实际相关联，贴近学生、关注现实命题。</p><p>③以实际为出发点，从历史学科的角度来考虑，所选图表材料应该具有科学性，必须秉持科学、严谨的态度，认真筛选，不能随意对图表资料的组合进行编排，要符合历史的实际情况，而且必要时要注明出处。</p><p>④应注意主体与试题之间，材料与设问之间要有较强的关联性。选用的图表材料必须便于设问，图表材料与问题必须保持一致，这样有利于培养学生多方面的能力</p>', '8');
DELETE FROM edu_course_exercise_comment WHERE id='2083472';
INSERT INTO edu_course_exercise_comment (id, path, course_exercise_qa_id, comment) VALUES ('2083472', ',2083472', '2083472', '<p>本题考察关于图表类的材料解析题的理解和运用。</p><p>《2013年普通高等学校招生全国统一考试说明(文科)》中明确指出:“随着科学技术的发展和社会的需要,社会科学的交流媒体大量的使用了图表和数据。能够阅读这类资料并初步运用这种资料形式说明问题,是测试综合能力的内容之一。”数据与图表所表达的信息一般比同篇幅的文字更丰富，但也容易判读遗漏或者理解错误，因此对于图表类材料解析题，读出数据变化是关键：①读数据图表时要注意数据图表和具体事项的名称。②准确把握数据图表中数据的变化（表格：注意横纵栏间的数据大小变化；饼状图：注意各项数据的比例关系；柱状图：注意相互间数据的高低变化；曲线图：注意与时间联系反映的高低起伏）。</p><p>由此判断材料中A题答案与图表和问题所呈现的内容不符，B题中图片更为合理，答案比较符合图表数据及设问内容。</p><p>因此在编制图表类的材料解析题时应注意关联性、时代性、科学性，有利于培养学生分析历史问题、解决历史问题的能力。</p>');
DELETE FROM edu_course_exercise_comment WHERE id='208347268';
INSERT INTO edu_course_exercise_comment (id, path, course_exercise_qa_id, comment) VALUES ('208347268', ',208347268', '208347268', '<p>本题考察关于图表类的材料解析题的理解和运用。</p><p>《2013年普通高等学校招生全国统一考试说明(文科)》中明确指出:“随着科学技术的发展和社会的需要,社会科学的交流媒体大量的使用了图表和数据。能够阅读这类资料并初步运用这种资料形式说明问题,是测试综合能力的内容之一。”数据与图表所表达的信息一般比同篇幅的文字更丰富，但也容易判读遗漏或者理解错误，因此对于图表类材料解析题，读出数据变化是关键：①读数据图表时要注意数据图表和具体事项的名称。②准确把握数据图表中数据的变化（表格：注意横纵栏间的数据大小变化；饼状图：注意各项数据的比例关系；柱状图：注意相互间数据的高低变化；曲线图：注意与时间联系反映的高低起伏）。</p><p>由此判断材料中A题答案与图表和问题所呈现的内容不符，B题中图片更为合理，答案比较符合图表数据及设问内容。</p><p>因此在编制图表类的材料解析题时应注意关联性、时代性、科学性，有利于培养学生分析历史问题、解决历史问题的能力。</p>');
DELETE FROM edu_course_exercise_comment WHERE id='20834726818';
INSERT INTO edu_course_exercise_comment (id, path, course_exercise_qa_id, comment) VALUES ('20834726818', ',20834726818', '20834726818', '<p>本题考察关于图表类的材料解析题的理解和运用。</p><p>《2013年普通高等学校招生全国统一考试说明(文科)》中明确指出:“随着科学技术的发展和社会的需要,社会科学的交流媒体大量的使用了图表和数据。能够阅读这类资料并初步运用这种资料形式说明问题,是测试综合能力的内容之一。”数据与图表所表达的信息一般比同篇幅的文字更丰富，但也容易判读遗漏或者理解错误，因此对于图表类材料解析题，读出数据变化是关键：①读数据图表时要注意数据图表和具体事项的名称。②准确把握数据图表中数据的变化（表格：注意横纵栏间的数据大小变化；饼状图：注意各项数据的比例关系；柱状图：注意相互间数据的高低变化；曲线图：注意与时间联系反映的高低起伏）。</p><p>由此判断材料中A题答案与图表和问题所呈现的内容不符，B题中图片更为合理，答案比较符合图表数据及设问内容。</p><p>因此在编制图表类的材料解析题时应注意关联性、时代性、科学性，有利于培养学生分析历史问题、解决历史问题的能力。</p>');
DELETE FROM edu_course_exercise WHERE id='188502';
INSERT INTO edu_course_exercise (id, question_type, course_id, content, easy_error, source, dw_checked, is_pk) VALUES ('188502', '15', '30303030', '<p>某老师讲授供求影响价格的教学片段。根据镜头分析探究问题。</p><p>镜头一，苹果遭雹灾减产，价格高于往年。</p><p>镜头二，秋季换季时皮衣卖上好价格，而夏天无人问津，打折销售。</p><p>镜头三，高价羽绒服，东北销售火爆，而海南低价却无人买。</p><p>镜头四，石油输出国宣布减产原油，导致世界油价上涨。</p><p>探究：哪些因素影响价格变化？</p><p>四个镜头反映出导致价格变动的因素是哪些？</p><p>你认为还有哪些因素导致价格变动并举例说明？</p><p>老师：哪位同学愿意把结论展示给大家？</p><p>(学生思考回答)</p><p>镜头一，因为下雨，雹灾引起价格变动属于气候因素。</p><p>镜头二、三中可知季节性地域性因素，会引起价格变动。</p><p>镜头四反映出政策因素导致价格变动。</p><p>老师：还有没有其他因素影响价格变动？</p><p>(学生思考回答)有。比如中东地区阿拉伯袍卖得很好，而西服卖得不好。相反，其他地区阿拉伯袍卖得不好，而西服卖得挺好。这说明宗教信仰，习俗等文化因素对价格的影响。</p><p>老师总结：同学们的见解都很独到，气候、时间、地域、生产、文化等许多因素都能引起价格变动。但是这些因素对价格影响又是通过什么来实现呢？</p>', '', '2016年下半年教师资格考试《高中政治》题第14题', '1', '0');
DELETE FROM edu_course_exercise_qa WHERE id='2083784';
INSERT INTO edu_course_exercise_qa (id, course_exercise_id, type, question, cando, answer, total_score) VALUES ('2083784', '188502', '15', '<p>结合材料，请从思想政治课新课标教学理念角度对上述教学片段进行分析。</p>', '1', '<p>思想政治课新课标的教学理念主要包括以下四个方面：</p><p>（1）坚持马克思主义基本观点教育与把握时代特征相统一。思想政治课要紧密联系我国社会主义现代化建设的实际，与时俱进地充实和调整教学内容，体现当今世界和我国发展的时代特征，显示马克思主义科学理论的强大力量。教学片断中，该教师利用冰雹影响苹果价格、石油输出国政策等典型事例充实教学内容，具有时代性。</p><p>（2）加强思想政治方向的引导与注重学生成长的特点相结合。本课程要重视高中学生在心理、智力、体能等方面的发展潜力，针对其思想活动的多变性、可塑性等特点，在尊重学生个体差异和各种生活关切的同时，恰当的采取释疑解惑、循循善诱的方式，帮助他们认同正确的价值标准，把握正确的政治方向。教学片断中，该教师通过苹果减产、换季皮衣、东北与海南的羽绒服、石油输出国政策四个长镜头，从现实生活出发设置问题，学生易于理解，更易产生共鸣，从而促进学生的发展。</p><p>（3）构建以生活为基础、以学科知识为支撑的课程模块。本课程要立足于学生现实的生活经验，着眼于学生的发展需求，把理论观点的阐述寓于社会生活的主题之中，构建学科知识与生活现象、理论逻辑与生活逻辑的有机结合。该教学片断中，苹果减产、换季皮衣、东北与海南的羽绒服、石油输出国政策四个长镜头内容大多贴近学生的日常生活与认识范围，有助于学生理解课本内容。</p><p>（4）强调课程实施的实践性和开放性。本课程要引领学生在认识社会、适应社会、融入社会的实践活动中，感受经济、政治、文化各个领域应用知识的价值和理性思考的意义；关注学生的情感、态度和行为表现，倡导开放互动的教学方式与合作探究的学习方式。该教学片段中，教师利用苹果减产、换季皮衣、东北与海南的羽绒服、石油输出国政策等情境，设置相关探究问题，从问题的讨论、学生的回答以及教师的启发性追问，都体现了合作学习和探究学习方式的转变。</p><p>（5）建立促进发展的课程评价机制。本课程要改变过分注重知识性和单一的纸笔测验的评级方式，建立起能够激励学生不断进步的评价机制。既要考评学生掌握和运用知识的水平和能力，更要考查他们的思想发生积极变化的过程，采用多种方式，全面反映学生思想政治素质的发展状况。该教学片断中，教学运用恰当的教学评价方式，如“同学们的见解都很独到”等激励学生不断进行探究与学习。</p>', '20');
DELETE FROM edu_course_exercise_comment WHERE id='2083784';
INSERT INTO edu_course_exercise_comment (id, path, course_exercise_qa_id, comment) VALUES ('2083784', ',2083784', '2083784', '<p>本题考查的是《普通高中思想政治课程标准（实验）》中课程基本理念的相关知识。思想政治新课标的基本理念包括：坚持马克思主义基本观点教育与把握时代特征相统一；加强思想政治方向的引导与注重学生成长的特点相结合；构建以生活为基础、以学科知识为支撑的课程模块；强调课程实施的实践性和开放性；建立促进发展的课程评价机制。针对以上五点理念，与教学片断实录相结合分析。</p>');
DELETE FROM edu_course_exercise WHERE id='188506';
INSERT INTO edu_course_exercise (id, question_type, course_id, content, easy_error, source, dw_checked, is_pk) VALUES ('188506', '15', '30303030', '<p>下面是某老师讲授“做理智的消费者”的教学实践。</p><p>师：有人说名牌质量好，消费名牌有面子。当前有不少中学生追求名牌，请大家谈谈对中学生追求名牌有什么看法？赞成吗？</p><p>(学生讨论)</p><p>师：张三同学(正好穿着名牌的运动鞋)，你怎么看待这个问题？</p><p>张三：应该考虑自家的实际情况。</p><p>师：那可以购买吗？</p><p>张三：不可以。</p><p>师：不可以那你穿的什么鞋？(学生笑，小声讨论)，大家说可以不可以？</p><p>生甲：可以。</p><p>师：对，中学生是可以购买的，不可以买是不真实的。那追求名牌消费会带来什么负面影响？</p><p>生乙：会造成攀比心理。</p><p>生丙：会造成经济负担。</p><p>师：很好，谈到了对个人和家庭产生的消极影响。还有什么补充的吗？</p><p>生丁：不符合国情。</p><p>师：那你简单概述下我国现阶段的国情。</p><p>生丁：我国现阶段处于社会主义初级阶段，人均收入低，物质财富不丰富。</p><p>师：这位同学从国家角度说明了我们不能追求名牌消费，很好。大家鼓掌(掌声)。</p><p>师：改革开放以来，生活水平有了提高，但是仍处于社会主义初级阶段，生产力比较落后，人均收入低，作为当代中学生，买名牌可以，但不能过分追求，虽然生活水平提高了，但仍要保持勤俭节约，艰苦奋斗的作风，这才是我们正确的消费原则。</p><p>师：板书一一勤俭节约，艰苦奋斗</p>', '', '2016年下半年教师资格考试《高中政治》题第15题', '1', '0');
DELETE FROM edu_course_exercise_qa WHERE id='2083786';
INSERT INTO edu_course_exercise_qa (id, course_exercise_id, type, question, cando, answer, total_score) VALUES ('2083786', '188506', '15', '<p>运用教学评价的相关理论，对教学实录中老师的评价作出分析。</p>', '1', '<p>该教学实录中教师的评价既有可取的一面，又有不足的一面。</p><p>（1）新课标中教学评价要求把对学生思想政治素质的评价放在突出位置。评价要全面、客观地记录和描述学生思想政治素质的发展状况，注重考查学生的行为，特别关注其情感、态度与价值观方面的表现。该教学实录中，教师对学生的评价更偏向于对知识的检验，如设置的问题仅仅引导出不能攀比，应勤俭节约、艰苦奋斗，未突出对学生情感、态度与价值观方面的着重强调，应给予学生发言权，学生自己感悟理性消费的重要性。</p><p>（2）教学评价要求强调学生既是评价对象，也是评价主体。应重视学生参与评价，包括教与学两个方面。要采用多种方式培养学生的自我评价意识，发展自我评价能力。如对学生在集体生活中的各种表现，各自不同的学习观念和学习效果，都可提供相应的自我评价的机会和要求。该教学实录中，教师注重将学生作为评价对象，但忽略了将学生作为评价的主体。整节课都是老师在评价、引导，而没有引导学生之间互评，学生自我反思等，评价主体单一。</p><p>（3）教学评价要求对学生的能力发展给予肯定性评价。如学生的沟通、合作、表达能力，搜集与筛选多种社会信息、辨识社会现象、透视社会问题的能力，自主学习、持续学习的能力等，都要注重从积极的方面、用发展的眼光给予评价。该教学实录中，教师在一定程度上肯定性评价学生的回答，如“这位同学从国家角度说明了我们不能追求名牌消费，很好。大家鼓掌”。但在评价学生回答的不全面时，则评价“不可以那你穿的什么鞋?”这样的反问式评价会挫伤学生的自尊心和自信心，不利于学生持续学习能力的提高。</p><p>（4）将形成性评价与终结性评价结合起来。学业的完成，需要经历必要的过程；思想政治素质的状况，更要在一定的过程中表现。终结性评价应建立在形成性评价的基础上，与形成性评价相结合，才能保证评价的真实、准确、全面。该教师在课堂中能通过连续的提问如“谈谈对中学生追求名牌有什么看法?赞成吗?”、“那可以购买吗?”、“追求名牌效应会带来什么负面影响”等来检验学生的认知以及学习情况，但该教师并未针对课堂中存在的问题及时调整或改进教学工作。</p><p>（5）采取多种学习评价方式。在考试中提供多种题型的同时，倡导综合的、开放的题型。采取更为灵活的方式，如谈话观察、描述性评语、项目评议、学生自评与互评、个人成长记录等。该教师注重自己对学生的评价，未采用多种学习评价方式。如该教师仅采用教师作为主体的评价与引导，且形式单一，仅通过问答的方式。该教学过程中可添加学生对于知识的搜集、整合以及表达等方式，教师可对学生完成任务的过程进行评价，也可采用生生互评等，增加评价方式。</p>', '20');
DELETE FROM edu_course_exercise_comment WHERE id='2083786';
INSERT INTO edu_course_exercise_comment (id, path, course_exercise_qa_id, comment) VALUES ('2083786', ',2083786', '2083786', '<p>本题考查的是思想政治课教学评价的相关知识。《普通高中思想政治课程标准（实验）》中要求要对课程的组织实施和教学效果进行监控，使评价成为促进学生发展和提高教学质量的有效手段。评价要求包括：把对学生思想政治素质的评价放在突出位置；强调学生既是评价对象，也是评价主体；对学生的能力发展给予肯定性评价；把形成性评价与终结性评价结合起来；采取多种学习评价方式；采用开放的教学评价方式，注意将以上内容与教学实录中教师的评价相结合作答，避免答题空洞。</p>');
DELETE FROM edu_course_exercise WHERE id='188526';
INSERT INTO edu_course_exercise (id, question_type, course_id, content, easy_error, source, dw_checked, is_pk) VALUES ('188526', '15', '30303030', '<p>材料：某老师任教于“雪梨之乡”的一所高中，下面是他在《民主管理：共创幸福生活》教学中选用的素材。</p><p>素材一：小金大学毕业后放弃留在城市工作的机会，回到自己家乡创业，小金家乡的雪梨种植业有着悠久的传统，可惜一家一户的分散经营不成规模；加上交通闭塞，经济效益始终不高，小金决定带头在村里修条路，小金可以通过什么途径做这件事呢？</p><p>素材二：小金家乡的雪梨收获后，他组织乡亲们把雪梨运到市里某小区设摊售卖，售卖点吵闹喧哗，烂梨丢了一地……影响了小区居民的生活环境，作为中学生，你可以通过哪些途径帮助小区解决问题？</p><p>素材三：小金和乡亲们的雪梨受到该小区居民的喜爱，希望他们经常来卖，但居委会主任却出来阻止售卖，要求小金到街道办事处去询问如何办理相关证件，小金不明白到底是居民说了算，还是居委会主任说了算，街道办事处又是个什么机构？你能帮小金解决这个问题吗？</p>', '', '2016 年上半年教师资格考试《高中政治》题第33题', '1', '0');
DELETE FROM edu_course_exercise_qa WHERE id='2083970';
INSERT INTO edu_course_exercise_qa (id, course_exercise_id, type, question, cando, answer, total_score) VALUES ('2083970', '188526', '15', '<p>请结合材料，从思想政治课程资源开发与利用的角度，分析该教师所选取和利用的课程资源有何可取之处。</p>', '1', '<p>（1）课程资源是课程设计、编制、实施和评价等整个课程发展过程中可利用的一切人力、物力以及自然资源的总和。包括：文字与音像资源、人力资源、实践活动资源、信息化资源。教师充分利用思想政治教科书，将教科书与小金的事例相结合，并设置引发学生思考的相关问题，课程资源选取具有启发性；</p><p>（2）课程资源不会自动进入教学领域，需要能动地去寻找、认识、选择和运用。要坚持自主开发、特色开发、共同开发。教师将本地特色---“雪梨之乡”与大学生小金返乡种植雪梨过程中遇到的问题相结合，设置问题，引导学生寻求解决路径，即在帮助小金解决问题的过程中，突破课本中相应的重难点，充分体现了教师在课程资源的开发中发挥的主体作用，体现了教师认真学习和领会了课程的目标和内容，并分析了课程资源开发与课程目标实现的关系，根据实际情况选择和利用课程资源。该教师从具体的地域特点，使课程资源的开发呈现出独特性。</p><p>（3）课程资源的开发与利用，要充分发挥师生的作用，鼓励学生积极参与、共同收集、处理和展示课程资源，有效利用。该课程资源中问题的设置鼓励学生的积极参与、环环相扣。如通过“帮助小区解决问题”、“帮助小金解决问题”的提问方式，充分调动学生的积极性，并非单纯的靠教师讲解，引导学生参与其中。通过这种方式学生才能真正的溶于教学，真正体验学习的乐趣和情感的收获。</p><p>（4）该课程资源的选取具有典型性，做到了一材多用，充分挖掘资源的深度，做到了同一资源在不同问题中的多角度多方面的使用，有利于培养学生的发散性思维。教师选取大学生小金种植雪梨重遇到的问题，设置不同的问题，有利于课堂的连贯性以及学生对于知识的整合。</p>', '20');
DELETE FROM edu_course_exercise_comment WHERE id='2083970';
INSERT INTO edu_course_exercise_comment (id, path, course_exercise_qa_id, comment) VALUES ('2083970', ',2083970', '2083970', '<p>本题考查课程资源的开发与利用建议的相关知识。课程资源是课程设计、编制、实施和评价等整个课程发展过程中可利用的一切人力、物力以及自然资源的总和。包括：文字与音像资源、人力资源、实践活动资源、信息化资源。课程资源不会自动进入教学领域，需要能动地去寻找、认识、选择和运用。要坚持自主开发、特色开发、共同开发。课程资源的选取要注重兴趣性、典型性和广泛性原则。可结合素材进行说明。</p>');
DELETE FROM edu_course_exercise WHERE id='188528';
INSERT INTO edu_course_exercise (id, question_type, course_id, content, easy_error, source, dw_checked, is_pk) VALUES ('188528', '15', '30303030', '<p>材料：下面是某教研员设计的《思想政治课堂教学综合评价量表》</p><p><img width="536px" height="264px" src="https://fb.fbstatic.cn/api/tarzan/images/15e098446cb0ea1.png?width=700" /></p>', '', '2016 年上半年教师资格考试《高中政治》题第34题', '1', '0');
DELETE FROM edu_course_exercise_qa WHERE id='2083972';
INSERT INTO edu_course_exercise_qa (id, course_exercise_id, type, question, cando, answer, total_score) VALUES ('2083972', '188528', '15', '<p>请根据思想政治课新课程教学评价理念，说一说该评价表总体设计上存在的问题。</p>', '1', '<p>（1）评价项目不全面。教学评价除对教师的教（教学目标、教学内容等）进行评价，更应对学生的学进行评价。强调学生既是评价对象，也是评价主体。应重视学生参与评价。教学是教师教育学生学的双边活动，包括教与学两个方面。要采用多种方式培养学生的自我评价意识。评价项目中应增加学生的课堂表现一项，考查学生的课堂参与度、师生互动以及自我探究，对学生的能力发展给予肯定性评价。</p><p>（2）教学目标的项目评价的要求不够合理。教学目标应着重突出评价学生的能力目标和情感、态度与价值观目标的完成情况，评价要求应为：“三维”目标的制定是否符合新课标要求；全体学生是否各有收获，如期达标；关注差异，面向全体。</p><p>（3）项目的评价分数不合理。对学生的课堂表现评价赋值为55分，其中突出对学生自主探究评价的赋值。对教师的课堂教学评价赋值为45分。</p><p>（4）在《思想政治课堂教学综合评价量表》最下方应增加总体评价与改进措施两项内容。可帮助教师更加直观地认识到教学中存在的问题以及改进措施。</p>', '20');
DELETE FROM edu_course_exercise_comment WHERE id='2083972';
INSERT INTO edu_course_exercise_comment (id, path, course_exercise_qa_id, comment) VALUES ('2083972', ',2083972', '2083972', '<p>本题考查的是思想政治课程教学评价建议的相关知识。教学评价是依据教学目标对教学过程及结果进行价值判断并为教学决策服务的活动，是对教学活动现实的或潜在的价值做出判断的过程。教学评价是研究教师的教和学生的学的价值的过程。教学评价一般包括对教学过程中教师、学生、教学内容、教学方法手段、教学环境、教学管理诸因素的评价，但主要是对学生学习效果的评价和教师教学工作过程的评价。教学评价的两个核心环节：对教师教学工作（教学设计、组织、实施等）的评价——教师教学评估（课堂、课外）、对学生学习效果的评价——即考试与测验。</p>');
DELETE FROM edu_course_exercise WHERE id='188556';
INSERT INTO edu_course_exercise (id, question_type, course_id, content, easy_error, source, dw_checked, is_pk) VALUES ('188556', '15', '30303030', '<p>材料：下面是一道高考试题。</p><p>小张在网上看中了标价为5欧元的一件小饰品，当时的汇率为1欧元=10人民币元。一个月后，欧元升值了5%。此时，用人民币购买这件饰品，小张要比一个月前（  ）。</p><p>A.多支付人民币0.5元   </p><p>B．少支付人民币0.5元</p><p>C．少支付人民币2.5元  </p><p>D．多支付人民币2.5元</p>', '', '2015年下半年教师资格证考试《高中政治》题第9题', '1', '0');
DELETE FROM edu_course_exercise_qa WHERE id='2084876';
INSERT INTO edu_course_exercise_qa (id, course_exercise_id, type, question, cando, answer, total_score) VALUES ('2084876', '188556', '15', '<p>请根据高中思想政治课程有关内容，写出该题涉及的主要知识点及解题思路。</p>', '1', '<p>（1）主要知识点：</p><p> ①“标价为5欧元的小饰品”、“人民币购买”涉及的知识点为货币的职能；②“汇率为1欧元=10人民币，一个月后，欧元升值了5%”、“用人民币购买这件饰品”涉及的知识点为汇率和汇率换算的相关知识。</p><p> （2）解题思路：</p><p>①一个月前1欧元=10人民币，即一个月前需要支付50元人民币；</p><p>②欧元升值了5%，即人民币贬值5%，所以1欧元=10*（1+5%）人民币，1欧元=10.5元人民币，小饰品标价为5欧元，现在需支付5*10.5=52.5元人民币；</p><p>③所以52.5-50=2.5元人民币，即比一个月前多支付了2.5元人民币。</p><p>故正确答案为D。</p>', '20');
DELETE FROM edu_course_exercise_comment WHERE id='2084876';
INSERT INTO edu_course_exercise_comment (id, path, course_exercise_qa_id, comment) VALUES ('2084876', ',2084876', '2084876', '<p>本题考查的是经济生活中货币的职能、汇率及汇率的换算。答题时注意以下几点，第一：审清题目，设问有两处，要求写出涉及的知识点和解题思路；第二：回归题干，找出题干中与知识点相关的关键词，“标价、欧元、汇率、升值、人民币、购买”；第三：根据关键词对应知识点，分条答题，条理清晰。</p>');
DELETE FROM edu_course_exercise WHERE id='188610';
INSERT INTO edu_course_exercise (id, question_type, course_id, content, easy_error, source, dw_checked, is_pk) VALUES ('188610', '15', '30303030', '<p>下面是某教师在用《对立统一的观点看问题》教学过程中展示的一道讨论题，需要学生分组讨论。</p><p><b>材料</b>: 作为一种新兴网络传播方式，微博正式成为网络舆论主战场；但微博简短和情绪化的传播方式也容易成为谣言滋生的温床，给公众和社会带来不少因扰。</p><p>一名忧心忡忡的网友认为：“为防止微博传播谣言，应关闭微博，以促进社会和谐”，他的理由如下:</p><p>(1)很多人认为使用微博的目的主要用于表达主观感受，而非理性陈述事实，这就为谣言的产生和传播制造了机会。</p><p>(2)微博现在火了，传播信息太快，微博上传播的谣言，难以追溯来源，辟谣的赶不上传谣的，以致不少无辜的人和事“躺着中枪”，严重危害了和谐社会的建设。  </p><p>运用唯物辩证法的知识，评价这名网友的理由是否能充分支持其观点，并加以分析说明。讨论题布置后，各组同学立即投入学习活动。其中一个小组通过自学课本和热烈讨论，形成下列结论:</p><p>(1)对于微博，我们既要全面地分析事物的矛盾，又要分清矛盾的主要方面。</p><p>(2)材料中，网友分析微博对社会造成的危害，但没有认识到微博对和谐社会建设的有利方面。</p><p>(3)现阶段，微博传播谣言是次要矛盾的次要方面，不能就此否认微博存在的必要性。 </p><p>(4)因此，这名网友陈述的理由不能充分支持其观点。</p>', '', '2014 年上半年教师资格考试《高中政治》题第32题', '1', '0');
DELETE FROM edu_course_exercise_qa WHERE id='2085416';
INSERT INTO edu_course_exercise_qa (id, course_exercise_id, type, question, cando, answer, total_score) VALUES ('2085416', '188610', '15', '<p>请根据思想政治学科知识和教育评价功能的相关理论，对该小组的学习过程和结果进行点评。 </p>', '1', '<p>①在分析某一事物时，应运用一分为二的观点全面的看待问题，要坚持重点论与两点论的统一。案例中小组的学习成果中有对案例的分析，并且将案例分析与所学哲学原理相结合，但在哲学原理的运用上并不十分准确。应运用矛盾原理中矛盾的主次方面原理，并非运用主次矛盾原理。</p><p>②教学评价具有诊断功能。通过该小组的学习结果，我们能够发现学生在知识认识上的问题，并且能够针对问题进行重点点拨和讲解。</p><p>③教学评价具有激励功能。在评价学生的学习中，我们既要注重评价学生的学习结果，又要注重评价学生的学习过程。该小组在学习过程中，通过自学课本，热烈讨论得出结果，在整个学习过程中的表现是值得表扬的。</p><p>④教学评价具有反馈调节功能。在整个小组学习的过程中，教师可根据学生的相关信息，对学生在知识掌握方面，知识运用方面以及小组合作有更全面的了解，以更好的进行教育教学活动。</p>', '20');
DELETE FROM edu_course_exercise_comment WHERE id='2085416';
INSERT INTO edu_course_exercise_comment (id, path, course_exercise_qa_id, comment) VALUES ('2085416', ',2085416', '2085416', '<p>本题考查《生活与哲学》矛盾的相关原理，包括矛盾的对立统一，矛盾的普遍性原理，矛盾的特殊性原理，矛盾的普遍性与特殊性关系原理，主次矛盾原理，矛盾的主次方面原理，两点论与重点论相统一的原理。微博的优点和弊端是主要矛盾和次要矛盾，并非矛盾的主次方面。</p><p>教学评价功能是指教育评价活动本身所具有的能引起评价对象变化的作用和能力。它通过教育评价活动与结果，作用于评价对象而体现出来。其功能的内容取决于评价活动的结构及运行机制。教学评价功能包括鉴定功能、导向功能、激励功能、诊断功能、调节功能、监督功能、管理功能、教育功能等。</p>');
DELETE FROM edu_course_exercise WHERE id='188680';
INSERT INTO edu_course_exercise (id, question_type, course_id, content, easy_error, source, dw_checked, is_pk) VALUES ('188680', '15', '20202020', '<p>材料一 下图为我国过去 50 年来增温速率分布图。</p><p><img width="552px" height="346px" src="https://fb.fbstatic.cn/api/tarzan/images/15e27abf831635a.png?width=700" /></p><p>材料二 科学家预测，只有在未来50年内将当前CO2排放量减少一半，才能扭转全球变暖的趋势。我国政府承诺，到 2020 年单位国内生产总值的CO2排放量将比2005年减少40%至45%。</p>', '', '2015年上半年教师资格证考试《初中地理》题第28题', '1', '0');
DELETE FROM edu_course_exercise_qa WHERE id='2085964';
INSERT INTO edu_course_exercise_qa (id, course_exercise_id, type, question, cando, answer, total_score) VALUES ('2085964', '188680', '15', '<p>（1）概括我国过去 50 年内增温速率的空间分布特点，并分析东北地区温度变化对当地农业生产的影响。</p>', '1', '<p>（1）我国过去50年内增温速率的空间分布特点是：</p><p>①全国各地的增温速率、幅度有大有小；</p><p>②增温幅度最大地区的增温值可达4℃；</p><p>③气温升高最明显的地区在西北地区和东北地区。</p><p>东北地区温度变化对当地农业生产的影响：</p><p>①喜温高产作物的种植北界北移，种植面积扩大，生长周期缩短，粮食产量上升；</p><p>②气温升高有利于虫卵、病菌越冬，易导致春季病虫害蔓延和部分地区春旱的发生。</p>', '12');
DELETE FROM edu_course_exercise_qa WHERE id='20859644';
INSERT INTO edu_course_exercise_qa (id, course_exercise_id, type, question, cando, answer, total_score) VALUES ('20859644', '188680', '15', '<p>（2）我国如要实现2020年的CO2减排目标，应采取哪些调控措施？</p>', '1', '<p>（2）①开发利用清洁能源；②植树造林，增加绿化面积；③加大科技投入，采用脱硫固碳技术；④避免浪费，减少废弃物排放，尽可能使用公共交通工具；⑤提高能源利用率；⑥加大环境监测力度。（任答4条）</p>', '4');
DELETE FROM edu_course_exercise_comment WHERE id='2085964';
INSERT INTO edu_course_exercise_comment (id, path, course_exercise_qa_id, comment) VALUES ('2085964', ',2085964', '2085964', '<p>本题考查地理图表的分析、温度对农业生产的影响及节能减排的措施。对于地理图表的分析，我们要根据题目要求从图标中概括出有用的信息，这是地理学习的必备技能；温度影响农作物的熟制和分布范围；节能减排可以从开发新能源和减少排放两个角度进行思考。</p>');
DELETE FROM edu_course_exercise_comment WHERE id='20859644';
INSERT INTO edu_course_exercise_comment (id, path, course_exercise_qa_id, comment) VALUES ('20859644', ',20859644', '20859644', '<p>本题考查地理图表的分析、温度对农业生产的影响及节能减排的措施。对于地理图表的分析，我们要根据题目要求从图标中概括出有用的信息，这是地理学习的必备技能；温度影响农作物的熟制和分布范围；节能减排可以从开发新能源和减少排放两个角度进行思考。</p>');
DELETE FROM edu_course_exercise WHERE id='188684';
INSERT INTO edu_course_exercise (id, question_type, course_id, content, easy_error, source, dw_checked, is_pk) VALUES ('188684', '15', '20202020', '<p>材料：</p><p>下面是某中学周老师在初中“地球的自转”一课中的教学片段：</p><p>师：（手握地球仪）地球是我们的家园，浩瀚的海洋、茂密的森林……我们观察、感受、思考着生活中的许多自然现象。比如为什么会有日出日落现象呢？</p><p>生：（思考、讨论）</p><p>师：哪位同学能用地球仪来演示说明一下？</p><p>生：（走上讲台，一手拨着地球仪，一手比划着，自言自语）这是太阳，地球自东向西转，这边升起，这边落，这是北、南？不对，老师，我认为是地球自西向东转的结果。</p><p>师：这位同学经过一番思考、操作她的观点是否正确呢？你们跟她的想法一致吗？小组合作讨论一下，地球到底怎么转？一会请你们来演示，看谁演示的对!</p><p>（经过几个学生到台前演示，最终得出结论：地球自转方向是自西向东，导致了太阳东升西落的现象。接着教师展示地球自转的多媒体课件。屏幕呈现 3 个问题：①地球自转围绕的中心是什么？②地球自转的方向如何？③地球自转一周的时间是多少？）</p><p>师：我们可以充分利用手中的资料，如教材、地图册以及大屏幕中的动画，还可以利用地球仪和小手电演示，分小组来探究这些问题，然后请同学到讲台前展示探究的结果。</p><p>生：（分组探究，学生展示）</p><p>师：现在我们进入自由提问阶段，每位同学都可以联系生活实际或借助地球仪，并围绕“地球自转”这个主题提问，同时欢迎大家积极思考来帮助解决问题。</p>', '', '2015年上半年教师资格证考试《初中地理》题第29题', '1', '0');
DELETE FROM edu_course_exercise_qa WHERE id='2085966';
INSERT INTO edu_course_exercise_qa (id, course_exercise_id, type, question, cando, answer, total_score) VALUES ('2085966', '188684', '15', '<p>（1）周老师请学生用地球仪来演示、说明并解答地理问题，这一教学行为有利于达成哪些教学目标？ </p>', '1', '<p>（1）知识与技能目标：①掌握地球自转的方向和周期；②能够说出地球自转产生的地理现象；③了解用地球仪演示地球自转的方法。</p><p>过程与方法目标：①通过演示地球的自转运动，初步建立地球自转的空间概念，认识地球自转的特点；②通过演示、观察地球的自转过程，解释地球自转产生的地理现象。</p><p>情感态度价值观目标：培养学生树立求真精神和科学方法。</p>', '10');
DELETE FROM edu_course_exercise_comment WHERE id='2085966';
INSERT INTO edu_course_exercise_comment (id, path, course_exercise_qa_id, comment) VALUES ('2085966', ',2085966', '2085966', '<p>本题考查考生的教学分析能力。根据已有的教学片段分析教学目标并设计教学问题，要求我们要熟知片段的教学内容，结合该学段学生的学习特点和新标要求进行解答。</p>');
DELETE FROM edu_course_exercise WHERE id='188686';
INSERT INTO edu_course_exercise (id, question_type, course_id, content, easy_error, source, dw_checked, is_pk) VALUES ('188686', '15', '20202020', '<p>材料：</p><p>下面是吴老师在初中“西北地区”一课中的教学片断：</p><p>……</p><p>师：西北地区虽然气候干旱，但当地人们能充分发挥地区优势，发展农业生产，许多农产品在国内甚至国际市场上享有盛誉，你们知道西北地区的农产品有哪些？</p><p>生：哈密瓜、葡萄……（学生齐声回答） </p><p>生：鄂尔多斯羊绒，温暖全世界。（一个调皮的插话，把其他学生都逗乐了） </p><p>师：（微笑）鄂尔多斯羊绒衫属于农产品吗？</p><p>生：属于工业产品。 </p><p>师：对呀，所以，鄂尔多斯羊绒衫和当地农业生产之间没有任何关系，对吗？ </p><p>生：不对，鄂尔多斯羊绒衫的原料来源于畜牧业。 </p><p>师：（微笑）这位同学的思路很清晰，鄂尔多斯羊绒衫和当地农业生产之间有关系。西北地区的内蒙古高原、天山等地，草场广阔，为畜牧业发展提供了得天独厚的条件，畜牧业又带动了当地相关部门发展，大家能否知道西北地区的主要牧区和畜种有哪些呢？除了畜产品，西北地区的瓜果也比我们这里东部沿海地区的香甜，同学们熟知的有哈密瓜、葡萄、石榴、香梨等，另外还有小麦、棉花甜菜等，产量高、质量好。（展示哈密瓜、葡萄、长绒棉丰收的图片）大家又能否知道这是为什么呢？</p><p>生：（安静无语） </p><p>师：接下来，先请大家各自阅读教材和地图，了解西北地区的主要牧区和畜种有哪些。然后，前后排四人一组讨论“西北地区的瓜果为什么产量高、质量好”。</p><p>……</p>', '', '2015年上半年教师资格证考试《初中地理》题第30题', '1', '0');
DELETE FROM edu_course_exercise_qa WHERE id='188686297';
INSERT INTO edu_course_exercise_qa (id, course_exercise_id, type, question, cando, answer, total_score) VALUES ('188686297', '188686', '15', '<p>（3）在学生四人一组讨论“西北地区的瓜果为什么产量高、质量好”时，教师应如何发挥教师的指导作用？ </p>', '1', '<p>（3）该知识点属于农业与自然要素之间的关系，对学生来说有一定的难度，教师可以在学生讨论之前给出相应的资料来指导学生的讨论方向。</p><p>①展示“植物光合作用和呼吸作用机制的特点，解释西北地区瓜果个儿大味美的原因”的资料，引导学生通过阅读分析资料，归纳出西北地区瓜果质量好与当地的日照条件、气温的昼夜温差有着密切的关系；</p><p>②展示“西北地区气候类型图”和“气温昼夜温差大”的相关资料，引导学生认识西北地区的气候特点并得出西北地区日照充足、昼夜温差大等特点。</p><p>总之，在学生进行小组探究的过程中，教师应该根据问题的难易程度以及学生已有的知识经验进行指导，以发挥教师的指导作用。</p>', '8');
DELETE FROM edu_course_exercise_qa WHERE id='188686764';
INSERT INTO edu_course_exercise_qa (id, course_exercise_id, type, question, cando, answer, total_score) VALUES ('188686764', '188686', '15', '<p>（2）上述教学片断中，哪些行为体现了因材施教？</p>', '1', '<p>（2）上述教学片断中，体现因材施教的行为有：</p><p>①当学生回答错误后，教师不是直接给出否定答案，而是设问“鄂尔多斯羊绒衫属于农产品吗？”，引导学生根据自己的知识经验分析自己回答问题的正误；</p><p>②通过设置“鄂尔多斯羊绒衫和当地农业生产之间没有任何关系，对吗？”这个问题，引导学生分析当地工业产品与农产品之间的关系，培养学生的发散思维；</p><p>综上分析，学生回答错误时教师没有直接否定，而是通过问题引导学生分析正确答案，体现了教学过程以学生为主体，培养学生的个性，体现因材施教的教学原则。</p>', '6');
DELETE FROM edu_course_exercise_qa WHERE id='2085970';
INSERT INTO edu_course_exercise_qa (id, course_exercise_id, type, question, cando, answer, total_score) VALUES ('2085970', '188686', '15', '<p>（1）上述教学片段中，运用了哪些教学方法？ </p>', '1', '<p>（1）上述教学片段中，运用的教学方法有：</p><p>①谈话引导法：在学习西北地区具体知识点之前，通过谈话的方式问学生一些比较感兴趣的话题，提高学生学习的积极性，激发学习兴趣，为后面的学习奠定基础；</p><p>②图片教学法：在学习西北地区农产品时展示哈密瓜、葡萄、长绒棉丰收的图片，用直观的图片不仅能引导学生了解西北地区的农产品还可以激发学生的学习兴趣；</p><p>③自主学习法：在学习西北地区主要牧区和畜种时，引导学生自主阅读教材和相关图片，不仅体现学生学习的主体性，还可以培养学生良好的学习能力；</p><p>④小组合作探究法：在学习西北地区农产品与当地气候的关系时，引导学生前后排四人一组讨论“西北地区的瓜果为什么产量高、质量好”，通过小组讨论，不仅突出学生学习的主体性还可以锻炼学生的语言表达能力和合作交流能力。</p>', '6');
DELETE FROM edu_course_exercise_comment WHERE id='188686700';
INSERT INTO edu_course_exercise_comment (id, path, course_exercise_qa_id, comment) VALUES ('188686700', ',188686700', '188686297', '<p>本题考查考生的教学设计基本素养。常用的教学方法有谈话法、图片教学法、自主学习法、合作探究法、角色扮演法、视频教学法等；因材施教体现的是教师能够针对不同的学生采用适宜的教学方法，促进学生的个性发展；教师指导作用的发挥有利于实现学生的主体地位，重点突出教师的引导作用。</p>');
DELETE FROM edu_course_exercise_comment WHERE id='188686210';
INSERT INTO edu_course_exercise_comment (id, path, course_exercise_qa_id, comment) VALUES ('188686210', ',188686210', '188686764', '<p>本题考查考生的教学设计基本素养。常用的教学方法有谈话法、图片教学法、自主学习法、合作探究法、角色扮演法、视频教学法等；因材施教体现的是教师能够针对不同的学生采用适宜的教学方法，促进学生的个性发展；教师指导作用的发挥有利于实现学生的主体地位，重点突出教师的引导作用。</p>');
DELETE FROM edu_course_exercise_comment WHERE id='2085970';
INSERT INTO edu_course_exercise_comment (id, path, course_exercise_qa_id, comment) VALUES ('2085970', ',2085970', '2085970', '<p>本题考查考生的教学设计基本素养。常用的教学方法有谈话法、图片教学法、自主学习法、合作探究法、角色扮演法、视频教学法等；因材施教体现的是教师能够针对不同的学生采用适宜的教学方法，促进学生的个性发展；教师指导作用的发挥有利于实现学生的主体地位，重点突出教师的引导作用。</p>');
DELETE FROM edu_course_exercise WHERE id='188688';
INSERT INTO edu_course_exercise (id, question_type, course_id, content, easy_error, source, dw_checked, is_pk) VALUES ('188688', '15', '20202020', '<p>阅读关于“北方与南方的人文差异”的图文资料按要求完成教学设计任务。 </p><p>材料一 《义务教育地理课程标准（2011年版）》中的相关内容标准要求：“用事例说明四大地理单元自然地理环境对生产、生活的影响。”</p><p>材料二 某版本教科书中关于“北方与南方的人文差异”的内容。</p><p align="center">北方与南方的人文差异</p><p>受自然环境的影响，北方地区和南方地区的人们，在生产方式、生活习惯、文化传统等方面也有很大差异，正所谓“一方水土养一方人”。</p><p>比较图 5-12 和图  5-13 可以看出，北方村落和南方村落在自然景观和人文活动等方面，均有明显的差异。</p><p><img width="554px" height="340px" src="https://fb.fbstatic.cn/api/tarzan/images/15e27b49d838d91.png?width=700" /></p><p><img width="552px" height="347px" src="https://fb.fbstatic.cn/api/tarzan/images/15e27b4b1404d27.png?width=700" /></p><p>一一摘自某版本义务教育课程标准实验教科书（八年级下）</p>', '', '2015年上半年教师资格证考试《初中地理》题第31题', '1', '0');
DELETE FROM edu_course_exercise_qa WHERE id='2085978';
INSERT INTO edu_course_exercise_qa (id, course_exercise_id, type, question, cando, answer, total_score) VALUES ('2085978', '188688', '15', '<p>（1）写出本课的知识组成。</p>', '1', '<p>（1）本课的知识组成有：</p><p>①南方和北方地区的生产方式，包括土地利用类型、主要农作物和农作物熟制；</p><p>②南方和北方地区的交通特点；</p><p>③南方和北方地区的民居特点；</p><p>④南方和北方地区的体育活动特点；</p><p>⑤造成南北方差异的原因。</p>', '9');
DELETE FROM edu_course_exercise_qa WHERE id='208597860';
INSERT INTO edu_course_exercise_qa (id, course_exercise_id, type, question, cando, answer, total_score) VALUES ('208597860', '188688', '15', '<p>（2）根据课程标准和教材的知识组成，设计教学过程要点（应包括教师、学生的活动方式和活动内容）。</p>', '1', '<p>（2）设计教学过程</p><p><img width="402px" height="422px" src="https://fb.fbstatic.cn/api/tarzan/images/15e27b2c04ac090.png?width=700" /></p><p><img width="470px" height="258px" src="https://fb.fbstatic.cn/api/tarzan/images/15e3215a6f202a6.png?width=700" /></p><p><img width="462px" height="332px" src="https://fb.fbstatic.cn/api/tarzan/images/15e27b3df62708f.png?width=700" /></p>', '15');
DELETE FROM edu_course_exercise_comment WHERE id='2085978';
INSERT INTO edu_course_exercise_comment (id, path, course_exercise_qa_id, comment) VALUES ('2085978', ',2085978', '2085978', '<p>本题考查考生的教学设计能力，在进行教学设计时首先要熟悉题本内容，其次研读题目要求，根据题目要求进行教学设计。</p>');
DELETE FROM edu_course_exercise_comment WHERE id='208597860';
INSERT INTO edu_course_exercise_comment (id, path, course_exercise_qa_id, comment) VALUES ('208597860', ',208597860', '208597860', '<p>本题考查考生的教学设计能力，在进行教学设计时首先要熟悉题本内容，其次研读题目要求，根据题目要求进行教学设计。</p>');
DELETE FROM edu_course_exercise WHERE id='188732';
INSERT INTO edu_course_exercise (id, question_type, course_id, content, easy_error, source, dw_checked, is_pk) VALUES ('188732', '15', '20202020', '<p>材料一 下图为黄河流域部分区域示意图。</p><p><img width="378px" height="281px" src="https://fb.fbstatic.cn/api/tarzan/images/15e283efdb72600.png?width=700" /></p><p>材料二 历史上，鄂尔多斯地区是农业(特别是种植业)相对发达的地方。近年来，当地政府着力在黄河南岸打造沿河农牧业经济增长带。本区包括达拉特、准格尔等旗的 28 个乡镇， 297 个村。</p>', '', '2015年上半年教师资格证考试《高中地理》题第28题', '1', '0');
DELETE FROM edu_course_exercise_qa WHERE id='2086038';
INSERT INTO edu_course_exercise_qa (id, course_exercise_id, type, question, cando, answer, total_score) VALUES ('2086038', '188732', '15', '<p>（1）分析鄂尔多斯地区建设沿河农牧业经济增长带的有利条件。</p>', '1', '<p>（1）自然条件：</p><p>①具有较好的灌溉水源，可以引发黄河支流的水来灌溉；</p><p>②地区西北内陆地区，光照充足，昼夜温差大，有利于作物养分的积累，质量好；</p><p>社会经济条件：</p><p>①地理区位条件优越，北部与呼和浩特、包头紧邻，市场广阔；</p><p>②政府政策支持，提供了强大后盾；</p><p>③交通便利，铁路、公路网逐渐完善；</p><p>④劳动力资源法丰富。</p>', '10');
DELETE FROM edu_course_exercise_comment WHERE id='2086038';
INSERT INTO edu_course_exercise_comment (id, path, course_exercise_qa_id, comment) VALUES ('2086038', ',2086038', '2086038', '<p>本题考查农业区位条件以及自然灾害种类及其成因。农业区位条件分析应从自然条件和社会经济条件两方面进行具体分析。灾害发生原因则结合区域具体的河流水文、水系特征、气候条件、生态环境特点分析。</p>');
DELETE FROM edu_course_exercise WHERE id='188734';
INSERT INTO edu_course_exercise (id, question_type, course_id, content, easy_error, source, dw_checked, is_pk) VALUES ('188734', '15', '20202020', '<p>材料: </p><p>下面是黑龙江省丁老师远赴湖南长沙参加教学交流活动的教学过程简介和板书设计: </p><p>丁老师上课的课题是“湿地资源的开发与保护一一以洞庭湖区为例”。该课教学过程中，以《岳阳楼记》引出洞庭湖之美及湿地的概念和重要性，以“北大荒”变“北大仓”说明湿地资源开发利用中存在的问题，以《论语》中的“仁者乐山，智者乐水……”引出保护湿地的意义。</p><p>下面为该课的板书设计:</p><p><img width="554px" height="293px" src="https://fb.fbstatic.cn/api/tarzan/images/15e28407fa9ad6c.png?width=700" /></p><p>上述板书中的“人”字字体设计的变化，左侧“人”字寓意人类在开发利用过程中趾高气昂、 肆无忌惮；而右侧“人”字寓意人类在开发利用过程中的觉醒、谦和和理性的回归。“师‘地’”中的“地”指的是地理环境；“师”意为人们开发利用自然资源的过程中，不断总结经验教训，趋利避害，以实现可持续发展。</p>', '', '2015年上半年教师资格证考试《高中地理》题第29题', '1', '0');
DELETE FROM edu_course_exercise_qa WHERE id='2086040';
INSERT INTO edu_course_exercise_qa (id, course_exercise_id, type, question, cando, answer, total_score) VALUES ('2086040', '188734', '15', '<p>（1）地理教学板书设计的基本要求有哪些? </p>', '1', '<p>（1）地理教学板书设计的基本要求有：科学性、整体性、启发性和美感性。</p>', '4');
DELETE FROM edu_course_exercise_qa WHERE id='2086040471';
INSERT INTO edu_course_exercise_qa (id, course_exercise_id, type, question, cando, answer, total_score) VALUES ('2086040471', '188734', '15', '<p>（2）举例说明该课教学板书的三个设计特色。</p>', '1', '<p>（2）设计特色：</p><p>①思路清晰，重点突出。该板书设计突出了本课的重点，体现了地理事物之间的联系，能让学生在学习的时候有一个清晰的思路，并且明确学习的重点。</p><p>②生动形象，富有启发性。该板书在设计的过程中，将不同阶段的人类表现融入到板书设计中，能让学生很轻松地体会到人类在不同的阶段对人地关系的认识，具有较强的启发性。</p><p>③美观大方、干净整洁。本板书设计，在突出要点的同时，很好地利用了版面的空间，布局合理，给学生以美感，激发了学生学习的热情。</p>', '12');
DELETE FROM edu_course_exercise_comment WHERE id='2086040';
INSERT INTO edu_course_exercise_comment (id, path, course_exercise_qa_id, comment) VALUES ('2086040', ',2086040', '2086040', '<p>本题考查考生的板书设计的分析能力。板书设计的要求有科学性、整体性、启发性和注重美感等。板书设计的特色可以从思路特点、形象性、外在性等方面分析。</p>');
DELETE FROM edu_course_exercise_comment WHERE id='2086040471';
INSERT INTO edu_course_exercise_comment (id, path, course_exercise_qa_id, comment) VALUES ('2086040471', ',2086040471', '2086040471', '<p>本题考查考生的板书设计的分析能力。板书设计的要求有科学性、整体性、启发性和注重美感等。板书设计的特色可以从思路特点、形象性、外在性等方面分析。</p>');
DELETE FROM edu_course_exercise WHERE id='188774';
INSERT INTO edu_course_exercise (id, question_type, course_id, content, easy_error, source, dw_checked, is_pk) VALUES ('188774', '15', '20202020', '<p>材料一： 2016年1月，一股“霸王级”寒潮席卷了我国大部分地区。受其影响，我国南方出现大范围降雪，部分地区降温可达10℃以上，出现冻雨天气。</p><p>材料二 ：下图为本次寒潮路径示意图。</p><p><img width="341px" height="269px" src="https://fb.fbstatic.cn/api/tarzan/images/15e2d62ca08c7c1.png?width=700" /></p>', '', '2016年下半年教师资格证考试《初中地理》题第28题', '1', '0');
DELETE FROM edu_course_exercise_qa WHERE id='2086522';
INSERT INTO edu_course_exercise_qa (id, course_exercise_id, type, question, cando, answer, total_score) VALUES ('2086522', '188774', '15', '<p>（1）分别说出甲、乙、丙所在地区受本次寒潮影响程度不同的主要原因。</p>', '1', '<p>（1）甲地区受寒潮影响最大，其次是乙地，受寒潮影响最轻的是丙地。甲地位于长江中下游平原，乙地位于东南丘陵，甲地相对于乙地距高压中心更近，乙地纬度较低，距高压中心远，受南岭山脉的阻挡，寒潮几乎难以影响此地。丙地位于青藏高原地区，海拔高，冬季风难以到达，受影响最小。</p>', '6');
DELETE FROM edu_course_exercise_qa WHERE id='2086522370';
INSERT INTO edu_course_exercise_qa (id, course_exercise_id, type, question, cando, answer, total_score) VALUES ('2086522370', '188774', '15', '<p>（2）分析本次寒潮对我国中东部地区的有利影响和不利影响。</p>', '1', '<p>（2）①有利影响：寒潮有利于中东部地区地表热量交换，保持自然界生态平衡；寒潮有可能带来大范围的雨雪天气，缓解冬天的旱情；降雪有利于农作物的抗旱保暖；寒潮带来的低温可以杀死大量的害虫和病菌，有利于农作物生长；寒潮带来风资源，减轻城市的大气污染。</p><p>②不利影响：造成农业减产；农田基础设施破坏；河港封冻、交通中断，造成重大经济损失。</p>', '10');
DELETE FROM edu_course_exercise_comment WHERE id='2086522';
INSERT INTO edu_course_exercise_comment (id, path, course_exercise_qa_id, comment) VALUES ('2086522', ',2086522', '2086522', '<p>本题考查寒潮对地理环境的影响。根据“寒潮路径示意图”可知甲乙丙三地的位置特点，从位置特点分析其受影响程度不同的原因；根据寒潮的特点分析可得出其对我国中东部地区的有利和不利影响。</p>');
DELETE FROM edu_course_exercise_comment WHERE id='2086522370';
INSERT INTO edu_course_exercise_comment (id, path, course_exercise_qa_id, comment) VALUES ('2086522370', ',2086522370', '2086522370', '<p>本题考查寒潮对地理环境的影响。根据“寒潮路径示意图”可知甲乙丙三地的位置特点，从位置特点分析其受影响程度不同的原因；根据寒潮的特点分析可得出其对我国中东部地区的有利和不利影响。</p>');
DELETE FROM edu_course_exercise WHERE id='188776';
INSERT INTO edu_course_exercise (id, question_type, course_id, content, easy_error, source, dw_checked, is_pk) VALUES ('188776', '15', '20202020', '<p>材料：</p><p>周老师在初中地理“祖国的神圣领土—台湾省”一课的导入片段：</p><p>师：“去哪儿”这个话题在当今社会很流行，“爸爸去哪儿”“时间去哪儿”“飞机去哪儿”，今天我们也与时俱进，畅谈“去哪儿旅行”。</p><p>接下来，让我们一起设想“去哪儿旅行”，旅行的目的地就在下面这些图片里（PPT播放图片和背景音乐）： 它位于我国东南沿海，它有变化莫测的日月潭，引人入胜的阿里山，美轮美奂的野柳地质公园……</p><p>师：同学们，我们将要去旅行的这个地方是哪里呀？</p><p>生：台湾。（声音洪亮、异口同声）</p><p>师：对！台湾省。</p>', '', '2016年下半年教师资格证考试《初中地理》题第29题', '1', '0');
DELETE FROM edu_course_exercise_qa WHERE id='2086524';
INSERT INTO edu_course_exercise_qa (id, course_exercise_id, type, question, cando, answer, total_score) VALUES ('2086524', '188776', '15', '<p>（1）结合材料，概况本课导入设计的特点。</p>', '1', '<p>（1）本课导入采用的是设置情境导入法，根据情境展示景观图片并播放背景音乐引导学生说出本节课的课题—台湾省，进入新课讲授环节。</p><p>情境导入的优点：①具有很强的代入感，使学生身临其境，增加地理课堂的趣味性，进而激发学生对地理学习的浓厚兴趣；②根据情景设置明确本节课的目的，从而进入课题。</p><p>情境导入的不足：以语言描述设置情境不一定能调动学生的积极性，降低导入的有效性。</p>', '8');
DELETE FROM edu_course_exercise_qa WHERE id='20865247';
INSERT INTO edu_course_exercise_qa (id, course_exercise_id, type, question, cando, answer, total_score) VALUES ('20865247', '188776', '15', '<p>（2）除该课导入方法外，再列举四种导入方法，并对其教学特点作简要说明。</p>', '1', '<p>（2）①游戏导入法：游戏导入法能最大限度的调动学生的积极性，初中学生活泼好动，用游戏的形式可以让他们在轻松愉快的环境中进入本节课的学习。</p><p>②设疑导入法：设疑导入法通过设置疑问能够激发学生积极思考问题，调动学生学习本课的兴趣。</p><p>③视频导入法：视频可以给学生带来生动的视觉感受，不仅能激发学生的学习兴趣还可以加深对教学内容的理解。</p><p>④谜语导入法：谜语可以调动学生的积极性，不仅培养学生的思维能力，还可以根据谜底导入本节课内容。</p>', '8');
DELETE FROM edu_course_exercise_comment WHERE id='2086524';
INSERT INTO edu_course_exercise_comment (id, path, course_exercise_qa_id, comment) VALUES ('2086524', ',2086524', '2086524', '<p>本题考查考生对教学设计的分析能力。解答本题需要考生掌握一些常用的导入方法，比如谜语导入、视频导入、歌曲导入、图片导入、游戏导入、情境导入法、设疑导入法等，并明确这些导入方法的特点。</p>');
DELETE FROM edu_course_exercise_comment WHERE id='20865247';
INSERT INTO edu_course_exercise_comment (id, path, course_exercise_qa_id, comment) VALUES ('20865247', ',20865247', '20865247', '<p>本题考查考生对教学设计的分析能力。解答本题需要考生掌握一些常用的导入方法，比如谜语导入、视频导入、歌曲导入、图片导入、游戏导入、情境导入法、设疑导入法等，并明确这些导入方法的特点。</p>');
DELETE FROM edu_course_exercise WHERE id='188778';
INSERT INTO edu_course_exercise (id, question_type, course_id, content, easy_error, source, dw_checked, is_pk) VALUES ('188778', '15', '20202020', '<p>材料：</p><p>李老师在初中地理《日本》第二课时的教学片段：</p><p>师：上一节课我们学习了日本的地理位置、农业特点，这节课我们学习日本的工业发展特点。</p><p>师：请各小组按照屏幕上展示的学习任务和要求进行学习（PPT呈现）：</p><p>分组：</p><p>第1小组：地形；</p><p>第2小组：自然；</p><p>第3小组：工业产品；</p><p>第4小组：交通特点；</p><p>第5小组：工业发展；</p><p>时间：5分钟；</p><p>成果展示：小组代表发言2分钟</p><p>师：时间到，请各小组依次汇报。</p><p>第1小组汇报：略</p><p>第2小组汇报：略</p><p>……</p><p>师：大家做得非常好，特别是第5小组（对1、2、3、4组没有具体点评），他们的汇报就是我们这节课的重点，我们总结一下日本的工业发展特点（PPT呈现）：1.大力发展海上航运，进口原料，出口工业产品，积极开拓国际市场；2.日本工业主要分布在太平洋沿岸和濑户内海沿岸的狭长地带，便于材料的输入和工业产品的输出；3.日本的主要工业部分有：钢铁、汽车、造船、电子、化学和纺织工业。这些工业的产品大量出口，在国际市场上占有重要地位。日本的最大贸易对象是美国，其次是亚洲和西欧。</p><p>师：下面布置今天的作业……</p>', '', '2016年下半年教师资格证考试《初中地理》题第30题', '1', '0');
DELETE FROM edu_course_exercise_qa WHERE id='2086526';
INSERT INTO edu_course_exercise_qa (id, course_exercise_id, type, question, cando, answer, total_score) VALUES ('2086526', '188778', '15', '<p>（1）李老师采用了什么教学方式？简述该教学方式的优点。</p>', '1', '<p>（1）李老师采用了小组讨论法。</p><p>该教学方式的优点是：①充分调动学生学习的积极性，以学生讨论的形式凸出学生学习的主体性，培养学生的语言表达能力和合作交流能力；</p><p>②讨论式教学要求孩子在思考问题的时候，懂得变通又能够应对突发事件，可以有效加强孩子思维的灵活性，而灵活性的思维正是这个阶段孩子应该拥有的品质。</p><p>③讨论式教学的使用，可以使孩子心胸博大，培养孩子多听取和思考他人意见的能力，这样才能容易理解他人，并且对他们以后人际交往有着一定的好处。</p><p>④讨论式教学可以给孩子提供开阔视野，接受新事物、新观念的机会，使孩子暂时忘记自我，得到许多新的体验。</p>', '6');
DELETE FROM edu_course_exercise_qa WHERE id='2086526590';
INSERT INTO edu_course_exercise_qa (id, course_exercise_id, type, question, cando, answer, total_score) VALUES ('2086526590', '188778', '15', '<p>（2）说明李老师在该教学方式运用过程中存在的不足。</p>', '1', '<p>（2）该教学方式运用过程中存在的不足：</p><p>①不利于学生对知识的掌握。李老师把全班分为5小组，每小组分别讨论不同的问题，这样每组的学生只会关注自己组负责的问题而忽略对其他问题的探究，不利于学生掌握本节课的知识；</p><p>②对学生的点评不全面。学生讨论结束后李老师只对第5小组的回答进行点评，其他四个小组没有点评，这样会其他四组的学生感觉他们回答不好而影响接下来学习的效果；</p><p>③总结过于片面。李老师在总结时只对工业的发展特点进行总结，对地形、自然、工业产品和交通特点等知识并未涉及，知识点概括不全面。</p>', '6');
DELETE FROM edu_course_exercise_qa WHERE id='2086526590875';
INSERT INTO edu_course_exercise_qa (id, course_exercise_id, type, question, cando, answer, total_score) VALUES ('2086526590875', '188778', '15', '<p>（3）针对教学过程中的不足之处提出改进建议。</p>', '1', '<p>（3）改进建议：①要求5各小组的学生都探究这五个问题，讨论结束后分别请每个小组的代表随机回答其中的一个问题，老师可以在学生讨论时深入学生中间进行有针对性的指导；</p><p>②每个小组的学生回答之后及时对他们的回答作出点评，让学生知道自己的优点与不足，获得及时的反馈；</p><p>③总结时对地形、自然、工业产品、交通特点和工业发展特点等知识进行全面的总结，总结时可以详略得当，但是要注意知识的完整性。</p>', '8');
DELETE FROM edu_course_exercise_comment WHERE id='2086526';
INSERT INTO edu_course_exercise_comment (id, path, course_exercise_qa_id, comment) VALUES ('2086526', ',2086526', '2086526', '<p>本题考查考生的教学设计能力。解答本题要求考生掌握常见的教学方法，比如讲授法、讨论法、直观演示法、读书指导法、参观教学法、现场教学法、自主学习法、合作探究法等。</p>');
DELETE FROM edu_course_exercise_comment WHERE id='2086526590';
INSERT INTO edu_course_exercise_comment (id, path, course_exercise_qa_id, comment) VALUES ('2086526590', ',2086526590', '2086526590', '<p>本题考查考生的教学设计能力。解答本题要求考生掌握常见的教学方法，比如讲授法、讨论法、直观演示法、读书指导法、参观教学法、现场教学法、自主学习法、合作探究法等。</p>');
DELETE FROM edu_course_exercise_comment WHERE id='2086526590875';
INSERT INTO edu_course_exercise_comment (id, path, course_exercise_qa_id, comment) VALUES ('2086526590875', ',2086526590875', '2086526590875', '<p>本题考查考生的教学设计能力。解答本题要求考生掌握常见的教学方法，比如讲授法、讨论法、直观演示法、读书指导法、参观教学法、现场教学法、自主学习法、合作探究法等。</p>');
DELETE FROM edu_course_exercise WHERE id='188796';
INSERT INTO edu_course_exercise (id, question_type, course_id, content, easy_error, source, dw_checked, is_pk) VALUES ('188796', '15', '20202020', '<p>材料一：波波湖是玻利维亚“第一大咸水湖”，是野生动物的栖息地和水源地。</p><p>材料二：下图为玻利维亚地形图和波波湖卫星图片。</p><p><img width="479px" height="228px" src="https://fb.fbstatic.cn/api/tarzan/images/15e314ea4502408.png?width=700" /></p>', '', '2016年下半年教师资格证考试《高中地理》题（精选）第26题', '1', '0');
DELETE FROM edu_course_exercise_qa WHERE id='2086590';
INSERT INTO edu_course_exercise_qa (id, course_exercise_id, type, question, cando, answer, total_score) VALUES ('2086590', '188796', '15', '<p>（1）波波湖干涸的主要原因。</p>', '1', '<p>（1）自然原因：①降水量减少，水位降低；②全球气候变暖，蒸发量增加。人为原因:①工农业发展迅速，需水量增大，水资源利用效率低下；②人口数量激增，生活用水量需求增大。</p>', '8');
DELETE FROM edu_course_exercise_qa WHERE id='208659051';
INSERT INTO edu_course_exercise_qa (id, course_exercise_id, type, question, cando, answer, total_score) VALUES ('208659051', '188796', '15', '<p>（2）说明波波湖干涸可能给当地带来的主要影响。</p>', '1', '<p>（2）野生动物栖息地遭到破坏，水源减少，生物多样性减少；区域小气候遭到改变，干旱加剧；对河流的调蓄作用减弱；生活用水和生产用水不足，影响当地经济发展。</p>', '8');
DELETE FROM edu_course_exercise_comment WHERE id='2086590';
INSERT INTO edu_course_exercise_comment (id, path, course_exercise_qa_id, comment) VALUES ('2086590', ',2086590', '2086590', '<p>本题考查区域地理环境特征。根据“玻利维亚地形图”可知玻利维亚的地理位置，从自然和人为两方面分析波波湖干涸原因；从环境、气候、河流、经济等方面说明湖泊干涸对当地产生的影响。</p>');
DELETE FROM edu_course_exercise_comment WHERE id='208659051';
INSERT INTO edu_course_exercise_comment (id, path, course_exercise_qa_id, comment) VALUES ('208659051', ',208659051', '208659051', '<p>本题考查区域地理环境特征。根据“玻利维亚地形图”可知玻利维亚的地理位置，从自然和人为两方面分析波波湖干涸原因；从环境、气候、河流、经济等方面说明湖泊干涸对当地产生的影响。</p>');
DELETE FROM edu_course_exercise WHERE id='188798';
INSERT INTO edu_course_exercise (id, question_type, course_id, content, easy_error, source, dw_checked, is_pk) VALUES ('188798', '15', '20202020', '<p>材料：地球表面形态是内力作用和外力作用长期共同作用的结果，褶皱和断层是两种常见的地质构造。</p><p>下面是王老师关于高中地理“地质构造与地表形态”的说课片段：</p><p>……</p><p>说教学过程</p><p>……</p><p>在褶皱内容部分，教授褶皱的概念，要求学生在书上找出相关的内容；画出关键词，接下来，选用适当的教具模拟并说明褶皱的形成过程及基本形态，并列举我国典型的褶皱山脉；然后，提供“背斜谷，向斜山”的相关图片资料引发学生思考，最终得出正确答案；最后，运用表格形式梳理并总结背斜和向斜的特点，加深学生记忆。</p><p>在断层的内容部分，教授断层的概念，要求学生在书上找出相应的内容，画出关键词，观察教材中的示意图，并讲解断层的含义及其结构。</p>', '', '2016年下半年教师资格证考试《高中地理》题（精选）第28题', '1', '0');
DELETE FROM edu_course_exercise_qa WHERE id='2086606';
INSERT INTO edu_course_exercise_qa (id, course_exercise_id, type, question, cando, answer, total_score) VALUES ('2086606', '188798', '15', '<p>（1）指出上述“说教学过程”片段中所选用的教学方法。</p>', '1', '<p>（1）讲授法、地图法、演示法、观察法。</p>', '4');
DELETE FROM edu_course_exercise_qa WHERE id='20866060';
INSERT INTO edu_course_exercise_qa (id, course_exercise_id, type, question, cando, answer, total_score) VALUES ('20866060', '188798', '15', '<p>（2）分析上述“说教学过程”片段存在的主要问题，并举一列说明如何改进。</p>', '1', '<p>（2）问题一：未体现学生主体地位。教学过程以灌输教学为主，教师将教学内容直观呈现，未关注学生能力的发展。例如“在褶皱内容部分，教授褶皱的概念，要求学生在书上找出相关的内容”“在断层的内容部分，教授断层的概念，要求学生在书上找出相应的内容”，此处应改进为“在教师的引导下，学生自主分析总结褶皱的概念”“在教师的引导下，学生自主分析总结断层的概念”。</p><p>问题二：未关注学生接受能力。教师列举褶皱山脉后，未讲授正常地貌“背斜成山、向斜成谷”，直接提供“背斜谷，向斜山”的相关图片资料对特殊地貌“背斜谷、向斜山”介绍，知识跨度大，没有充分考虑学生的接受能力和认知思维特点。此时应修改为“……并列举我国典型的褶皱山脉，总结正常地貌“背斜成山、向斜成谷”，随后出示“背斜谷，向斜山”的相关图片资料，引导学生观察其不同，并分析总结特殊地貌的成因……”</p>', '10');
DELETE FROM edu_course_exercise_qa WHERE id='20866060781';
INSERT INTO edu_course_exercise_qa (id, course_exercise_id, type, question, cando, answer, total_score) VALUES ('20866060781', '188798', '15', '<p>（3）“说教学过程”仅是说课的要素之一，列出说课还要包含哪些要素？</p>', '1', '<p>（3）说教材、说学情、说教法学法、说板书设计等。</p>', '6');
DELETE FROM edu_course_exercise_comment WHERE id='2086606';
INSERT INTO edu_course_exercise_comment (id, path, course_exercise_qa_id, comment) VALUES ('2086606', ',2086606', '2086606', '<p>本题考查考生说课的设计能力及教学过程的分析能力。解答本题要求考生掌握常见的教学方法，比如讲授法、讨论法、直观演示法、读书指导法、参观教学法、现场教学法、自主学习法、合作探究法等。并且考生应该能够对具体教学过程进行分析，掌握说课的基本环节。</p>');
DELETE FROM edu_course_exercise_comment WHERE id='20866060';
INSERT INTO edu_course_exercise_comment (id, path, course_exercise_qa_id, comment) VALUES ('20866060', ',20866060', '20866060', '<p>本题考查考生说课的设计能力及教学过程的分析能力。解答本题要求考生掌握常见的教学方法，比如讲授法、讨论法、直观演示法、读书指导法、参观教学法、现场教学法、自主学习法、合作探究法等。并且考生应该能够对具体教学过程进行分析，掌握说课的基本环节。</p>');
DELETE FROM edu_course_exercise_comment WHERE id='20866060781';
INSERT INTO edu_course_exercise_comment (id, path, course_exercise_qa_id, comment) VALUES ('20866060781', ',20866060781', '20866060781', '<p>本题考查考生说课的设计能力及教学过程的分析能力。解答本题要求考生掌握常见的教学方法，比如讲授法、讨论法、直观演示法、读书指导法、参观教学法、现场教学法、自主学习法、合作探究法等。并且考生应该能够对具体教学过程进行分析，掌握说课的基本环节。</p>');
DELETE FROM edu_course_exercise WHERE id='188800';
INSERT INTO edu_course_exercise (id, question_type, course_id, content, easy_error, source, dw_checked, is_pk) VALUES ('188800', '15', '20202020', '<p>材料：考试是教学评价的重要方式。命题是考试的基础。命题时首先需要确立考试目的即立意，为命题提供指导。单项选择题的命题需要体现立意、题干语言简练、选项独立、答案唯一。</p><p>刘老师在命制高一下学期期末测试卷时，设计了一组单项选择题，题目如下：</p><p>全球优质酿酒葡萄种植区主要集中分布在南北纬30～50的大陆西岸，下图示意全球主要优质酿酒葡萄产区。读图完成1-2题。</p><p><img width="366px" height="189px" src="https://fb.fbstatic.cn/api/tarzan/images/15e315594fb9ca2.png?width=700" /></p><p>1.全球优质葡萄产区所在地的气候类型主要是（  ）。</p><p>A.温带海洋性气候</p><p>B.温带大陆性气候</p><p>C.地中海气候</p><p>D.亚热带季风气候</p><p>2.与国外其他葡萄产区相比，我国新疆吐鲁番成为优质葡萄产区的有利条件是（  ）。</p><p>A.光照充足</p><p>B.降水量多</p><p>C.昼夜温差大</p><p>D.土壤肥沃</p>', '', '2016年下半年教师资格证考试《高中地理》题（精选）第27题', '1', '0');
DELETE FROM edu_course_exercise_qa WHERE id='2086602';
INSERT INTO edu_course_exercise_qa (id, course_exercise_id, type, question, cando, answer, total_score) VALUES ('2086602', '188800', '15', '<p>（1）简述该组试题的立意，并从立意、情景、设问方面分析其优点。</p>', '1', '<p>（1）该组试题的立意：</p><p>知识方面：①常见气候类型在全球的分布；②农业分布与气候类型之间的关系；③农业的区位因素。</p><p>能力方面：从地理图形中提取信息，分析解决问题的能力。</p><p>优点：①在立意方面，既注重农业区位因素、气候类型分布等知识方面的考察，同时注重读图析图能力的考查；②在情境方面，具有较强趣味性和真实性，同时告知葡萄种植主要分布地区，为学生提供解题线索；③在设问方面，安排合理有序，简洁明了无歧义。</p>', '8');
DELETE FROM edu_course_exercise_qa WHERE id='20866023';
INSERT INTO edu_course_exercise_qa (id, course_exercise_id, type, question, cando, answer, total_score) VALUES ('20866023', '188800', '15', '<p>（2）分析选项设计存在的共同问题。在不改变备选项叙述的情况下，修改第二题的备选项。</p>', '1', '<p>（2）存在共同问题：两个题目均有两个选项为正确答案，但该老师设计的为单项选择题。</p><p>备选项修改为：</p><p>A.光照充足,昼夜温差大</p><p>B.降水量多</p><p>C.地形平坦开阔</p><p>D.土壤肥沃</p>', '8');
DELETE FROM edu_course_exercise_comment WHERE id='2086602';
INSERT INTO edu_course_exercise_comment (id, path, course_exercise_qa_id, comment) VALUES ('2086602', ',2086602', '2086602', '<p>本题考查教师设计试题的因素。设计试题要注重立意准确，体现对知识和能力的考查；情境富有趣味性和真实性，并与考试内容、考试目标相适合；设问应安排合理有序，明确无歧义；备选项应与题干要求相一致。</p>');
DELETE FROM edu_course_exercise_comment WHERE id='20866023';
INSERT INTO edu_course_exercise_comment (id, path, course_exercise_qa_id, comment) VALUES ('20866023', ',20866023', '20866023', '<p>本题考查教师设计试题的因素。设计试题要注重立意准确，体现对知识和能力的考查；情境富有趣味性和真实性，并与考试内容、考试目标相适合；设问应安排合理有序，明确无歧义；备选项应与题干要求相一致。</p>');
DELETE FROM edu_course_exercise WHERE id='188802';
INSERT INTO edu_course_exercise (id, question_type, course_id, content, easy_error, source, dw_checked, is_pk) VALUES ('188802', '15', '20202020', '<p>根据“环境承载力”的图文资料，设计一个教学计划，</p><p>材料一：《普通高中地理课程标准（实验）》中要求：“说出环境承载力与人口合理容量的区别”。</p><p>材料二：某版本教科书中关于“环境承载力与人口合理容量”的部分内容。</p><p>探索</p><p>地球承载力有极限吗</p><p>右图是1972年罗马俱乐部在《增长的极限》一书中对世界未来趋势的预测。</p><p><img width="278px" height="281px" src="https://fb.fbstatic.cn/api/tarzan/images/15e31586548fced.png?width=700" /></p><p>思考：图中反映的是什么问题？对此你怎么看？</p><p>环境承载力</p><p>地球只有一个，它能够为人类提供的生存空间、资源是有限的，所能容纳的人口也是有限的。在一定时期内，某一地域环境和资源能够维持抚养的最大人口数量，我们称为环境承载力（environmental carrying capacity）。如果超过了这个界限，就会造成对某些资源的利用过度，削弱环境的再生产能力，使整个生态系统退化，甚至遭到破坏。</p><p>环境承载力的大小受到自然资源、科技发展水平、人类文化水平等因素的影响和制约。其中土地资源的生产力决定着供给人类食物的多少，是决定环境承载力的重要因素。环境承载力的估算一般也是根据农业生产提供的粮食或其他食物资源的生产能力来进行。</p><p>学习指南</p><p>一个地区的环境承载力有极限吗？</p><p>地球能容纳的人口合理容量是多少？</p><p>环境承载力与人口合理容量的关系是怎样的？</p><p>提示 环境承载力与人口合理容量是不同的，注意分析两者的差别，也注意两者影响因素的差别。</p>', '', '2016年下半年教师资格证考试《高中地理》题（精选）第29题', '1', '0');
DELETE FROM edu_course_exercise_qa WHERE id='2086616';
INSERT INTO edu_course_exercise_qa (id, course_exercise_id, type, question, cando, answer, total_score) VALUES ('2086616', '188802', '15', '<p>（1）设计本课的教学目标。</p>', '1', '<p>（1）教学目标：</p><p>①知识与技能目标：能够说出环境承载力的概念，并能分析环境承载力的影响因素；掌握人口合理容量与环境承载力的不同。</p><p>②过程与方法目标：通过阅读和分析各类图表，培养读图、析图能力。</p><p>③情感态度与价值观目标：树立正确的人口观和资源观。</p>', '9');
DELETE FROM edu_course_exercise_qa WHERE id='2086616980';
INSERT INTO edu_course_exercise_qa (id, course_exercise_id, type, question, cando, answer, total_score) VALUES ('2086616980', '188802', '15', '<p>（2）设计本课的教学过程（包括教学环节、教学内容、教师活动、学生活动等），并说明设计理由。</p>', '1', '<p>（2）教学过程</p><p>环节一：新课导入</p><p>教师通过“复活节岛的悲剧”这一小故事引入本节课，引导学生思考导致复活节岛悲剧产生的原因。</p><p>【设计意图】通过有趣故事引起学生兴趣，引出问题，激发学习欲望，更好地吸引学生的注意力，从而投入到本节课中。</p><p>环节二：新课讲授</p><p>1.环境承载力的概念</p><p>教师展示罗马俱乐部在《增长的极限》一书中计算机模拟的对世界未来趋势的预测图，学生讨论图中反应了什么问题，对此有何看法。</p><p>学生分享自己观点后，师生总结环境承载力的定义。</p><p>教师引导：达到环境承载力时，人口数量会怎样？如果超过环境承载力，后果会怎样？</p><p>学生总结：达到环境承载力时，人口数量达到最大值。如果超过了这个界限，就会造成对某些资源的利用过度，削弱环境的再生产能力，使整个生态系统退化，甚至遭到破坏。</p><p>【设计意图】计算机模拟未来趋势图的呈现，锻炼了学生读图、析图能力。</p><p>2.环境承载力的影响因素</p><p>教师引导：根据环境承载力的定义及课本相关内容，小组探究影响环境承载力大小的因素有哪些？</p><p>学生探究后总结：环境承载力的大小受到自然资源、科技发展水平、人类文化水平等因素的影响和制约。其中土地资源的生产力决定着供给人类食物的多少，是决定环境承载力的重要因素。</p><p>【设计意图】学生小组合作探究，锻炼了学生合作交流的能力。</p><p>3.环境承载力的估算</p><p>教师出示不同环境承载力的估算方法，学生概括总结环境承载力的估算一般是根据农业生产提供的粮食或其他食物资源的生产能力来进行。</p><p>【设计意图】如此设计，锻炼了学生归纳概括的能力。</p><p>4.人口合理容量</p><p>教师过渡：我们能一味的追求环境承载力吗？我们应当追求的是什么？</p><p>学生回答：不能，应当追求人口合理容量。</p><p>教师引导学生根据课本内容分析环境承载力与人口合理容量的区别。</p><p>学生总结回答：环境承载力是警戒值，人口合理容量是适宜值。</p><p>【设计意图】学生分析环境承载力与人口合理容量的区别，锻炼了学生提取信息的能力和对比分析能力，有助于学生形成正确的人口观和环境观。</p><p>环节三：巩固提高</p><p>学生以思维导图的形式自主总结本节课学习的环境承载力的概念和影响因素、估算以及人口合理容量等内容。</p><p>【设计意图】思维导图的完成帮助学生对本节课的重、难点知识进行梳理和巩固。</p><p>环节四：作业布置</p><p>课下思考作为社会成员，我们个人能够为国家的人口合理容量做出哪些贡献，完成一份200字的报告。</p><p>【设计意图】这样的作业设计，既对本节课内容进行了巩固，同时激发了学生的学习动力和爱国热情。</p>', '15');
DELETE FROM edu_course_exercise_comment WHERE id='2086616';
INSERT INTO edu_course_exercise_comment (id, path, course_exercise_qa_id, comment) VALUES ('2086616', ',2086616', '2086616', '<p>本题考查考生的教学设计能力。在进行教学设计时首先要熟悉题本内容，其次研读题目要求，根据题目要求进行教学设计。</p>');
DELETE FROM edu_course_exercise_comment WHERE id='2086616980';
INSERT INTO edu_course_exercise_comment (id, path, course_exercise_qa_id, comment) VALUES ('2086616980', ',2086616980', '2086616980', '<p>本题考查考生的教学设计能力。在进行教学设计时首先要熟悉题本内容，其次研读题目要求，根据题目要求进行教学设计。</p>');
DELETE FROM edu_course_exercise WHERE id='194087';
INSERT INTO edu_course_exercise (id, question_type, course_id, content, easy_error, source, dw_checked, is_pk) VALUES ('194087', '15', '22222222', '<p>       文化是民族生存和发展的重要力量。推动文化繁荣发展，最根本的是要创作出无愧于我们这个伟大民族、伟大时代的优秀作品。阅读材料，回答相关问题。</p><p>材料一：</p><p>       近几年，随着我国居民生活水平的提高，我国院线和影院发展步伐进一步加快，2015年我国城市影院观影人次总和已经超过6亿，城市影院观影人次已经连续四年同比增长超过30%。微信、美团、猫眼等网络销售终端便捷的售卖形式让买电影票成为了“剁手党”们动动手指的简单行为，而且价格大大降低；一些地方政府先后出台推动影院建设的相关举措，影院、银幕的数量和质量大大提升；3D电影的出现大大刺激了观众的观影欲望，我国电影事业呈现出良好的发展前景。</p><p>材料二 ：</p><p>       近年来我国电影产量迅速提升，在高票房的同时，观众口中“烂片”的数量也在增加，过于低俗化、功利化的内容对青少年正确价值观的形成造成一定影响，国产影片真正能够赢得口碑，全面满足市场需要和观众精神文化需求的精品力作明显不够，特别是立足当下、肩负责任的现实题材作品仍然处于劣势。</p><p><img width="554px" height="285px" src="https://fb.fbstatic.cn/api/tarzan/images/16222c16f362e2e.png?width=700" /></p>', '', '2016年山东省聊城市教师招聘考试学科专业知识（中学政治）第38题', '1', '0');
DELETE FROM edu_course_exercise_qa WHERE id='2167465';
INSERT INTO edu_course_exercise_qa (id, course_exercise_id, type, question, cando, answer, total_score) VALUES ('2167465', '194087', '15', '<p>结合材料一，运用经济生活所学知识，谈谈我国电影票房迅速增长的因素有哪些。（三个方面即可）</p>', '1', '<p>我国电影票房迅速增长的因素有以下几点。</p><p>①收入是消费的基础和前提。随着经济的发展，我国居民人均收入增加使电影消费方面的支出也随之增多。</p><p>②价格影响居民消费需求，网络终端售票使电影票价大大降低，刺激了消费者的观影需求。</p><p>③生产为消费创造动力。3D电影的出现满足了观众更高的观影需求，提升了观众的观影欲望。</p><p>④地方政府政策的支持使影院、银幕数量和质量有所提高，提升了观影人数和次数。</p><p>⑤物价的变动影响人们的购买力。多种网络销售终端促使票价降低，使人们的购买增多，促进了票房迅速增长。</p>', '3');
DELETE FROM edu_course_exercise_qa WHERE id='2167466';
INSERT INTO edu_course_exercise_qa (id, course_exercise_id, type, question, cando, answer, total_score) VALUES ('2167466', '194087', '15', '<p>针对材料二出现的问题，请从文化生活角度，谈谈你对创作高口碑经典电影的三个设想。</p>', '1', '<p>创作高口碑经典电影的三个设想如下。</p><p>①立足社会实践，着眼于人民群众的精神文化需求，创作出反映社会现实的优秀作品。</p><p>②继承传统，推陈出新。认真挖掘我国优秀传统文化，赋予时代精神，创新内容。</p><p>③面向世界，博采众长。吸收借鉴国外优秀影片的创作经验和手段，提升作品质量。</p><p>④利用科技创新内容、形式和传播手段，提升影片观影效果。</p><p>⑤弘扬主旋律，体现社会主义核心价值观。在创新内容的同时，引导观众树立正确的价值观。</p>', '4.09');
DELETE FROM edu_course_exercise_comment WHERE id='2167465';
INSERT INTO edu_course_exercise_comment (id, path, course_exercise_qa_id, comment) VALUES ('2167465', ',2167465', '2167465', '<p>本题考查对影响消费因素的理解。</p><p>第一，确定答题范围，题干要求从经济生活中寻找知识点；</p><p>第二，结合材料中关键词“生活水平的提高”“院线和影院发展步伐进一步加快”“观影人次总和”“便捷的售卖形式”“价格大大降低”等联系知识点；</p><p>第三，原理+材料，从“收入、价格、生产、宏观调控政策”等方面分析我国电影票房增长的原因即可。</p>');
DELETE FROM edu_course_exercise_comment WHERE id='2167466';
INSERT INTO edu_course_exercise_comment (id, path, course_exercise_qa_id, comment) VALUES ('2167466', ',2167466', '2167466', '<p>本题考查文化生活内容的提取与运用。题目要求从文化生活角度谈对创作经典电影的设想。回归知识点，联系文化生活中对待传统文化、国外文化的态度，根据材料和知识点进行作答。答案中提供了多种角度，可以根据对材料的理解有选择地记忆。</p><p>答题时注意以下几点：</p><p>第一，审清题目，确定答题范围为文化生活；</p><p>第二，回归题干，提炼材料中关键点“烂片过多”“国产电影能满足消费需求的过少”“高质量题材的作品过少”；</p><p>第三，根据关键词对应知识点，原理+材料，分条答题，条理清晰。</p>');
DELETE FROM edu_course_exercise WHERE id='194092';
INSERT INTO edu_course_exercise (id, question_type, course_id, content, easy_error, source, dw_checked, is_pk) VALUES ('194092', '15', '22222222', '<p>       共享是中国特色社会主义的本质要求，人人共建，人人共享，是经济社会发展的理想状态，小康不小康，关键看老乡，脱贫攻坚成为“十三五”时期国民经济社会发展的头等大事。阅读材料，回答下列问题。</p><p>材料一：</p><p>       随着宏观经济环境的改变，以区域开发为重点的农村扶贫已经出现偏离目标问题，我国开始针对不同贫困区域环境、不同贫困农户状况，运用科学有效程序对扶贫对象实施精确识别、精确帮扶、精确管理的精准扶贫，并把民族地区作为实施精准扶贫工作的重中之重。</p><p>材料二 ：</p><p>       中国共产党的十八届五中全会提出，坚持共享发展，必须坚持发展为了人民、发展依靠人民、发展成果由人民共享，必须做出更有效的制度安排，使全体人民在共建共享中有更多获得感，增强发展动力，增进人民团结，朝着共同富裕方向稳步前进；要增加公共服务供给，实施脱贫攻坚工程，促进就业创业，缩小收入差距，建立更加公平、更可持续的社会保障制度，推进健康中国建设，促进人口均衡发展。</p>', '', '2016年山东省聊城市教师招聘考试学科专业知识（中学政治）第40题', '1', '0');
DELETE FROM edu_course_exercise_qa WHERE id='2167474';
INSERT INTO edu_course_exercise_qa (id, course_exercise_id, type, question, cando, answer, total_score) VALUES ('2167474', '194092', '15', '<p>结合材料一，运用矛盾的特殊性原理，分析我国是如何开展精准扶贫工作的。</p>', '1', '<p>开展精准扶贫工作的方式如下。</p><p>①矛盾的特殊性要求具体问题具体分析。在精准扶贫过程中，要针对不同环境，结合实地情况，对症下药，进行有针对性的帮扶。</p><p>②主要矛盾是指在事物发展过程中居支配地位，起主导和决定作用的矛盾。次要矛盾处于从属地位，起次要作用，要坚持两点论与重点论的统一。“牵牛要牵牛鼻子”，着力解决阻碍贫困地区致富的主要矛盾。把握同一事物在发展的不同过程和阶段上的不同   矛盾，随着宏观经济环境的变化，扶贫的主要方式由以区域开发为重点转向实施精准扶贫。</p><p>③矛盾的主要方面是指在事物内部居支配地位，起主导作用的方面。矛盾的次要方面是处于被支配地位，起次要作用的方面。事物的性质是由主要矛盾的主要方面决定的。 把握复杂事物中不同矛盾的主次地位，重点做好民族地区的精准扶贫工作。</p>', '3');
DELETE FROM edu_course_exercise_qa WHERE id='2167476';
INSERT INTO edu_course_exercise_qa (id, course_exercise_id, type, question, cando, answer, total_score) VALUES ('2167476', '194092', '15', '<p>结合材料二，运用政治生活的有关知识，阐述中国共产党坚持共享发展，使全体人民获得幸福感所体现的道理。</p>', '1', '<p>①中国共产党是中国工人阶级的先锋队，同时是中国人民和中华民族的先锋队。坚持共享发展理念是党的性质的体现。</p><p>②中国共产党是中国特色社会主义事业的领导核心，坚持全心全意为人民服务的宗旨，使人民在共建共享发展中有更多获得感。</p><p>③坚持发展为了人民、发展依靠人民、发展成果由人民共享，是党坚持以人为本、执政为民的需要。</p><p>④党一切工作的出发点和落脚点是实现好、维护好、发展好最广大人民群众的根本利益。党提出的共享发展理念是中国共产党始终代表最广大人民的根本利益的体现。</p><p>⑤是否站在最广大人民的立场上，是判断一个政党是不是马克思主义政党的试金石。 中国共产党坚持共享发展，是贯彻落实马列主义、毛泽东思想、邓小平理论、“三个代表”重要思想、科学发展观、习近平新时代中国特色社会主义思想的要求。</p>', '4.09');
DELETE FROM edu_course_exercise_comment WHERE id='2167474';
INSERT INTO edu_course_exercise_comment (id, path, course_exercise_qa_id, comment) VALUES ('2167474', ',2167474', '2167474', '<p>本题考查矛盾的特殊性原理。</p><p>第一，确定答题范围为矛盾特殊性原理；</p><p>第二，寻找材料中关键词“不同”“精准”等分析我国是如何开展扶贫工作的；</p><p>第三，可从矛盾特殊性的含义、主要矛盾与次要矛盾、坚持两点论与重点论等角度回答，原理+方法论+材料，分条作答，条理清晰。</p>');
DELETE FROM edu_course_exercise_comment WHERE id='2167476';
INSERT INTO edu_course_exercise_comment (id, path, course_exercise_qa_id, comment) VALUES ('2167476', ',2167476', '2167476', '<p>本题考查中国共产党相关知识的运用。</p><p>答题时注意以下几点：</p><p>第一，审清题目，确定答题范围为政治生活；</p><p>第二，回归题干，寻找材料中关键词“中国共产党”“人民”“共同富裕”“缩小收入差距”；</p><p>第三，可从中国共产党的性质、宗旨、执政理念、出发点与落脚点、指导思想等角度回答，原理+材料，分条作答，条理清晰。</p>');
DELETE FROM edu_course_exercise WHERE id='194093';
INSERT INTO edu_course_exercise (id, question_type, course_id, content, easy_error, source, dw_checked, is_pk) VALUES ('194093', '15', '22222222', '<p>       某知名京剧演员在微博上发布其剧照并附言：“这一头点翠头面（传统戏曲中旦角演员所戴头饰）是由80只翠鸟翅膀下的一点点羽毛，经过点翠师傅的加工，变成有流动光泽的头面，永不褪色。”有动物保护人士指责这种滥用翠鸟羽毛的行为与吃鱼翅没有什么区别。有人发微博批判传统点翠是非不分，犀角、熊胆、虎骨均可入药，但那是从前！但是，也有力挺的声音：京剧是国粹，而点翠头面是京剧艺术不可或缺的一部分，“（动物保护人士）是在偷换概念，把广义的翠鸟和受保护的翠鸟混为一谈。京剧被列入世界文化遗产名录，其保护、传承、弘扬重在‘守旧’”。针对网友“炫富”“残忍”“虚荣”的批评，当事演员表示，“我只是分享国粹艺术美，不是炫富，希望将来有一天，能有价廉、质优、物美的替代品出现”。</p>', '', '2016年山东省聊城市教师招聘考试学科专业知识（中学政治）第42题', '1', '0');
DELETE FROM edu_course_exercise_qa WHERE id='2167477';
INSERT INTO edu_course_exercise_qa (id, course_exercise_id, type, question, cando, answer, total_score) VALUES ('2167477', '194093', '15', '<p>运用价值观的相关知识并结合材料，谈谈如何认识点翠头面的工艺之争。</p>', '1', '<p>关于点翠头面的工艺之争的认识，有以下几点。</p><p>①价值观不同，人们对事物的认识和评价就不同。立场不同，做出的价值判断和价   值选择不同。针对点翠头面工艺，动物保护人士、传统文化界由于立场的不同，出现了   价值判断和价值选择的分歧。</p><p>②价值观不同，人们在面对公义与私利时所做出的选择也不同。各方不同角度的价   值判断和选择，都应该尊重社会发展规律和从人民群众的整体利益出发。</p>', '4');
DELETE FROM edu_course_exercise_qa WHERE id='2167478';
INSERT INTO edu_course_exercise_qa (id, course_exercise_id, type, question, cando, answer, total_score) VALUES ('2167478', '194093', '15', '<p>京剧是国粹，被列入世界文化遗产名录，点翠头面是其不可或缺的一部分，其保护、传承、弘扬重在“守旧”。结合材料，运用文化生活的有关知识对此进行评说。</p>', '1', '<p>①京剧传统的点翠头面工艺在长期历史发展中形成并具有相对稳定性和鲜明的民族性，我们要重视传统文艺的继承。</p><p>②对待传统文化，应“取其精华、去其糟粕”，批判继承、古为今用。要辩证地认识它在现实生活中的作用。对于京剧文化中符合社会发展要求的，应该保持和发扬。点翠头面工艺如果能顺应社会生活的变迁，满足环保要求，就能够对社会与人的发展起积极作用。</p><p>③文化继承，不是原封不动地承袭传统文化，而是在继承中发展，在发展中继承。“守旧”不等于不变化、不发展，应该在科学技术的进步中对传统工艺进行创新。</p>', '4.09');
DELETE FROM edu_course_exercise_qa WHERE id='2167480';
INSERT INTO edu_course_exercise_qa (id, course_exercise_id, type, question, cando, answer, total_score) VALUES ('2167480', '194093', '15', '<p>现代科技迅速发展，请就如何改进点翠头面的制作工艺提出两条合理化建议。</p>', '1', '<p>①在保持传统点翠头面工艺制作标准的前提下，积极寻找其他非保护动物羽毛替代品。</p><p>②充分发挥现代科技成果，研发高科技人工复合材料作为点翠头面工艺材料的替代品。</p>', '4.09');
DELETE FROM edu_course_exercise_comment WHERE id='2167477';
INSERT INTO edu_course_exercise_comment (id, path, course_exercise_qa_id, comment) VALUES ('2167477', ',2167477', '2167477', '<p>本题考查价值和价值观知识的运用。</p><p>第一，确定答题范围为价值观的相关知识，限定了答题的角度；</p><p>第二，要求结合材料，寻找材料中关键点“点翠头面之争”“不同立场”等；</p><p>第三，针对点翠头面工艺，不同立场的人们出现了价值判断和价值选择的分歧，说明价值观不同，人们对事物的认识和评价就不同；但都应该尊重社会发展规律和从人民群众的整体利益出发。可从价值观的含义、价值观的导向作用等角度回答。原理+方法论+材料，分条作答，条理清晰。</p>');
DELETE FROM edu_course_exercise_comment WHERE id='2167478';
INSERT INTO edu_course_exercise_comment (id, path, course_exercise_qa_id, comment) VALUES ('2167478', ',2167478', '2167478', '<p>本题考查传统文化的相关知识。题目要求从文化生活的角度进行评说，要求根据材料和知识点进行作答。此类题在答题时注意以下几点：</p><p>第一，审清题目，确定答题范围为文化生活的相关知识；</p><p>第二，回归题干，找出题干中与知识点相关的关键词“不可或缺”“遗产名录”“力挺”“批判”；</p><p>第三，结合题干，京剧是国粹，点翠头面是其重要组成部分，因此，需要继承和发展，“守旧”不等于不变化、不发展，应该在科学技术的进步中对传统工艺进行创新。可从传统文化的含义，相对稳定性和鲜明的民族性，取其精华、去其糟粕，继承与发展的关系等角度回答。原理+材料，分条作答，条理清晰。</p>');
DELETE FROM edu_course_exercise_comment WHERE id='2167480';
INSERT INTO edu_course_exercise_comment (id, path, course_exercise_qa_id, comment) VALUES ('2167480', ',2167480', '2167480', '<p>本题考查语言组织能力。属于开放性问题，言之有理即可得分。可从替代品角度、科技角度提出建议。</p>');
DELETE FROM edu_course_exercise WHERE id='194095';
INSERT INTO edu_course_exercise (id, question_type, course_id, content, easy_error, source, dw_checked, is_pk) VALUES ('194095', '15', '22222222', '<p>       全面实施营改增，是我国结构性改革和财税体制改革牵一发而动全身的重大举措，2016年5月1日起，我国全面推进营改增试点。阅读材料，完成下列要求。</p><p>材料一 ：</p><p>       过去，我国增值税主要是在工业企业征收，营业税主要在服务业征收。自2012年起，我国逐步进行营业税改增值税试点，在交通运输、邮政、电信、现代服务等已推开的基础上，2016年5月1日起全面推开，将建筑、房地产、金融和生活服务纳入试点范围（4个行业原营业税纳税额占到原营业税总收入的80%），并在企业购进机器设备纳入抵扣的基础上，又将不动产纳入抵扣范围，确保所有行业税负只减不增。据统计，截至2015年底，全国营改增试点纳税人共计592万户，其中一般纳税人113万户，占19%；小规模纳税人479万户，占81%，累计实现减税6412亿元。</p><p>材料二：</p><p>        营业税原为地方主体税种，归地方所有，营改增之后，所缴纳增值税由地税和国税共享，会对地方财力造成冲击。目前，我国的增值税制度还存在税率档次多、抵扣项目不完整、大量临时过渡措施等问题，营改增还处于试点阶段。</p>', '', '2016年山东省聊城市教师招聘考试学科专业知识（中学政治）第45题', '1', '0');
DELETE FROM edu_course_exercise_qa WHERE id='2167481';
INSERT INTO edu_course_exercise_qa (id, course_exercise_id, type, question, cando, answer, total_score) VALUES ('2167481', '194095', '15', '<p>全面推开营改增试点，既是我国财税体制改革的重大举措，又是当前经济形势下国家宏观调控的有效措施。结合材料一，运用所学经济知识，说明在当前经济形势下，全面推进营改增的意义。</p>', '1', '<p>全面推进营改增的意义有以下几点。</p><p>①全面实施营改增，大幅降低企业税负，是国家加大力度实施积极的财政政策的表现；</p><p>②有利于减轻企业负担，增强企业活力，促进企业更新设备、扩大有效投资，稳定经济增长，增强发展的动力和后劲；</p><p>③有利于促进服务业特别是现代服务业发展，促进产业分工，拉长产业链，进一步优化产业结构，推动经济转型升级；</p><p>④有利于扩大就业，推动大众创业、万众创新，发展新经济，培育新动能。</p>', '8');
DELETE FROM edu_course_exercise_qa WHERE id='2167482';
INSERT INTO edu_course_exercise_qa (id, course_exercise_id, type, question, cando, answer, total_score) VALUES ('2167482', '194095', '15', '<p>结合材料二，运用政治生活的有关知识，说明应如何进一步推进营改增试点。</p>', '1', '<p>如何推进：</p><p>①坚持税收法定，加快推进增值税立法，完善增值税制度；</p><p>②进一步理顺中央和地方的财权和事权，发挥中央和地方两个积极性；</p><p>③政府要切实履行职能，发展优势产业，培植财源，提高财政资金的使用效率；</p><p>④地方政府要顾全大局，依法征管，自觉接受监督。</p>', '4.09');
DELETE FROM edu_course_exercise_comment WHERE id='2167481';
INSERT INTO edu_course_exercise_comment (id, path, course_exercise_qa_id, comment) VALUES ('2167481', ',2167481', '2167481', '<p>本题考查的是税收、国家宏观调控的相关知识。题干要求用经济生活的知识进行作答，因此限定了答题的角度。要求结合材料，针对“当前经济形势下”找意义，同时也是从“国家宏观调控的有效措施”中讲意义。材料中的关键词“服务业”“减税”“机器设备”“不动产”等是联系知识点的有效信息。</p>');
DELETE FROM edu_course_exercise_comment WHERE id='2167482';
INSERT INTO edu_course_exercise_comment (id, path, course_exercise_qa_id, comment) VALUES ('2167482', ',2167482', '2167482', '<p>本题考查的是政府的职能和国家机构的相关知识。</p><p>此类题在答题时要注意以下几点：</p><p>第一，审清题目，题目要求从政治生活的角度进行说明；</p><p>第二，回归题干，根据材料中“营业税原为地方主体税种，归地方所有，营改增之后，所缴纳增值税由地税和国税共享，会对地方财力造成冲击”，可知营改增涉及中央和地方利益调整，“试点”中还存在“问题”；</p><p>第三，根据关键词对应知识点，可以从“建章立制、积极性、开源节流、顾全大局、依法征管、监督”等角度进行回答，分条答题，条理清晰。</p>');
DELETE FROM edu_course_exercise WHERE id='194097';
INSERT INTO edu_course_exercise (id, question_type, course_id, content, easy_error, source, dw_checked, is_pk) VALUES ('194097', '15', '22222222', '<p>      2015年9月6日，山东省政府办公厅下发了《关于解决城镇普通中小学大班额问题有关事宜的通知》，提出：解决好城镇普通中小学大班额问题（以下简称“大班额问题”），是全面建成小康社会的内在要求，是加快推进新型城镇化的客观需要，是教育均衡发展的应有之义，也是深化基础教育综合改革的重要基础。各级政府要按照特事特办、综合施策、用好存量、扩大增量的原则，用2年的时间解决大班额问题。现在，班级授课制成为基本的教学组织形式，具有个别教学不可比拟的优势，但是班级授课制也存在不可忽视的缺陷，尤其是当班额过大时，这种缺陷更加明显。山东省政府意识到了这一问题，因此才决心解决大班额问题，尽量做到扬长避短。</p>', '', '2016年山东省聊城市教师招聘考试学科专业知识（中学政治）第48题', '1', '0');
DELETE FROM edu_course_exercise_qa WHERE id='2167485';
INSERT INTO edu_course_exercise_qa (id, course_exercise_id, type, question, cando, answer, total_score) VALUES ('2167485', '194097', '15', '<p>根据以上材料，结合中小学教育的现实，分析班级授课制的优点和弊端，在现代班级授课制的背景下，你认为如何改进教学组织形式才能做到扬长避短？</p>', '1', '<p>（1）班级授课制的优点：</p><p>①有利于经济有效地、大面积地培养人才；</p><p>②有利于发挥教师的主导作用；</p><p>③有利于发挥班集体的教学作用。</p><p>（2）班级授课制的弊端：</p><p>①强调系统的书本知识的学习，容易产生理论与实际的脱节；</p><p>②强调教学过程的标准、同步、统一，难以完全适应学生的个别差异，不利于因材施教。</p><p>（3）对班级授课制的改革，不是简单的否定，应该贯彻“先立后破”和制度生成的渐进原则，在不取消班级组织的前提下做必要的改进，而不宜采取激进的态度和虚无主义的方式。</p><p>改进措施：</p><p>①适当缩小班级规模，使教学单位趋向合理化。班级规模的大小是影响课堂教学及其管理的一个重要因素，这种影响主要表现在人际关系、情感交流和参与程度方面。一般而言，小班制的教学要比大班制教学有效。</p><p>②实现多种教学组织形式的综合运用。可以采用分组学习，即按学生的能力或学习成绩把他们分为水平不同的组进行教学。其主要形式有：外部分组和内部分组。同时可以借鉴设计教育法和道尔顿制。设计教育法主张在教师指导下，由学生自己决定学习目的和内容，在自己设计、自己负责的单元活动中获得有关的知识和能力。道尔顿制是指教师不再上课向学生系统传授教材，而只为学生分别指定自学参考书、布置作业，由学生自学和独立作业，有疑难时才请教师辅导，学生完成一定阶段的学习任务后，向教师汇报学习情况和接受考查。</p>', '10');
DELETE FROM edu_course_exercise_comment WHERE id='2167485';
INSERT INTO edu_course_exercise_comment (id, path, course_exercise_qa_id, comment) VALUES ('2167485', ',2167485', '2167485', '<p>本题考查对教育学中班级授课制的理解。本题分为两问。</p><p>第一问：班级授课制的优点和弊端；</p><p>第二问：如何改进教学组织形式才能做到扬长避短。</p><p>答题时要注意以下几点：</p><p>第一，审清题目，设问是对班级授课制的考查，明确问题；</p><p>第二，回归题干，联系知识点，将理论与材料相结合；</p><p>第三，组织答案，从材料出发，阐释班级授课制的优缺点及改进措施，注意分条答题，条理清晰。</p>');
DELETE FROM edu_course_exercise WHERE id='194098';
INSERT INTO edu_course_exercise (id, question_type, course_id, content, easy_error, source, dw_checked, is_pk) VALUES ('194098', '15', '22222222', '<p>材料一：</p><p>       家庭收入与恩格尔系数。</p><p><img width="546px" height="155px" src="https://fb.fbstatic.cn/api/tarzan/images/162237d4c8e596b.png?width=700" /></p>', '', '2016年山东省潍坊市教师招聘考试学科专业知识 （中学政治）第21题', '1', '0');
DELETE FROM edu_course_exercise_qa WHERE id='2167602';
INSERT INTO edu_course_exercise_qa (id, course_exercise_id, type, question, cando, answer, total_score) VALUES ('2167602', '194098', '15', '<p>指出上表反映的经济现象及经济道理。</p>', '1', '<p>①2009—2013年城乡居民收入不断增加，但城乡居民收入差距较大。</p><p>②2009—2013年城乡居民恩格尔系数不断降低，表明人们生活水平提高，消费结构改善。但城乡居民恩格尔系数仍然存在差距，表明城乡消费水平存在差距。</p>', '4');
DELETE FROM edu_course_exercise_comment WHERE id='2167602';
INSERT INTO edu_course_exercise_comment (id, path, course_exercise_qa_id, comment) VALUES ('2167602', ',2167602', '2167602', '<p>本题考查图表分析能力。图表的基本分析思路：纵向看变化、横向看结构、综合看发展。“先看再比后升华”，强调看全信息，包括表头、表格、表注，然后挖掘材料中隐含的本质问题。本题比较城镇居民和农村居民的人均收入以及恩格尔系数。城镇居民和农村居民的人均收入都有所增长，恩格尔系数呈逐年下降趋势，但农村居民依然高于城镇居民。</p>');
DELETE FROM edu_course_exercise WHERE id='194099';
INSERT INTO edu_course_exercise (id, question_type, course_id, content, easy_error, source, dw_checked, is_pk) VALUES ('194099', '15', '22222222', '<p>阅读材料，完成下列要求。</p><p>       财政对社会经济发展具有巨大作用，财政预算的编制和管理受到社会各界的关注。</p><p>       材料一：2014年重新修订的《中华人民共和国预算法》规定，“经人民代表大会批准的预算，非经法定程序，不得调整。各级政府、各部门、各单位的支出必须以经批准   的预算为依据，未列入预算的不得支出”。</p><p>       为贯彻落实依法治国精神，按照新修订的预算法，国务院出台了《关于深化预算管理制度改革的决定》，财政部发布了《关于进一步加强财政支出预算执行管理的通知》，  地方各级政府为预算法的落实进行了积极探索。</p><p>       材料二：2013年我国 GDP增速为7.7%，2014年为7.4%。2015年我国 GDP 增长目标调低为7%。面对经济下行的压力，2015年政府工作报告对积极的财政政策做了加力增效的部署，其中，2015年财政预算拟安排财政赤字1.62万亿元，比去年增加2700 亿元，赤字率从去年的2.1% 提高到2.3%（财政赤字率指财政赤字与GDP之比。国际上财政赤字率安全警戒线为 3%）。</p>', '', '2016年湖南省长沙市雨花区教师招聘考试学科专业知识（中学政治）第25题', '1', '0');
DELETE FROM edu_course_exercise_qa WHERE id='2167607';
INSERT INTO edu_course_exercise_qa (id, course_exercise_id, type, question, cando, answer, total_score) VALUES ('2167607', '194099', '15', '<p>结合材料一和所学政治知识，说明政府应该如何强化预算管理。</p>', '1', '<p>①我国的国家机关都是由人民代表大会选举产生的，对人民代表大会负责，受人民代表大会监督。政府部门在制定预算时要接受人民代表大会的监督，严格执行人大审批通过的预算。</p><p>②预算资金的使用效率受到预算管理制度体系的重要影响，完善预算管理制度体系，按照预算法的要求编制预算和执行预算。</p><p>③政府要加强内部对预算资金的管理，运用检查、审计等行政手段强化预算监管。</p><p>④政府做好工作也离不开有力的外部监督，应公开预算，增加财政收支的透明度， 接受权力机关监督和社会监督。</p>', '6');
DELETE FROM edu_course_exercise_qa WHERE id='2167612';
INSERT INTO edu_course_exercise_qa (id, course_exercise_id, type, question, cando, answer, total_score) VALUES ('2167612', '194099', '15', '<p>结合材料二和所学经济知识，分析现阶段我国增加财政赤字的合理性，并说明应该如何用好财政资金。</p>', '1', '<p>①财政赤字是积极财政政策的具体手段，在经济下行压力下，增加财政赤字能够扩大财政支出，刺激社会总需求；我国目前财政赤字率虽然在提高，但低于3%的警戒线，是适度的、安全的。</p><p>②优化赤字资金支出结构，引导经济转型升级；加强赤字资金管理，提高使用效率；  遵循财政分配原则，维护赤字资金支出的公平性。</p>', '5.78');
DELETE FROM edu_course_exercise_comment WHERE id='2167607';
INSERT INTO edu_course_exercise_comment (id, path, course_exercise_qa_id, comment) VALUES ('2167607', ',2167607', '2167607', '<p>本题考查政府的相关知识。</p><p>答题时注意以下几点：第一，审清题目，设问的主体是政府，且需要从政府“如何做”的角度进行思考；第二，回归题干，结合材料中政府的行为，将理论与材料结合，可以从人民代表大会和政府的关系、行政系统的内部和外部监督以及预算管理体系等角度回答；第三，组织答案，从材料出发，注意分条答题，条理清晰。</p>');
DELETE FROM edu_course_exercise_comment WHERE id='2167612';
INSERT INTO edu_course_exercise_comment (id, path, course_exercise_qa_id, comment) VALUES ('2167612', ',2167612', '2167612', '<p>本题考查财政的相关知识。</p><p>答题时注意以下几点：第一，审清题目，本题需要回答“增加财政赤字的合理性”和“如何用好财政资金”两个问题；第二，回归题干，将财政及财政赤字的相关理论与当前经济形势结合，分析财政赤字的原因及在当前形势下如何用好财政资金；第三，组织答案，可以从财政赤字的使用前提、财政赤字的警戒线以及财政赤字资金的支出结构等角度回答，注意分条答题，条理清晰。</p>');
DELETE FROM edu_course_exercise WHERE id='194100';
INSERT INTO edu_course_exercise (id, question_type, course_id, content, easy_error, source, dw_checked, is_pk) VALUES ('194100', '15', '22222222', '<p>材料二 ：</p><p>       2016年政府工作报告指出，一年来，我们着力深化改革开放，激发市场活力和内生动力。注重调整经济结构，提高发展质量和效益，有力地促进了经济增长。同时，切实保障和改善民生，始终把改善民生作为工作的出发点和落脚点，注重制度建设，兜住民生底线，推动社会事业发展。</p>', '', '2016年山东省潍坊市教师招聘考试学科专业知识 （中学政治）第22题', '1', '0');
DELETE FROM edu_course_exercise_qa WHERE id='2167603';
INSERT INTO edu_course_exercise_qa (id, course_exercise_id, type, question, cando, answer, total_score) VALUES ('2167603', '194100', '15', '<p>依据材料二，运用经济生活的知识，阐明“促进经济增长与积极改善民生”协调发展的理由。</p>', '1', '<p>①生产决定消费，消费反作用于生产，消费是生产的目的和动力。“促进经济增长与积极改善民生”的和谐发展，有利于社会总供给和总需求保持基本平衡，促进国民经济的平稳运行。</p><p>②在社会主义市场经济条件下，效率与公平具有一致性，效率是公平的物质前提，公平是效率的保证。“促进经济增长与积极改善民生”有利于兼顾效率与公平。</p><p>③科学发展观的第一要义是发展，核心是以人为本。“促进经济增长与积极改善民生”，有利于做到发展为了人民，发展的成果由人民共享。</p>', '6');
DELETE FROM edu_course_exercise_comment WHERE id='2167603';
INSERT INTO edu_course_exercise_comment (id, path, course_exercise_qa_id, comment) VALUES ('2167603', ',2167603', '2167603', '<p>本题考查对经济生活的综合分析能力。需要统筹经济生活的知识，进行准确分析。“促进经济增长与积极改善民生”协调发展的理由，可以从生产与消费、效率与公平、科学发展观等角度分析。</p>');
DELETE FROM edu_course_exercise WHERE id='194101';
INSERT INTO edu_course_exercise (id, question_type, course_id, content, easy_error, source, dw_checked, is_pk) VALUES ('194101', '15', '22222222', '<p>每一个道德模范的背后都有一个不同寻常的故事，它们或许催人泪下，或许轰轰烈烈，或许平平淡淡，或许……但每一个故事都折射了时代的光芒，更书写着时代的感动。道德模范评选由中央文明办、全国总工会、共青团中央、全国妇联共同主办，迄今已经成功举办五届，分为“助人为乐”“见义勇为”“诚实守信”“敬业奉献”“孝老爱亲”五个类型。评选活动由普通百姓通过投票的形式选出，真正做到“人民为人民”。</p>', '', '2016年山东省潍坊市教师招聘考试学科专业知识 （中学政治）第23题', '1', '0');
DELETE FROM edu_course_exercise_qa WHERE id='2167608';
INSERT INTO edu_course_exercise_qa (id, course_exercise_id, type, question, cando, answer, total_score) VALUES ('2167608', '194101', '15', '<p>运用矛盾的普遍性和特殊性关系原理，分析开展“道德模范”评选活动的哲学依据。</p>', '1', '<p>矛盾的普遍性和特殊性是共性和个性、一般和个别的关系。</p><p>①每一个道德模范的背后都有一个不同寻常的故事，体现了矛盾着的事物及其每一个侧面都各有其特点。矛盾的普遍性寓于特殊性之中，并通过特殊性表现出来，没有特殊性就没有普遍性。</p><p>②每一个故事都折射了时代的光芒，体现了特殊性离不开普遍性。世界上的事物无论怎样特殊，它总是在特殊性中包含着普遍性，不包含普遍性的事物是没有的。</p>', '4');
DELETE FROM edu_course_exercise_comment WHERE id='2167608';
INSERT INTO edu_course_exercise_comment (id, path, course_exercise_qa_id, comment) VALUES ('2167608', ',2167608', '2167608', '<p>本题考查矛盾的普遍性和特殊性的辩证关系。解答时要根据材料信息，明确知识依据。“每一个道德模范的背后都有一个不同寻常的故事”，体现了矛盾的特殊性。“但每一个故事都折射了时代的光芒”，体现了矛盾的普遍性。</p>');
DELETE FROM edu_course_exercise WHERE id='194102';
INSERT INTO edu_course_exercise (id, question_type, course_id, content, easy_error, source, dw_checked, is_pk) VALUES ('194102', '15', '22222222', '<p>材料一：</p><p>       面对新形势新任务，我们党要实现经济发展、政治清明、文化昌盛、社会公正、生态良好，实现我国和平发展的战略目标，必须更好发挥法治的引领和规范作用。应当看到，党中央高度重视法治建设，依法治国已经成为坚持和发展中国特色社会主义的本质要求和重要保证。同时，我们也必须清醒地认识到，与党和国家事业发展要求相比，司法体制和工作机制还存在许多不相适应的地方。建设中国特色社会主义法治体系，必须坚持立法先行，发挥立法的引领和推动作用，抓住提高立法质量这个关键。健全公安机关、检察机关、审判机关、司法行政机关各司其职，侦查权、检察权、审判权、执行权相互配合、相互制约的体制机制。</p>', '', '2016年山东省潍坊市教师招聘考试学科专业知识 （中学政治）第25题', '1', '0');
DELETE FROM edu_course_exercise_qa WHERE id='2167615';
INSERT INTO edu_course_exercise_qa (id, course_exercise_id, type, question, cando, answer, total_score) VALUES ('2167615', '194102', '15', '<p>分析上述材料体现的唯物辩证法道理。</p>', '1', '<p>①联系是普遍的，每一事物内部各个部分、要素之间是相互联系的，任何事物都与周围其他事物有着这样或那样的联系。要用联系的观点看问题，既要看到事物内部诸要素之间的联系，又要看到事物之间的相互联系。我国的和平发展目标和法治建设密切相连，法治建设内部各要素也并非孤立地存在。</p><p>②整体和部分是相互联系、密不可分的，部分的功能及其变化会影响整体的功能，关键部分的功能及其变化甚至对整体的功能起决定作用。重视部分的作用，用局部的发展推动整体的发展。法治起着引领和规范的作用，依法治国已经成为坚持和发展社会主义的本质要求和重要保证。</p><p>③事物发展的道路是曲折的，新事物的发展总要经历一个由小到大、由不完善到比较完善的过程，不可避免地存在着弱点和不完善的地方。做好充分的思想准备，不断克服前进道路上的困难，勇敢地面对挫折和考验。与党和国家事业发展要求相比，司法体制和工作机制还存在许多不相适应的地方。</p><p>④主要矛盾是在事物发展过程中起支配地位、对事物发展起决定作用的矛盾。办事情要善于抓住重点，集中主要力量解决主要矛盾。坚持立法先行，发挥立法的引领和推动作用，抓住提高立法质量这个关键。</p>', '8');
DELETE FROM edu_course_exercise_comment WHERE id='2167615';
INSERT INTO edu_course_exercise_comment (id, path, course_exercise_qa_id, comment) VALUES ('2167615', ',2167615', '2167615', '<p>本题考查对唯物辩证法的理解与运用。解答时应抓住题中的关键句，分层作答。本题的关键句主要有“法治的引领和规范作用”“存在许多不相适应的地方”“抓住提高立法质量这个关键”“相互配合、相互制约”。可从联系的普遍性、系统优化的方法、发展道路的曲折性、主要矛盾和次要矛盾、矛盾的同一性和斗争性等方面作答。注意解答时要原理＋方法论＋材料。</p>');
DELETE FROM edu_course_exercise WHERE id='194103';
INSERT INTO edu_course_exercise (id, question_type, course_id, content, easy_error, source, dw_checked, is_pk) VALUES ('194103', '15', '22222222', '<p>材料二：</p><p>       某市志愿者顺应新要求，开展了“弘扬法治精神，推进依法治国”志愿服务活动，向居民发放了法治宣传材料，并讲解了弘扬法治精神，推进依法治国的重要性。</p>', '', '2016年山东省潍坊市教师招聘考试学科专业知识 （中学政治）第26题', '1', '0');
DELETE FROM edu_course_exercise_qa WHERE id='2167617';
INSERT INTO edu_course_exercise_qa (id, course_exercise_id, type, question, cando, answer, total_score) VALUES ('2167617', '194103', '15', '<p>运用政治生活知识，说明为什么公民应积极参与法律志愿服务活动。</p>', '1', '<p>①公民应坚持权利和义务统一的原则。在我国，公民的权利和义务是统一的。一方面，要树立权利意识，珍惜公民权利；另一方面，要树立义务意识，自觉履行公民义务。公民在利用法律维护自身权益的同时，应自觉履行义务，自觉宣传法律，维护法律权威。</p><p>②依法治国是中国共产党治国的基本方略，是社会文明进步的显著标志，是国家长治久安的必要保障。依法治国的主体是人民群众，公民积极参与志愿活动，保障了公民的主体地位，有利于切实推进依法治国。</p><p>③公民参与法律志愿服务活动，有利于调动公民的积极性、主动性，加强公民的法律意识，使公民自觉遵法守法；有利于建设社会主义法治体系，建设社会主义法治国家，构建社会主义和谐社会。</p>', '4');
DELETE FROM edu_course_exercise_comment WHERE id='2167617';
INSERT INTO edu_course_exercise_comment (id, path, course_exercise_qa_id, comment) VALUES ('2167617', ',2167617', '2167617', '<p>本题考查公民的政治生活的相关知识。可从公民的政治权利和义务、依法治国的重要性等角度选取知识点。公民积极参与法律志愿活动体现了公民的政治义务、公民参与政治生活的基本原则、推进依法治国的意义。</p>');
DELETE FROM edu_course_exercise WHERE id='194104';
INSERT INTO edu_course_exercise (id, question_type, course_id, content, easy_error, source, dw_checked, is_pk) VALUES ('194104', '15', '22222222', '<p>阅读材料，完成下列要求。</p><p>       税收是国家治理的基础和重要支柱，在社会经济生活中发挥着巨大的作用。</p><p>       材料一：</p><p>       党的十八届三中全会通过的《中共中央关于全面深化改革若干重大问题的决定》强调落实“税收法定原则”。2015 年 3 月，十二届全国人大第三次会议表决通过新修订的《中华人民共和国立法法》，明确“税种的设立、税率的确定和税收征收管理等税 收基本制度”只能由法律规定。</p><p>       材料二：</p><p>       2014年10月《国务院关于扶持小型微型企业健康发展的意见》提出要“认真落实已经出台的支持小型微型企业税收优惠政策”。2015 年3月，国家税务总局出台十大措施确保小微企业税收优惠政策落实。</p><p>       数据显示，2015 年一季度，全国享受企业所得税减半征收的小微企业有 216 万户， 受惠面在 90% 以上，减税51亿元；享受暂免征收增值税和营业税政策的小微企业和个体工商户共有2700万户，减税189亿元。</p>', '', '2016年湖南省长沙市雨花区教师招聘考试学科专业知识（中学政治）第27题', '1', '0');
DELETE FROM edu_course_exercise_qa WHERE id='2167618';
INSERT INTO edu_course_exercise_qa (id, course_exercise_id, type, question, cando, answer, total_score) VALUES ('2167618', '194104', '15', '<p>结合材料和所学政治知识，说明我国为什么要坚持“税收法定原则”。</p>', '1', '<p>①“税收法定原则”是全面落实依法治国基本方略，加快建设社会主义法治国家的要求。</p><p>②有利于规范和完善税收法律制度。</p><p>③有利于规范政府行为，防止随意增减税负。</p><p>④保护纳税人权益。</p>', '6');
DELETE FROM edu_course_exercise_qa WHERE id='2167622';
INSERT INTO edu_course_exercise_qa (id, course_exercise_id, type, question, cando, answer, total_score) VALUES ('2167622', '194104', '15', '<p>结合材料和所学经济知识，分析当前对小微企业实施税收优惠的理由。</p>', '1', '<p>①小微企业在国民经济中具有重要地位，其健康发展能吸纳大量就业，促进经济发展。</p><p>②小微企业发展面临税负较重、融资难、融资贵等困难。</p><p>③税收优惠可降低小微企业负担，有利于其生存与发展。</p><p>④引导和鼓励大众创业、万众创新。</p>', '7');
DELETE FROM edu_course_exercise_comment WHERE id='2167618';
INSERT INTO edu_course_exercise_comment (id, path, course_exercise_qa_id, comment) VALUES ('2167618', ',2167618', '2167618', '<p>本题考查依法治国的相关知识。</p><p>答题时注意以下几点：第一，审清题目，本题要求从政治生活角度回答坚持“税收法定原则”的原因；第二，回归题干，将“税收法定原则”和依法治国结合，从依法治国的重要性角度回答；第三，组织答案，从材料出发，注意分条答题，条理清晰。</p>');
DELETE FROM edu_course_exercise_comment WHERE id='2167622';
INSERT INTO edu_course_exercise_comment (id, path, course_exercise_qa_id, comment) VALUES ('2167622', ',2167622', '2167622', '<p>本题考查企业及非公有制方面的相关知识。</p><p>答题时注意以下几点：第一，审清题目，本题要求从经济生活角度回答给予小微企业税收优惠的原因；第二，回归题干，将材料与小微企业对国民经济发展的作用结合；第三，组织答案，可以从小微企业在国民经济中的地位、发展现状以及相关国家政策的角度回答，注意分条答题，条理清晰。</p>');
DELETE FROM edu_course_exercise WHERE id='194105';
INSERT INTO edu_course_exercise (id, question_type, course_id, content, easy_error, source, dw_checked, is_pk) VALUES ('194105', '15', '22222222', '<p>阅读材料，完成下列题目。</p><p>       材料：培育和弘扬社会主义核心价值观必须立足中华优秀传统文化。我们要保护和传承，让居民望得见山，看得见水，记得住乡愁。</p><p>       纪录片《记住乡愁》于 2015 年元旦在央视首播。该片选取 100 多个传统村落，围绕中华美德的千百年传承，一集一村落，一村一传奇。采取纪实手法讲述一个个生动感人的故事：有坚守精忠报国、宁死不屈民族气节的，有传承诚信为本、诚实待人村风的，有秉持积善成德、助人为乐精神的，有倡导邻里和睦、守望相助的，有崇尚生命、敬畏自然的……</p><p>       《记住乡愁》的播出引发社会强烈反响。古建筑学者将其誉为中国传统文化的“立体的教科书，现成的博物馆”，历史学者认为《记住乡愁》呈现了一幅生动的乡村历史画卷，民俗学者从节目中发现一个个非物质文化遗产的“活化石”，社会学者强调吸取传统乡村社会治理的智慧和经验。</p>', '', '2016年湖南省长沙市雨花区教师招聘考试学科专业知识（中学政治）第29题', '1', '0');
DELETE FROM edu_course_exercise_qa WHERE id='2167625';
INSERT INTO edu_course_exercise_qa (id, course_exercise_id, type, question, cando, answer, total_score) VALUES ('2167625', '194105', '15', '<p>培育和践行社会主义核心价值观需要记住乡愁，传承中华传统美德。运用文化生活知识对此加以说明。</p>', '1', '<p>①社会主义核心价值观与中华优秀传统文化相承接，中华传统美德是传统文化的精华，是涵养社会主义核心价值观的重要源泉。</p><p>②乡愁反映了人们对中华传统文化的眷恋之情，体现了当代人对传承中华传统美德的愿望和期盼。</p><p>③记住乡愁、传承中华传统美德，为培育和践行社会主义核心价值观提供了重要载体和丰厚的文化养料。</p>', '6');
DELETE FROM edu_course_exercise_qa WHERE id='2167626';
INSERT INTO edu_course_exercise_qa (id, course_exercise_id, type, question, cando, answer, total_score) VALUES ('2167626', '194105', '15', '<p>运用认识论的相关知识并结合材料，分析不同学者从《记住乡愁》中获得不同感受的原因。</p>', '1', '<p>①认识是主体对客体的能动反映。认识受主体状况、客体状况以及认识条件的制约。</p><p>②实践是认识的来源。由于实践的不同，不同主体对同一对象会产生不同的认识，不同学者从《记住乡愁》中获得的感受就会不同。</p><p>③不同学者在知识背景、兴趣爱好、思维方式、价值观念等方面存在差异，纪录片涉及传统村落的自然环境、人文景观、村规民约、社会管理等多方面的内容，导致不同学者的感受出现差异。</p>', '5');
DELETE FROM edu_course_exercise_qa WHERE id='2167627';
INSERT INTO edu_course_exercise_qa (id, course_exercise_id, type, question, cando, answer, total_score) VALUES ('2167627', '194105', '15', '<p>在城镇化快速发展的今天，请就如何记住乡愁提出两条建议。</p>', '1', '<p>①利用大众传媒，宣传中华传统美德，设计有关“乡愁”的宣传语，引 发人们的共鸣。</p><p>②在保持原有村落形态的基础上改善居民生活条件。</p><p>③加强中华传统美德教育与传承，使其转化为当代中国人的道德观念。</p>', '2');
DELETE FROM edu_course_exercise_comment WHERE id='2167625';
INSERT INTO edu_course_exercise_comment (id, path, course_exercise_qa_id, comment) VALUES ('2167625', ',2167625', '2167625', '<p>本题考查社会主义核心价值观、传统文化的相关知识。</p><p>答题时注意以下几点：第一，审清题目，本题要求从文化生活角度回答；第二，回归题干，将材料与理论对接，培育和践行社会主义核心价值观与传承中华传统美德是相承接的，记住乡愁、传承中华传统美德，可以为培育和践行社会主义核心价值观提供重要载体和丰厚的文化养料；第三，组织答案，可以从乡愁与践行社会主义核心价值观和传承传统文化的关系角度回答，注意分条答题，条理清晰。</p>');
DELETE FROM edu_course_exercise_comment WHERE id='2167626';
INSERT INTO edu_course_exercise_comment (id, path, course_exercise_qa_id, comment) VALUES ('2167626', ',2167626', '2167626', '<p>本题考查影响认识主体感受的因素。</p><p>答题时注意以下几点：第一，审清题目，本题要求从认识论的角度回答；第二，回归题干，将材料与理论对接，结合材料分析影响认识主体不同感受的因素；第三，组织答案，可以从实践与认识的辩证关系和影响认识的因素两个角度回答，注意分条答题，条理清晰。</p>');
DELETE FROM edu_course_exercise_comment WHERE id='2167627';
INSERT INTO edu_course_exercise_comment (id, path, course_exercise_qa_id, comment) VALUES ('2167627', ',2167627', '2167627', '<p>本题考查应用能力。</p><p>答题时注意以下几点：第一，审清题目，本题要求从记住乡愁的角度回答；第二，回归题干，将乡愁与城镇化的快速发展结合；第三，从材料出发，开拓思路，组织答案。</p>');
DELETE FROM edu_course_exercise WHERE id='194106';
INSERT INTO edu_course_exercise (id, question_type, course_id, content, easy_error, source, dw_checked, is_pk) VALUES ('194106', '15', '22222222', '<p>阅读材料，完成下列要求。</p><p>       重视扶贫开发工作，全面建成小康社会。</p><p>       材料一：</p><p>      2011年以来，我国扶贫开发工作取得新进展，但还面临贫困区域密集、贫困人口众多、脱贫时间紧迫等问题。中共中央“十三五”规划建设提出，“坚持共享发展，着力增进人民福祉”。习近平指示，全面实现小康，少数民族一个都不能少，一个都 不能掉队。《中共中央国务院关于打赢脱贫攻坚战的决定》指出，把精准扶贫、精准脱贫 作为基本方略。《省级党委和政府扶贫开发工作成效考核办法》明确，充分发挥社会监督作用，促使省级党委和政府切实履职尽责。</p><p>       材料二：</p><p>      30年前，某畲族行政村经济落后，收入很低，生活艰辛。早期，政府就地给该村无偿提供救助，但扶贫效果很小；后来，通过创造性整体搬迁，该村村民住进新  村寨，为脱贫致富奠定了基础。长期以来，政府投入大量资金，修建了通村公路、饮水   工程等设施；针对广大城市游客，该村利用畲族风情和山地资源，大力发展生态旅游和  特色农业。历经30多年的扶贫开发，该村由一个远近闻名的贫困村建成了小康村。</p>', '', '2016年湖南省长沙市雨花区教师招聘考试学科专业知识（中学政治）第32题', '1', '0');
DELETE FROM edu_course_exercise_qa WHERE id='2167629';
INSERT INTO edu_course_exercise_qa (id, course_exercise_id, type, question, cando, answer, total_score) VALUES ('2167629', '194106', '15', '<p>结合材料一，运用政治生活知识，说明党和国家高度重视扶贫开发工作的依据。</p>', '1', '<p>①全心全意为人民服务是中国共产党的宗旨。中国共产党坚持以人为本、执政为民的理念。党中央把扶贫开发作为关乎党和国家发展的大事，充分体现党的宗旨和执政为民的理念。</p><p>②实施扶贫开发，最终目的是实现共同富裕，这是由我国的国家性质决定的，充分体现出我国政府坚持为人民服务的宗旨和对人民负责的原则。</p><p>③党和国家重视扶贫工作，是我国政府履行组织社会主义经济建设和加强社会建设职能的体现。</p><p>④党和政府坚持以人为本的科学发展观，实施了有组织、有计划的大规模开发式扶贫，有利于保障贫困地区人民当家作主的权利，提高贫困地区人民的生活水平，维护贫困地区人民的根本利益。</p><p>⑤贫困问题是人类面临的共同挑战，消除贫困是人类社会的共同目标，党和政府高度重视扶贫工作，积极开展扶贫工作有利于顺应求和平、谋发展、促合作的时代潮流， 促进世界和平稳定。</p>', '7');
DELETE FROM edu_course_exercise_comment WHERE id='2167629';
INSERT INTO edu_course_exercise_comment (id, path, course_exercise_qa_id, comment) VALUES ('2167629', ',2167629', '2167629', '<p>本题考查党和国家的相关知识。</p><p>答题时注意以下几点：第一，审清题目，本题要求从政治生活的角度回答；第二，要求从“党”和“国家”两个主体角度作答，且要求从原因角度给出答案，即党和国家为什么要高度重视扶贫开发工作；第三，组织答案，可以从国家的性质、党的宗旨、政府的宗旨、政府的原则、政府的职能和当今世界的主题等角度回答，注意分条答题，条理清晰。</p>');
DELETE FROM edu_course_exercise WHERE id='194108';
INSERT INTO edu_course_exercise (id, question_type, course_id, content, easy_error, source, dw_checked, is_pk) VALUES ('194108', '15', '22222222', '<p>材料一：</p><p>       “打虎”“拍蝇”“猎狐”齐发力，2015年1月至11月，国家检察机关共立案查办职务犯罪案件38971件51953人，其中大案2631件。县处级以上干部要案3577人（其中地厅级干部548人）。这些成绩赢得了中国人民和世界各国的点赞。</p><p>材料二 ：</p><p>       全国人大常委会委员长张德江在关于全国人民代表大会常务委员会工作的报告中提道：一年来，常委会制定5部法律，修改37部法律和1个有关法律问题的决定，决定提请全国人民代表大会审议的法律案1件，通过8个有关法律问题的决定。</p>', '', '2016年湖南省长沙市岳麓区教师招聘考试学科专业知识 （中学政治）第31题', '1', '0');
DELETE FROM edu_course_exercise_qa WHERE id='2167673';
INSERT INTO edu_course_exercise_qa (id, course_exercise_id, type, question, cando, answer, total_score) VALUES ('2167673', '194108', '15', '<p>材料一中的成绩为什么赢得了中国人民和世界各国的点赞？ </p>', '1', '<p>“反腐”有利于落实依法治国的基本方略，有利于推进民主法治建设，有利于维护社会稳定大局，同时向世界人民展示了中国的大国形象。</p>', '4');
DELETE FROM edu_course_exercise_comment WHERE id='2167673';
INSERT INTO edu_course_exercise_comment (id, path, course_exercise_qa_id, comment) VALUES ('2167673', ',2167673', '2167673', '<p>本题考查“反腐”的影响。答题时注意以下几点：第一，审清题目，设问要求回答“反腐”成绩赢得点赞的原因；第二，回归题干，结合材料，将理论与材料结合，从“反腐”对世界各国和对中国人民两方面的影响回答。</p>');
DELETE FROM edu_course_exercise WHERE id='194109';
INSERT INTO edu_course_exercise (id, question_type, course_id, content, easy_error, source, dw_checked, is_pk) VALUES ('194109', '15', '22222222', '<p>材料一：</p><p>       我国第三代核电技术取得重大进展，同年C919大型客机总装下线，屠呦呦获得诺贝尔生理学或医学奖，量子通信、中微子振荡、高温铁基超导等基础研究取得一批原创性成果，载人航天、探月工程、深海探测等项目达到世界先进水平。</p><p>材料二：</p><p>       目前，我国许多关键部件、系统软件和高端装备仍需大量进口。核心和关键技术对外依存度50%左右，新产品开发70%靠外来技术。例如中国有3000多家制笔企业，年产圆珠笔400多亿支，占全世界总供应量的80%，但笔的珠芯近90%来自进口，每年需花费2亿元外汇，其中日本拿走了材料的钱，瑞士、德国拿走了设备的钱，我们只赚了一个微薄苦力钱。中国3000多家制笔企业中，没有一家掌握高端笔头和高端墨水制作的核心技术。</p><p>材料三：</p><p>       2016年3月16日，十二届全国人大四次会议表决通过了《关于国民经济和社会发展第十三个五年规划纲要》，纲要强调，“十三五”时期是全面建成小康社会决胜阶段。必须认真贯彻党中央战略决策和部署，确保全面建成小康社会。</p>', '', '2016年湖南省长沙市岳麓区教师招聘考试学科专业知识 （中学政治）第34题', '1', '0');
DELETE FROM edu_course_exercise_qa WHERE id='2167678';
INSERT INTO edu_course_exercise_qa (id, course_exercise_id, type, question, cando, answer, total_score) VALUES ('2167678', '194109', '15', '<p>概括材料一、二反映了我国怎样的现状。</p>', '1', '<p>我国在核电、医学、量子通信等领域取得重大进展，在载人航天、探月工程等方面达到世界先进水平，但我国许多关键部件、系统软件和高端装备仍需大量进口，核心和关键技术对外依存度高，虽然很多产品占全世界总供给量较高，但只赚取了微薄的苦力钱。</p>', '3');
DELETE FROM edu_course_exercise_comment WHERE id='2167678';
INSERT INTO edu_course_exercise_comment (id, path, course_exercise_qa_id, comment) VALUES ('2167678', ',2167678', '2167678', '<p>本题考查获取和读取信息的能力。</p>');
DELETE FROM edu_course_exercise WHERE id='194110';
INSERT INTO edu_course_exercise (id, question_type, course_id, content, easy_error, source, dw_checked, is_pk) VALUES ('194110', '15', '22222222', '<p>       下表是某私营企业年终奖金的分配情况。</p><p><img width="545px" height="72px" src="https://fb.fbstatic.cn/api/tarzan/images/16223c1357c1426.png?width=700" /></p>', '', '2016年湖南省长沙市岳麓区教师招聘考试学科专业知识 （中学政治）第37题', '1', '0');
DELETE FROM edu_course_exercise_qa WHERE id='2167684';
INSERT INTO edu_course_exercise_qa (id, course_exercise_id, type, question, cando, answer, total_score) VALUES ('2167684', '194110', '15', '<p>运用经济生活中收入分配与社会公平的知识，结合材料反映的问题，谈谈我国如何实现收入分配的公平。</p>', '1', '<p>①坚持和完善按劳分配为主体、多种分配方式并存的分配制度，多劳多得，少劳少得，提高技术人员、工人和职员的收入。</p><p>②提高居民收入在国民收入分配中的比重、劳动报酬在初次分配中的比重。理顺国家、企业和个人三者的分配关系，合理调整投资和消费的关系，促进经济社会协调健康发展。着力提高技术人员、工人和职员的收入，逐步提高最低工资标准，建立企业职工工资正常增长机制和支付保障机制。</p><p>③再分配更加注重公平是实现社会公平的另一重要举措。要加强政府对收入分配的调节，保护合法收入，调节过高收入，取缔非法收入。通过财政税收政策，整顿分配秩序，缩小收入差距，实现分配公平。</p>', '8');
DELETE FROM edu_course_exercise_comment WHERE id='2167684';
INSERT INTO edu_course_exercise_comment (id, path, course_exercise_qa_id, comment) VALUES ('2167684', ',2167684', '2167684', '<p>本题考查收入分配与社会公平的知识。答题时注意以下几点：第一，审清题目，设问是对经济生活中收入分配与社会公平的知识的考查；第二，回归题干，结合材料中反映的问题，将理论与材料结合，谈谈我国如何实现收入分配的公平；第三，组织答案，可以从我国的分配制度、初次分配和再分配角度回答，注意分条答题，条理清晰。</p>');
DELETE FROM edu_course_exercise WHERE id='194111';
INSERT INTO edu_course_exercise (id, question_type, course_id, content, easy_error, source, dw_checked, is_pk) VALUES ('194111', '15', '22222222', '<p>      时隔37年，中央城市工作会议于2015年12月20日至21日在北京召开，预示着我国城市工作将迎来重大变化。会议指出，城市工作要树立系统思维，从构成城市诸多要素、结构、功能等方面入手，对事关城市发展的重大问题进行深入研究和周密部署，系统推进各方面工作。要综合考虑城市功能定位、文化特色、建设管理等多种因素来制定规划。规划经过批准后要严格执行，一茬接一茬地干下去，防止出现换一届领导，改一次规划的现象，抓城市工作，一定要抓住城市管理和服务这个重点，不断完善城市管理和服务，彻底改变粗放型管理方式，让人民群众在城市生活得更方便、更舒心、更美好。要把安全放在第一位，把住安全关、质量关，并把安全工作落实到城市工作和城市发展各个环节、各个领域。</p>', '', '2016年湖南省长沙市岳麓区教师招聘考试学科专业知识 （中学政治）第38题', '1', '0');
DELETE FROM edu_course_exercise_qa WHERE id='2167685';
INSERT INTO edu_course_exercise_qa (id, course_exercise_id, type, question, cando, answer, total_score) VALUES ('2167685', '194111', '15', '<p>结合材料，分析中央城市工作会议的思想体现的辩证唯物主义原理。</p>', '1', '<p>①物质决定意识，要求我们必须坚持一切从实际出发，使主观符合客观。城市工作要树立系统思维，从构成城市诸多要素、结构、功能等方面入手，对事关城市发展的重大问题进行深入研究和周密部署，系统推进各方面工作。</p><p>②意识具有能动作用，人能够能动地认识世界和改造世界。规划经过批准后要严格执行，一茬接一茬地干下去，还要把安全放在第一位，把住安全关、质量关，体现了重视意识的能动作用。</p><p>③规律具有客观性。人具有主观能动性，要求我们必须把发挥主观能动性与尊重客观规律有机结合起来，做到按客观规律办事。我们要把安全放在第一位，把住安全关、质量关，并把安全工作落实到城市工作和城市发展各个环节、各个领域。</p>', '8');
DELETE FROM edu_course_exercise_comment WHERE id='2167685';
INSERT INTO edu_course_exercise_comment (id, path, course_exercise_qa_id, comment) VALUES ('2167685', ',2167685', '2167685', '<p>本题考查辩证唯物主义原理。答题时注意以下几点。第一，审清题目，设问是对辩证唯物主义原理的考查。辩证唯物论主要包括两个原理：物质和意识的辩证关系（包括物质决定意识，意识对物质具有能动作用），客观规律性与主观能动性的辩证关系。第二，回归题干，结合材料中中央城市工作会议的思想，将原理与材料结合。第三，组织答案，从材料出发，注意分条答题，条理清晰。</p>');
DELETE FROM edu_course_exercise WHERE id='194120';
INSERT INTO edu_course_exercise (id, question_type, course_id, content, easy_error, source, dw_checked, is_pk) VALUES ('194120', '15', '22222222', '<p>阅读材料，回答下列问题。</p><p>材料：</p><p>       今年的政府工作报告指出，要强化创新引领作用，为发展注入强大动力。创新是引领发展的第一动力，必须把创新摆在国家发展全局的核心位置，深入实施创新驱动发展战略。到2020年，力争在基础研究、应用研究和战略前沿领域取得重大突破，科技进步对经济增长的贡献率达到60%，迈进创新型国家和人才强国行列。</p>', '', '2016年安徽省教师招聘考试学科专业知识 （中学政治）第26题', '1', '0');
DELETE FROM edu_course_exercise_qa WHERE id='2167950';
INSERT INTO edu_course_exercise_qa (id, course_exercise_id, type, question, cando, answer, total_score) VALUES ('2167950', '194120', '15', '<p>我国为什么“必须把创新摆在国家发展全局的核心位置”？</p>', '1', '<p>①当今世界，科技发展水平更加深刻地反映出一个国家的综合国力和核心竞争力。科技的创新推动科技的发展，科技的创新水平也会成为国家科技进步的推力。</p><p>②我们要推进改革开放和社会主义现代化，实现全面建成小康社会目标，不断提高人民生活水平，实现中华民族伟大复兴，必须从国家发展全局的高度，集中力量推进科技创新。</p><p>③提高人民生活水平和质量要求我们大力发展与民生相关的科学技术，把科技进步和创新与提高人民科学文化素质和健康素质紧密结合起来。</p>', '6');
DELETE FROM edu_course_exercise_qa WHERE id='2167956';
INSERT INTO edu_course_exercise_qa (id, course_exercise_id, type, question, cando, answer, total_score) VALUES ('2167956', '194120', '15', '<p>就推动我国迈进创新型国家行列，请你给政府提出几条合理化建议。</p>', '1', '<p>合理化建议如下。</p><p>①加强体制机制建设，为不断解放和发展生产力提供体制机制保障。</p><p>②深入贯彻落实科学发展观，实现国民经济持续健康发展。要着力转变经济发展方式，加强生态文明建设，走文明发展道路，增加对科技事业的投入，培养创新型人才，为科技发展提供人才保障和智力支持。</p><p>③促进科技进步，提高自主创新能力。大力实施科教兴国、人才强国战略。</p>', '4');
DELETE FROM edu_course_exercise_comment WHERE id='2167950';
INSERT INTO edu_course_exercise_comment (id, path, course_exercise_qa_id, comment) VALUES ('2167950', ',2167950', '2167950', '<p>本题考查科技创新的意义。答题时注意以下几点：第一，审清题目，设问要求回答“必须把创新摆在国家发展全局的核心位置”的原因；第二，回归题干，结合材料，将理论与材料结合，可以从“创新”对我国科技发展的影响的角度回答。</p>');
DELETE FROM edu_course_exercise_comment WHERE id='2167956';
INSERT INTO edu_course_exercise_comment (id, path, course_exercise_qa_id, comment) VALUES ('2167956', ',2167956', '2167956', '<p>本题考查对政府职能的理解，包括政府积极履行管理服务职能、经济建设职能、组织社会文化建设职能。</p><p>答题时注意以下几点：第一，审清题目，设问要求给政府的合理化建议；第二，结合材料，将理论与材料结合，可从增加对科技事业的投入、培养创新型人才、为科技发展提供人才保障和智力支持等角度回答，注意建议的可行性。</p>');
DELETE FROM edu_course_exercise WHERE id='194128';
INSERT INTO edu_course_exercise (id, question_type, course_id, content, easy_error, source, dw_checked, is_pk) VALUES ('194128', '15', '22222222', '<p>推动供给侧结构性改革，是适应和引领中国经济发展新常态的必然要求。</p><p>材料一：</p><p>       2015年11月10日，习近平主持召开中央财经领导小组第十一次会议，研究经济结构性改革和城市工作。习近平发表重要讲话强调，要在适度扩大总需求的同时，着力加强供给侧结构性改革，着力提高供给体系质量和效率，增强经济持续增长动力，推动我国社会生产力水平实现整体跃升。</p>', '', '2016年安徽省教师招聘考试学科专业知识 （中学政治）第28题', '1', '0');
DELETE FROM edu_course_exercise_qa WHERE id='2167968';
INSERT INTO edu_course_exercise_qa (id, course_exercise_id, type, question, cando, answer, total_score) VALUES ('2167968', '194128', '15', '<p>结合材料一，运用经济生活知识，分析“供给侧结构性改革”的经济意义。</p>', '1', '<p>经济意义有如下几点。</p><p>①有利于提高商品服务质量，为消费创造动力，扩大消费需求，拉动经济增长，更好地满足广大人民群众的需要，促进经济社会持续健康发展。</p><p>②缓解部分行业产能过剩，有利于经济结构的战略性调整，优化资源配置，促进资源有效利用。</p><p>③降低企业生产经营成本，增强发展活力，有利于发挥市场在资源配置中的决定性作用；推动科技创新，提高劳动生产率，培育增长新动力。</p><p>④淘汰落后产能，促进转型升级，有利于加快转变经济发展方式，增强可持续发展能力。</p>', '8');
DELETE FROM edu_course_exercise_comment WHERE id='2167968';
INSERT INTO edu_course_exercise_comment (id, path, course_exercise_qa_id, comment) VALUES ('2167968', ',2167968', '2167968', '<p>本题考查获取和读取信息的能力以及对经济建设体制的掌握。供给侧结构性改革旨在调整经济结构，使各要素实现最优配置，提升经济增长的质量和数量。供给侧有劳动力、土地、资本、制度创造、创新等要素。</p><p>答题时，结合经济学知识，联系材料，可从生产、消费、经济结构、劳动生产率和 经济发展方式等方面进行作答。</p>');
DELETE FROM edu_course_exercise WHERE id='194129';
INSERT INTO edu_course_exercise (id, question_type, course_id, content, easy_error, source, dw_checked, is_pk) VALUES ('194129', '15', '22222222', '<p>材料二：</p><p>       某省政府依据中央经济工作会议精神，深入研究并制定了推进供给侧结构性改革的政策措施：要注重自我改革，一靠放权，二靠到位；根据经济形势变化的需要，采取灵活的思路和方式；精准发力，把注意力放在民生和社会保障上，各地区各部门要抓紧抓好抓实，加大责任意识，防止不作为、乱作为。</p>', '', '2016年安徽省教师招聘考试学科专业知识 （中学政治）第29题', '1', '0');
DELETE FROM edu_course_exercise_qa WHERE id='2167974';
INSERT INTO edu_course_exercise_qa (id, course_exercise_id, type, question, cando, answer, total_score) VALUES ('2167974', '194129', '15', '<p>结合材料二，运用政治生活知识，分析该省政府推进供给侧结构性改革措施的理论依据。</p>', '1', '<p>理论依据如下。</p><p>①简政放权，建设服务型政府，切实履行政府职能，提高为经济社会发展服务的能力与水平。</p><p>②与时俱进，科学决策。根据经济形势的变化，采取灵活的方式，提高决策和执行的科学性。</p><p>③坚持依法行政。政府及各部门加大责任意识，求真务实，防止不作为和乱作为。</p><p>④坚持为人民服务的宗旨和对人民负责的原则，把着力点放在民生和社会保障上。</p>', '8');
DELETE FROM edu_course_exercise_comment WHERE id='2167974';
INSERT INTO edu_course_exercise_comment (id, path, course_exercise_qa_id, comment) VALUES ('2167974', ',2167974', '2167974', '<p>本题考查的是对政府职能的理解。材料二体现了政府的两个职能，分别是政府组织社会主义经济建设职能和政府提供公共服务职能。</p><p>答题时要注意以下几点：第一，审清题目，设问要求运用政治生活知识作答；第二，回归题干，通过材料中的关键点“研究并制定措施、放权、根据变化、精准发力、责任意识”寻找思考角度；第三，组织答案，可以从建设服务型政府，提高经济社会发展服务能力和水平，坚持为人民服务的宗旨和对人民负责的原则等角度回答，注意分条答题，条理清晰。</p>');
DELETE FROM edu_course_exercise WHERE id='194130';
INSERT INTO edu_course_exercise (id, question_type, course_id, content, easy_error, source, dw_checked, is_pk) VALUES ('194130', '15', '22222222', '<p>当今时代，从公民的衣食住行，到企业的生产销售，再到政府的决策施政，互联网已经渗透到了我们生活的方方面面，“互联网 +”正日益影响着我们的生活。</p><p>材料一：</p><p>       随着互联网的发展，传统的班级授课方式正在悄然发生改变，在“互联网+”背景下，安徽省教育厅搭建了省基础教育资源平台，并适时开展了全省首届微课比赛和“一课一名师、一师一优课、课课有精品”等活动，教师可以将自己的教学资源上传共享，学生可以利用该平台分享教师的资源来完成学习任务，弥补了传统课堂的缺陷。</p>', '', '2016年安徽省教师招聘考试学科专业知识 （中学政治）第30题', '1', '0');
DELETE FROM edu_course_exercise_qa WHERE id='2167987';
INSERT INTO edu_course_exercise_qa (id, course_exercise_id, type, question, cando, answer, total_score) VALUES ('2167987', '194130', '15', '<p>结合材料一，运用文化生活知识，请你谈谈对“互联网+教育”的认识。</p>', '1', '<p>认识如下。</p><p>①现代信息技术是大众传媒的依托，二者的结合日益显示文化传递、沟通、共享的强大功能。“互联网+教育”有利于我国文化的传播，增强中华文化的影响力。</p><p>②科技进步是促进经济发展的重要因素，也是推动文化发展的重要因素。“互联网+教育”技术的运用，使收集、选择、传递、储存文化资源的手段和方式发生了根本变革，极大地促进了中华文化的传播、继承与发展。</p><p>③教育是人类特有的传承文化的能动性活动，具有选择、传递、创造文化的特定功能，在人的教化和培育上始终扮演着重要角色，“互联网 + 教育”有利于提高公民的思想道德修养和科学文化修养。</p><p>④教育是民族振兴和社会进步的基石，科技是第一生产力。“互联网+教育”的发展有利于促进社会主义精神文明建设的发展，推动文化强国目标的实现。</p>', '8');
DELETE FROM edu_course_exercise_comment WHERE id='2167987';
INSERT INTO edu_course_exercise_comment (id, path, course_exercise_qa_id, comment) VALUES ('2167987', ',2167987', '2167987', '<p>本题考查文化的影响。答题时注意以下几点：第一，审清题目，本题要求运用文化生活知识作答；第二，回归题干，结合材料谈谈对“互联网+教育”的认识；第三，组织答案，联系课本知识点，可从生产力的发展促进生产关系的变革，从而促进文化的发展和科技创新促进文化发展的角度思考，注意分条答题，条理清晰。</p>');
DELETE FROM edu_course_exercise WHERE id='194131';
INSERT INTO edu_course_exercise (id, question_type, course_id, content, easy_error, source, dw_checked, is_pk) VALUES ('194131', '15', '22222222', '<p>材料二：</p><p>       在“互联网+”背景下，互联网金融与传统金融是继承和发展的关系，我们应该把互联网金融健康发展放在整个金融业创新发展的大局之中去考虑，既要顺应信息技术发展的趋势，支持并规范互联网金融新业态的发展，同时又要鼓励传统金融机构，利用互联网技术开展产品和服务创新，转变发展方式，构建主流业态与新型业态协调发展的金融体系。</p>', '', '2016年安徽省教师招聘考试学科专业知识 （中学政治）第31题', '1', '0');
DELETE FROM edu_course_exercise_qa WHERE id='2167992';
INSERT INTO edu_course_exercise_qa (id, course_exercise_id, type, question, cando, answer, total_score) VALUES ('2167992', '194131', '15', '<p>结合材料二，运用唯物辩证法知识，分析我们对待互联网金融的正确态度。</p>', '1', '<p>①唯物辩证法认为，世界上没有一成不变的事物，物质世界就是一个永恒变化发展着的世界。随着经济社会的变化发展，互联网金融便捷的服务正被越来越多的人认可，也将转变人们的消费习惯。</p><p>②发展的实质是新事物的产生和旧事物的灭亡，唯物辩证法认为，世界上任何事物的变化，都是量变和质变的统一。要做好量的准备，促进事物的质变。互联网金融的发展也必然要经历一个由简单到复杂，由低级到高级的发展过程。</p><p>③唯物辩证法认为，事物发展的总趋势是前进的，而发展的道路则是迂回曲折的。我们要支持新事物，培养创新精神，支持互联网金融，促使其成长壮大。</p><p>④矛盾具有普遍性，矛盾存在于一切事物中，即事事有矛盾；矛盾贯穿于每一事物 发展过程的始终，即时时有矛盾。我们要承认矛盾，分析矛盾，勇于揭露矛盾，积极寻找正确的方法解决矛盾。对于互联网金融的崛起，我们也要承认矛盾，揭露矛盾，从而正确解决互联网金融发展过程中的问题与不足。</p><p>⑤事物的性质主要由主要矛盾和矛盾的主要方面决定，要求我们善于抓住主流，坚持两点论与重点论的统一。对于互联网金融发展带来的冲击与影响，我们要加以重视对待。</p>', '8');
DELETE FROM edu_course_exercise_comment WHERE id='2167992';
INSERT INTO edu_course_exercise_comment (id, path, course_exercise_qa_id, comment) VALUES ('2167992', ',2167992', '2167992', '<p>本题考查的是运用辩证发展眼光看问题。树立全局观念，立足整体统筹全局，树立创新意识，辩证看待问题。</p><p>答题时注意以下几点。第一，审清题目，辩证唯物论主要包括两个原理：物质和意识的辩证关系（包括物质决定意识，意识对物质具有能动作用），客观规律性与主观能动性的辩证关系。第二，回归题干，结合材料中“互联网 + 教育”，将原理与材料结合。第三，组织答案，从材料出发，注意分条答题，条理清晰。</p>');
DELETE FROM edu_course_exercise WHERE id='194132';
INSERT INTO edu_course_exercise (id, question_type, course_id, content, easy_error, source, dw_checked, is_pk) VALUES ('194132', '15', '22222222', '<p>下面是某老师在教学普通高中思想政治必修一《经济生活》第九课第一框《市场 配置资源》内容时的导入环节。</p><p>【多媒体展示图片一】中国主要资源的分布图</p><p>【多媒体展示图片二】中国主要资源人均占有量及世界排名柱状图</p><p>【教师提问】图一和图二说明了什么问题？</p><p>【学生探究后回答】说明我国主要资源人均占有量少。</p><p>【教师总结引导】同学们回答得非常好。虽然我国一些主要资源总量位居世界前列，但是由于人口基数大，人均资源占有量很少。因此，人们对资源的庞大需求与资源的有限性之间存在着尖锐的矛盾。那么怎样才能缓解这一矛盾呢？</p><p>【学生探究】略。</p><p>【学生得出结论】必须对资源进行合理配置。</p><p>【教师引导】对，我们要对资源进行合理配置。综观世界，各国对资源的配置有两种 基本手段，即计划配置资源和市场配置资源。那么，我国为什么要发挥市场在资源配置中的决定性作用呢？市场配置资源又有哪些局限性呢？面对这些局限性，我们又该怎么办呢？本节课就让我们共同学习“市场配置资源”的有关问题。</p>', '', '2016年安徽省教师招聘考试学科专业知识 （中学政治）第32题', '1', '0');
DELETE FROM edu_course_exercise_qa WHERE id='2167996';
INSERT INTO edu_course_exercise_qa (id, course_exercise_id, type, question, cando, answer, total_score) VALUES ('2167996', '194132', '15', '<p>  问题：请运用思想政治学科教学论的相关知识，分析上述导入环节的优点。</p>', '1', '<p>导入环节的优点如下。</p><p>①通过多媒体展示图片有利于吸引学生注意力，有利于把抽象化为直观，让学生容易理解。从“中国主要资源的分布图”“中国主要资源人均占有量及世界排名柱状图”出发，引导学生对资源配置问题进行思考，调动学生学习的积极性。</p><p>②让学生探究回答，有利于学生养成学习的主动性，有利于培养学生合作精神。</p><p>③教师在总结中提出新的问题，形成悬念，激发学生主动学习的兴趣，引导学生自主探究，有利于提高学生的分析能力。</p>', '6');
DELETE FROM edu_course_exercise_comment WHERE id='2167996';
INSERT INTO edu_course_exercise_comment (id, path, course_exercise_qa_id, comment) VALUES ('2167996', ',2167996', '2167996', '<p>本题考查导入环节的作用。新课导入在教学中占据着非常重要的作用。 一个好的导入设计可以吸引学生的注意力，激发学生的兴趣，促进学生思维，明确学习目标，形成学习动机，对一节课的成败起到至关重要的作用。在设计导入时要密切联系课程特点，有的放矢，选取适合的导入类型。</p><p>首先，分析导入环节的优点，导入是一节课的开始，为整节课奠定一个良好的开端；其次，结合导入环节的作用，分析本案例，将理论和实践结合。</p>');
DELETE FROM edu_course_exercise WHERE id='194133';
INSERT INTO edu_course_exercise (id, question_type, course_id, content, easy_error, source, dw_checked, is_pk) VALUES ('194133', '15', '22222222', '<p>下面是普通高中思想政治必修三《文化生活》第五课第二节“文化创新的途径” 教学片段。</p><p>【多媒体展示图片】徐悲鸿画的奔马</p><p>【教师讲解、提问】近现代喜欢画马的画家很多，然而最具代表性的人物当然非徐悲鸿莫属。徐悲鸿以写生入手，又吸取了西方画的长处，成功地塑造了奔马的崭新形象。徐悲鸿在画马的技巧上是如何创新的？</p><p>【学生回答】略。</p><p>【教师小结】徐悲鸿是在融合东西方绘画技艺的基础上实现创新的。不同文化之间的交流与融合，既是人类文明发展的重要动力，也是文化创新必然要经历的过程。所以文化创新需要面向世界，博采众长。</p><p>【教师过渡】在文化交流、融合过程中，我们应该怎样对待外来文化呢？对待外来文化一般有三种不同的观点。</p><p>【多媒体展示】三种不同的观点</p><p>观点一：外来文化是先进文化，应该照搬过来。</p><p>观点二：外来文化和传统文化不相融，应该坚决抵制。</p><p>观点三：外来文化有优秀的部分，也有落后的部分，我们应该结合自身发展的需要，有选择性地借鉴和吸收。</p><p>【观点评析】请你谈谈对上述三种观点的认识。</p><p>【学生探究】略。</p><p>【教师总结】</p><p>观点一：根本否定传统文化，是民族虚无主义和历史虚无主义的表现，是错误观点。 </p><p>观点二：固守本民族传统文化，拒绝接受任何外来文化，是守旧主义和封闭主义的表现，也是错误的观点。</p><p>观点三：才是我们对待外来文化的正确态度。在文化创新过程中，我们要正确处理当代文化与传统文化、本民族文化与外来文化的关系，反对守旧主义和封闭主义、民族虚无主义和历史虚无主义的错误倾向。</p><p>【体验践行】结合文化创新的知识，请你为中国申办2022年冬奥会设计会徽。要求体现奥运精神，具有民族特色。</p>', '', '2016年安徽省教师招聘考试学科专业知识 （中学政治）第33题', '1', '0');
DELETE FROM edu_course_exercise_qa WHERE id='2167997';
INSERT INTO edu_course_exercise_qa (id, course_exercise_id, type, question, cando, answer, total_score) VALUES ('2167997', '194133', '15', '<p>问题：请你谈谈教学片段是如何体现普通高中思想政治课程标准中的教学建议的。</p>', '1', '<p>①围绕议题，展开活动型学科课程教学设计的思路。注重学科知识与生活主题相结合，教师运用多媒体展示徐悲鸿画的马，从画马联系到对待文化的态度，把原理融入生活题材之中，做到了知识与生活相结合。</p><p>②强化辨析，实现积极价值引领的路径。坚持正确价值导向，采用灵活的教学策略，通过展示不同观点，引导学生对观点进行思考和辨析。教师引导学生思考画马的技巧是如何创新的，之后分析外来文化以及对待外来文化的态度，引导学生在价值冲突中识别观点，进而有效地提高学生理解、分析能力。</p><p>③优化案例，着眼于综合性教学的情境创设。以徐悲鸿画马为案例，在引入多种观点进行辨析的同时，不断优化案例，创设探究情境，引导学生从中思考对待外来文化的正确态度，充分发挥学生的个性，以培养求真务实的态度和创新精神。</p><p>④走出教室，开展社会实践活动。在本课理论学习的基础上，回归生活，强化实践 环节，丰富教学内容，为冬奥会设计会徽，提高学生社会参与能力，实践所学理论。</p>', '8');
DELETE FROM edu_course_exercise_comment WHERE id='2167997';
INSERT INTO edu_course_exercise_comment (id, path, course_exercise_qa_id, comment) VALUES ('2167997', ',2167997', '2167997', '<p>本题考查的是普通高中思想政治课程标准中的教学建议。</p><p>答题时注意以下几点：第一，审清题目，从普通高中思想政治课程标准中的教学建 议方面作答；第二：回归高中课程标准，查找相关的教学建议，即“围绕议题，展开活动型学科课程教学设计的思路；强化辨析，实现积极价值引领的路径；优化案例，着眼于综合性教学的情境创设；走出教室，开展社会实践活动”，将理论与实践结合；第三，组织答案，从案例出发，注意分条答题，条理清晰。</p>');
DELETE FROM edu_course_exercise WHERE id='194135';
INSERT INTO edu_course_exercise (id, question_type, course_id, content, easy_error, source, dw_checked, is_pk) VALUES ('194135', '15', '22222222', '<p>阅读材料，回答问题。</p><p>       材料一：漫画“落网”。</p><p><img width="247px" height="234px" src="https://fb.fbstatic.cn/api/tarzan/images/16228282cf1888d.png?width=700" /></p><p>      材料二：习近平总书记指出：要加强对权力运行的制约和监督，让人民监督权力，让权力在阳光下运行，把权力关进制度的笼子里。坚持“老虎”“苍蝇”一起打，坚决做到有腐必反，有贪必肃。</p>', '', '2015年浙江省教师招聘考试学科专业知识（中学政治）第33题', '1', '0');
DELETE FROM edu_course_exercise_qa WHERE id='2168018';
INSERT INTO edu_course_exercise_qa (id, course_exercise_id, type, question, cando, answer, total_score) VALUES ('2168018', '194135', '15', '<p>漫画“落网”是公民积极行使哪一项政治权利的表现？网民“网曝”问题官员必须注意哪些问题？</p>', '1', '<p>①漫画中公民行使的是监督权。</p><p>②网民“网曝”问题官员时应注意以下四点。</p><p>第一，行使监督权时要尊重他人的权利，不得损害和侵犯他人的权利。坚持权利与义务相统一的原则。</p><p>第二，行使监督权要在法律许可的范围内，履行遵守宪法和法律的义务。</p><p>第三，行使监督权时应当实事求是，以事实为依据，如实反映情况，必要时出示证据和证明材料。<br></p><p>第四，在网络中要冷静思考，不造谣、不传播不实信息。</p>', '4');
DELETE FROM edu_course_exercise_qa WHERE id='2168019';
INSERT INTO edu_course_exercise_qa (id, course_exercise_id, type, question, cando, answer, total_score) VALUES ('2168019', '194135', '15', '<p>结合材料二和所学知识，谈谈政府应该采取哪些措施才能做到“把权力关进制度的笼子里”。</p>', '1', '<p>①有效制约和监督权力的关键是要健全权力运行的制约和监督体系。一 靠民主，二靠法制。</p><p>第一，发挥人民民主对权力的制约和监督，要切实保障广大人民的知情权、参与权、表达权、监督权，使人民能够有效地监督政府权力的运行。</p><p>第二，加强法制对权力的制约和监督，坚持用制度管权、管事、管人。</p><p>②健全行政监督体系，包括行政系统内部的监督，如上级政府、司法部门等；发挥行政系统外部的监督，如国家权力机关的监督、人民政协的监督、社会与公民的监督等。</p><p>总之，政府要让权力在阳光下运行，政务公开，这样才能把权力关进制度的笼子里。</p>', '6.0');
DELETE FROM edu_course_exercise_comment WHERE id='2168018';
INSERT INTO edu_course_exercise_comment (id, path, course_exercise_qa_id, comment) VALUES ('2168018', ',2168018', '2168018', '<p>①漫画中公民行使的是监督权。</p><p>②网民“网曝”问题官员时应注意以下四点。</p><p>第一，行使监督权时要尊重他人的权利，不得损害和侵犯他人的权利。坚持权利与义务相统一的原则。</p><p>第二，行使监督权要在法律许可的范围内，履行遵守宪法和法律的义务。</p><p>第三，行使监督权时应当实事求是，以事实为依据，如实反映情况，必要时出示证据和证明材料。<br></p><p>第四，在网络中要冷静思考，不造谣、不传播不实信息。</p>');
DELETE FROM edu_course_exercise_comment WHERE id='2168019';
INSERT INTO edu_course_exercise_comment (id, path, course_exercise_qa_id, comment) VALUES ('2168019', ',2168019', '2168019', '<p>本题考查有效制约和监督政府行使权力的措施。</p>');
DELETE FROM edu_course_exercise WHERE id='194136';
INSERT INTO edu_course_exercise (id, question_type, course_id, content, easy_error, source, dw_checked, is_pk) VALUES ('194136', '15', '22222222', '<p>近年来，转变经济发展方式成为我国政府高度重视的问题。阅读下列材料，回答相关问题。</p><p>       材料一：</p><p>       十八届三中全会提出，要形成主要由市场决定价格的机制。凡是能由市场形成价格的都交给市场，让资源的配置与价格的涨跌和供求的变化联系起来，政府不进行不当干预。推进水、石油、天然气、电力、交通、电信等领域的价格改革，放开竞争性环节的价格。政府定价范围主要限定在重要公用事业、公益性服务环节，提高透明度， 接受社会监督。</p>', '', '2015年浙江省教师招聘考试学科专业知识（中学政治）第35题', '1', '0');
DELETE FROM edu_course_exercise_qa WHERE id='2168083';
INSERT INTO edu_course_exercise_qa (id, course_exercise_id, type, question, cando, answer, total_score) VALUES ('2168083', '194136', '15', '<p>根据材料一，运用经济生活的知识，分析如何发挥市场在资源配置中的决定性作用。</p>', '1', '<p>①按价值规律的要求办事，发挥价格对资源配置的调节作用。</p><p>②发挥供求对市场配置资源的作用，提高资源利用效率。</p><p>③开展有序竞争，反对不良竞争，让市场在竞争中实现资源的优化配置。</p><p>④强化政府监管职能，加强法制建设，遏制恶性竞争，保障公平竞争，维护市场秩序。</p>', '8');
DELETE FROM edu_course_exercise_comment WHERE id='2168083';
INSERT INTO edu_course_exercise_comment (id, path, course_exercise_qa_id, comment) VALUES ('2168083', ',2168083', '2168083', '<p>本题考查的是发挥市场资源配置的具体措施。定位《经济生活》，结合材料作答。市场对资源的配置主要是通过价格、竞争和供求等发挥作用来实现的。因此，要使市场在资源配置中起决定性作用，发挥价格对资源配置的调节作用；发挥供求对市场配置资源的作用；让市场在竞争中实现资源的优化配置；同时政府要加强宏观调控，维护市场秩序，弥补市场失灵。</p>');
DELETE FROM edu_course_exercise WHERE id='194139';
INSERT INTO edu_course_exercise (id, question_type, course_id, content, easy_error, source, dw_checked, is_pk) VALUES ('194139', '15', '22222222', '<p>       材料二：</p><p>       2013 年 11 月 3 日，国务院发布了《关于化解产能严重过剩矛盾的指导意见》，要求有效化解钢铁、水泥、船舶等行业产能严重过剩矛盾。对产能严重过剩行业，要根据行业特点，开展有选择、有侧重、有针对性的化解工作。2014 年中央经济工作会议指出，大力调整产业结构，要着力抓好化解产能过剩和实施创新驱动发展。坚定不移化解产能过剩，不折不扣执行好中央化解产能过剩的决策部署，通过化解产能过剩带动我国经济发展方式的转变。</p>', '', '2015年浙江省教师招聘考试学科专业知识（中学政治）第36题', '1', '0');
DELETE FROM edu_course_exercise_qa WHERE id='2168109';
INSERT INTO edu_course_exercise_qa (id, course_exercise_id, type, question, cando, answer, total_score) VALUES ('2168109', '194139', '15', '<p>请运用认识和改造世界的根本方法对材料二进行简要分析。</p>', '1', '<p>①矛盾的普遍性、客观性要求我们要承认矛盾，勇于揭露矛盾，并积极寻找正确的方法解决矛盾。面对我国产能严重过剩矛盾，国务院发布了《关于化解产能严重过剩矛盾的指导意见》。</p><p>②矛盾的特殊性要求我们具体问题具体分析。对产能严重过剩行业，要根据行业特点，开展有选择、有侧重、有针对性的化解工作。</p><p>③主要矛盾对事物发展起决定作用，要抓主要矛盾。大力调整产业结构，着力抓好化解产能过剩和实施创新驱动发展。</p><p>④矛盾双方在一定条件下可以相互转化，通过化解产能过剩带动我国经济发展方式的转变。</p>', '8');
DELETE FROM edu_course_exercise_comment WHERE id='2168109';
INSERT INTO edu_course_exercise_comment (id, path, course_exercise_qa_id, comment) VALUES ('2168109', ',2168109', '2168109', '<p>本题考查的是认识和改造世界的根本方法，即运用矛盾分析法解答问题。我国当前相关产业产能过剩，体现了矛盾的普遍性和客观性，要承认矛盾；有针对性地开展产能过剩的化解工作，体现了具体问题具体分析；要着力抓好化解产能过剩和实施创新驱动发展，体现了抓主要矛盾；化解产能过剩，体现了矛盾双方在一定条件下可以相互转化。</p>');
DELETE FROM edu_course_exercise WHERE id='194142';
INSERT INTO edu_course_exercise (id, question_type, course_id, content, easy_error, source, dw_checked, is_pk) VALUES ('194142', '15', '22222222', '<p align="center">神圣的权利 庄严的义务</p><p>       我们是中华人民共和国公民，宪法和法律规定了我们的权利与义务。公民的权利是法定的、神圣的、不可非法剥夺的；公民的义务也是法定的、庄严的、不容推卸的。我 们的全部政治生活，是以依法行使政治权利、履行政治义务为基础的。</p><p>       公民依法参与国家政治生活、管理国家事务和社会事务、表达意愿的权利和自由， 就是公民的政治权利和自由。我国宪法对公民的政治权利和自由作了明确的规定。</p><p>       选举权与被选举权。我国宪法规定：“中华人民共和国年满十八周岁的公民，不分民族、种族、性别、职业、家庭出身、宗教信仰、教育程度、财产状况、居住期限，都有选举权和被选举权；但是依照法律被剥夺政治权利的人除外。”全国人民代表大会和地方   各级人民代表大会选举法规定，公民依法享有选举国家权力机关代表和被选为国家权力机关代表的权利。选举权和被选举权是公民基本的民主权利，行使这个权利是公民参与管理国家和管理社会的基础和标志。</p><p>       政治自由。我国宪法规定：“中华人民共和国公民有言论、出版、集会、结社、游行、示威的自由。”人民参与国家政治生活，充分表达自己的意愿，这是人民行使当家作主权利的重要方式，是社会主义民主的具体表现。国家制定相应的法律，创造各种条件， 保障公民真正享有和行使政治自由。</p><p>       监督权。我国宪法规定：“中华人民共和国公民对于任何国家机关和国家工作人员，有提出批评和建议的权利；对于任何国家机关和国家工作人员的违法失职行为，有向有关国家机关提出申诉、控告或者检举的权利，但是不得捏造或者歪曲事实进行诬告陷   害。”公民的监督权包括批评权、建议权、申诉权、控告权和检举权等。</p><p>       我国宪法在规定公民享有广泛的政治权利和自由的同时，也规定了公民必须履行的政治义务，即公民对国家、社会应承担的政治责任。</p><p>       维护国家统一和民族团结。我国是统一的多民族国家。国家的统一、民族的团结，是我国顺利进行社会主义现代化建设的根本保证，也是实现公民的政治权利和其他权利的重要保证。因此，每个中国公民都应当把自己的命运与国家盛衰、民族兴亡紧密联系在一起，自觉地履行维护国家统一和民族团结的义务。</p><p>       遵守宪法和法律。宪法和法律是党的主张和人民意志相统一的体现，是公民根本的行为准则。遵守宪法和法律是我们应尽的义务。</p><p>       维护国家安全、荣誉和利益。维护国家安全、荣誉和利益，是实现国家富强、民族振兴的重要保证，是公民爱国的表现，是每个公民义不容辞的职责。</p><p>       服兵役和参加民兵组织。依照法律服兵役和参加民兵组织是公民的光荣义务。为了保卫祖国，我们要自觉履行这项义务。</p><p>       ——教学内容选自（人教版）高中《思想政治必修 2  政治生活》第一单元第一课第二框“生活中的政治权利与义务”。</p>', '', '2015年浙江省教师招聘考试学科专业知识（中学政治）第37题', '1', '0');
DELETE FROM edu_course_exercise_qa WHERE id='2168177';
INSERT INTO edu_course_exercise_qa (id, course_exercise_id, type, question, cando, answer, total_score) VALUES ('2168177', '194142', '15', '<p>根据以上材料编写一个教学设计。（要求写出教学目标和教学过程）</p>', '1', '<p>（1）教学目标</p><p>知识目标：了解公民的政治权利和自由的概念，识记公民的政治权利和自由的内容，识记公民的政治义务的内容，理解政治自由与法律的关系。</p><p>能力目标：运用案例分析问题的能力。</p><p>情感态度价值观目标：初步形成权利意识、义务观念，树立正确的权利义务观。</p><p>（2）教学过程环节一：导入</p><p>请学生展示课前收集的材料、事例、图片。（投票选举人民代表、奥运健儿获金牌、国歌响起小学生雨中敬礼、征兵宣传图片、游行示威、市长信箱……）</p><p>教师：同学们收集的资料中哪些涉及公民的权利，哪些涉及公民的义务？</p><p>学生：投票选举人民代表、游行示威、市长信箱涉及权利，奥运健儿获金牌、国歌响起小学生雨中敬礼、征兵宣传图片涉及义务。</p><p>教师：（肯定学生的展示和回答）通过上一节课的学习，我们知道，我国是人民当家作主的国家，公民与国家形成了和谐统一的新型关系，这种关系体现在公民的权利与义   务的统一。这节课我们就要探究公民有哪些政治权利，应履行哪些政治义务。</p><p>环节二：讲授新课</p><p>教师：同学们是如何区分收集材料中的权利和义务的？ </p><p>学生：依据是否体现人民当家作主、是否需要奉献等。<br></p><p>教师：请根据老师提供的材料（选举中的弃权票、宪法法律条文等），同桌讨论——权利与义务有什么相同和不同之处呢？</p><p>同桌代表发言：相同点是法定的，不同点是权利可以放弃，义务不可以放弃。</p><p>教师总结并引导出公民政治权利和自由的概念。（公民的权利是法定的、神圣的、不可非法剥夺的；公民的义务也是法定的、庄严的、不容推卸的。我们的全部政治生活是  以依法行使政治权利、履行政治义务为基础的。公民依法参与国家政治生活、管理国家   事务和社会事务、表达意愿的权利和自由，就是公民的政治权利和自由。我国宪法对公   民的政治权利和自由作了明确的规定。）</p><p>教师：了解了公民政治权利和自由的概念，那么公民政治权利和自由包含哪些具体 内容呢？接下来我们一一进行学习。</p><p>①选举权和被选举权</p><p>多媒体展示人民代表选票和人大代表的选举活动的图片。教师：同学们参加过选举吗？为什么？</p><p>学生：没有，还没满十八周岁，不具备选举和被选举的资格。</p><p>学生：我国宪法规定：“中华人民共和国年满十八周岁的公民，不分民族、种族、性别、职业、家庭出身、宗教信仰、教育程度、财产状况、居住期限，都有选举权和被选   举权；但是依照法律被剥夺政治权利的人除外。”</p><p>教师：公民的选举权和被选举权指的是公民选举国家权力机关的代表和被选为国家 权力机关代表的权利。这是公民基本的民主权利，行使这个权利是公民参与国家管理的   基础和标志。</p><p>②政治自由</p><p>教师：关于政治自由，我国宪法又是怎么规定的呢？</p><p>学生：我国宪法规定：“中华人民共和国公民有言论、出版、集会、结社、游行、示威的自由。”</p><p>教师：政治自由是公民表达民意、参加社会生活和国家生活的基本手段和途径，在合法的范围内，这些手段的行使可以免于国家政治干预，故称之为政治自由。</p><p>多媒体展示网络中的言论：“政治自由就是人们可以无拘无束，想说什么就说什么，想干什么就干什么。”</p><p>教师：政治自由是否像网络中说的是无拘无束的呢？以此为辩论题，我们开展小小辩论赛。<br></p><p>正方同学：政治自由是无拘无束的，如果有那么多拘束，就不能称之为自由，所以就是想说什么就说什么。</p><p>反方同学：政治自由不是无拘无束的，是有条件限制的，是法律范围内的自由。</p><p>教师：经过激烈的辩论，同学们心中有了答案，政治自由不是绝对的自由，是法律范围内的自由。（简单介绍言论自由、出版自由、集会自由、结社自由、游行自由等。）</p><p>③监督权</p><p>教师：若在现实生活中发现国家机关及其工作人员的违法失职行为，应向哪些国家机关指控、告发、举报？</p><p>学生：反贪局、公安局。</p><p>教师：公民对于国家机关及其工作人员的违纪行为，可向各级纪委反映情况或控告、检举。对于国家机关及其工作人员的违法失职行为可向公安机关、检察院或法院揭发、举报。公民行使监督权方式多样，有批评权、建议权、检举权、申诉权和控告权。</p><p>教师：老师带领同学们学习了公民政治权利和自由，接下来请同学们结合课前分发 的资料包，自主学习公民的义务，并完成小活动——公民义务连连看。</p><p>总结：同学们自主学习能力明显提升，活动完成得又准又快。维护国家统一和民族 团结，遵守宪法和法律，维护国家安全、荣誉和利益，服兵役和参加民兵组织，都是我们作为公民应尽的义务，也是义不容辞的责任。</p><p>环节三：巩固提高</p><p>教师：课程接近尾声，请同学总结本节课所学内容。</p><p>学生：公民的政治权利和自由以及公民的义务。</p><p>环节四：布置作业</p><p>教师：通过本节课，我们学习了公民的政治权利和自由以及公民的义务，请同学们以“公民依法享有哪些政治权利、必须履行哪些政治义务”为题，自制一张示意图。</p><p>环节五：板书设计<br></p><p><img width="535px" height="227px" src="https://fb.fbstatic.cn/api/tarzan/images/1622860d4927530.png?width=700" /></p>', '20');
DELETE FROM edu_course_exercise_comment WHERE id='2168177';
INSERT INTO edu_course_exercise_comment (id, path, course_exercise_qa_id, comment) VALUES ('2168177', ',2168177', '2168177', '<p>本题考查教学设计能力。首先，分析题干内容，题目是《神圣的权利庄严的义务》，课程内容是公民的权利和义务，学段是高中一年级。其次，分析要求，要  求是写出教学目标和教学过程。</p>');
DELETE FROM edu_course_exercise WHERE id='194157';
INSERT INTO edu_course_exercise (id, question_type, course_id, content, easy_error, source, dw_checked, is_pk) VALUES ('194157', '15', '22222222', '<p>信息产业是经济增长的引擎，是国民经济的重要战略性支柱产业。阅读材料，回答下列问题。</p><p>       材料一：2012 年 4 月以来我国电子信息产品出口额情况。</p><p><img width="652px" height="277px" src="https://fb.fbstatic.cn/api/tarzan/images/1622884d696f641.png?width=700" /></p><p>       材料二：2013年7月12日，国务院在听取了有关信息专家和部分群众的意见和建议后，研究制定了促进信息消费、扩大内需实施意见和具体政策，从加强信息基础设施建设、增强信息产品的供给能力、培育信息消费需求、营造发展环境、提升公共服务信息化水平等方面采取具体措施，建立促进信息消费持续稳定增长的长效机制，努力将信息消费培育成新的经济增长点。</p>', '', '2014年天津市教师招聘考试学科专业知识（中学政治）第16题', '1', '0');
DELETE FROM edu_course_exercise_qa WHERE id='2168305';
INSERT INTO edu_course_exercise_qa (id, course_exercise_id, type, question, cando, answer, total_score) VALUES ('2168305', '194157', '15', '<p>材料一反映了哪些经济信息？请你运用经济生活知识，结合材料一和材料二，分析说明我国促进信息消费、扩大内需的原因。</p>', '1', '<p>经济信息：2012年 4 月以来，我国电子信息产品出口总额较快增长。</p><p>2013年的增速基本高于2012年。但是我国电子信息产业结构不合理，与发达国家存在差距，需优化结构。</p><p>原因如下：</p><p>①消费对生产具有反作用，一个新的消费热点的出现，往往能带动一个产业的出现和成长。消费拉动经济增长，促进生产发展，信息消费作为新的消费热点，带动其他产业的出现和成长。</p><p>②促进信息消费、扩大消费需求能够促进产业结构优化升级，转变经济发展方式。</p><p>③促进信息消费、扩大消费需求能够满足人民日益增长的美好生活需要，提高人民生活水平。</p><p>④促进信息消费、扩大内需是贯彻落实科学发展观的必然要求，是坚持以人为本的体现。</p>', '7');
DELETE FROM edu_course_exercise_qa WHERE id='2168308';
INSERT INTO edu_course_exercise_qa (id, course_exercise_id, type, question, cando, answer, total_score) VALUES ('2168308', '194157', '15', '<p>根据材料二，分析说明国务院制定上述措施的政治生活依据。</p>', '1', '<p>①国务院是国家权力机关的执行机关，是最高国家行政机关，具有组织社会主义经济建设的职能。材料中制定的具体措施有利于促进社会经济发展，提高生产力水平和人民生活水平。</p><p>②国务院在听取了有关信息专家和部分群众的意见和建议的基础上，制定相关政策，体现了我国政府为人民服务的宗旨和对人民负责的基本原则。</p><p>③国务院制定的相关政策是在听取有关专家和群众的意见后制定的，体现了政府科学决策、民主决策，有利于决策的科学化和民主化，提高决策水平。</p>', '8');
DELETE FROM edu_course_exercise_comment WHERE id='2168305';
INSERT INTO edu_course_exercise_comment (id, path, course_exercise_qa_id, comment) VALUES ('2168305', ',2168305', '2168305', '<p>本题包括两问，第一问为读图题：一看标题，明确变量；二结合图标，明确信息；三看小注，补充归纳。第二问为分析原因题：一读问题，定范围；二读材  料，划关键；三列提纲，理思路；四写答案，原加材（原理加材料）。本题可从消费的反作用；转变经济发展方式，优化产业结构；贯彻落实科学发展观；全面建成小康社会等角度作答。</p>');
DELETE FROM edu_course_exercise_comment WHERE id='2168308';
INSERT INTO edu_course_exercise_comment (id, path, course_exercise_qa_id, comment) VALUES ('2168308', ',2168308', '2168308', '<p>题干已限定知识范围为政治生活知识，限定材料二，题型为分析原因。国务院即政府，可从政府的性质、职能、宗旨、基本原则、科学决策等角度作答。</p>');
DELETE FROM edu_course_exercise WHERE id='194158';
INSERT INTO edu_course_exercise (id, question_type, course_id, content, easy_error, source, dw_checked, is_pk) VALUES ('194158', '15', '22222222', '<p>材料：</p><p>       文化具有引领风尚、教育人民、服务社会、推动发展的作用。在新的历史条件下，大力弘扬中华优秀传统文化有助于实现伟大的中国梦。</p>', '', '2014年天津市教师招聘考试学科专业知识（中学政治）第18题', '1', '0');
DELETE FROM edu_course_exercise_qa WHERE id='2168317';
INSERT INTO edu_course_exercise_qa (id, course_exercise_id, type, question, cando, answer, total_score) VALUES ('2168317', '194158', '15', '<p>利用文化生活的知识，分析中国传统文化有利于实现中国梦的原因以及如何运用中国传统文化实现中国梦。</p>', '1', '<p>原因如下：</p><p>①一定的文化由一定的经济、政治决定，又反作用于一定的政治、经济，给政治、经济以重大影响。文化具有引领风尚、教育人民、服务社会、推动发展的作用。在新的历史条件下，大力弘扬中华优秀传统文化有助于实现伟大的中国梦。</p><p>②传统文化具有相对稳定性。中国优秀的传统文化能够顺应社会生活的变迁，不断满足人们日益增长的精神需求，以自己独特的魅力推动中国梦的实现。</p><p>③传统文化具有鲜明的民族性。中国传统文化是维系民族生存和发展的精神纽带，能够为中华民族屹立于世界民族之林提供强大的精神滋养。</p><p>④根植于优秀传统文化中的中华民族精神，是支撑中华民族生存、发展的精神支柱，是推动中华民族走向繁荣、强大的精神动力。</p><p>做法如下：</p><p>①用中华优秀传统文化助推中国梦，要推动文化走进大众，要加强中华优秀传统文化教育，纳入家庭教育、学校教育、社会教育。推动中华文化走出去，着力构建中华文化的对外立体传播体系，提高国际话语权，讲好中国故事，传播好中国声音，把跨越时空、超越国度、富有永恒魅力、具有当代价值的中华优秀传统文化精神弘扬起来，把立足本国又面向世界的中华优秀传统文化创新成果传播出去，不断增强中华文化的竞争力、影响力和感召力。</p><p>②用中华优秀传统文化助推中国梦，要推动传统文化有效传承。不忘本才能开辟未来，善于继承才能更好创新。要构建中华优秀传统文化传承体系，利用好社会技术、科学制度、思想运动和教育等，使优秀传统文化薪火相传，为中华民族生生不息、发展壮大提供丰厚的滋养。</p><p>③用中华优秀传统文化助推中国梦，关键要推动传统文化创新。要创新传统文化表达方式、创新传统文化传承方法。要推陈出新、革故鼎新，促进不同民族文化之间相互交流、借鉴与融合。</p>', '15');
DELETE FROM edu_course_exercise_comment WHERE id='2168317';
INSERT INTO edu_course_exercise_comment (id, path, course_exercise_qa_id, comment) VALUES ('2168317', ',2168317', '2168317', '<p>题干已限定知识范围为文化生活知识。一读问题，定范围；二读材料，</p><p>划关键；三列提纲，理思路；四写答案，原加材（原理加材料）。本题分为两问，第一问 分析原因，第二问分析怎么做。原因可从文化的反作用、传统文化特点、民族精神等角   度作答。怎么做可从文化的传播、继承、创新等角度作答。</p>');
DELETE FROM edu_course_exercise WHERE id='194159';
INSERT INTO edu_course_exercise (id, question_type, course_id, content, easy_error, source, dw_checked, is_pk) VALUES ('194159', '15', '22222222', '<p>阅读以下两则材料并回答问题。</p><p>材料一：</p><p>       本次会议将是中共中央委员会自去年换届以来第三次举行会议，历史上的三中全会往往是中国实现经济改革的“跳板”。</p><p align="right">——路透社</p><p>材料二：</p><p>       中国执政者的勇气和决心将决定新一轮改革的成败。在十八届三中全会后，中国亟待推进的多项改革，其目标和路径都已明确。</p><p align="right">——新加坡《联合早报》</p>', '', '2014年浙江省教师招聘考试学科专业知识（中学政治）第33题', '1', '0');
DELETE FROM edu_course_exercise_qa WHERE id='2168328';
INSERT INTO edu_course_exercise_qa (id, course_exercise_id, type, question, cando, answer, total_score) VALUES ('2168328', '194159', '15', '<p>结合材料一写出十一届三中全会的全称、召开时间（精确到年月）及主要内容。</p>', '1', '<p>①十一届三中全会的全称是：中国共产党第十一届中央委员会第三次全体会议。</p><p>②召开时间：1978年12月。</p><p>③会议主要内容：彻底否定了“两个凡是”的方针，重新确立了马克思主义实事求是的思想路线，抛弃了“以阶级斗争为纲”这个不适用于社会主义社会的口号，决定把全党工作的重点转移到社会主义现代化建设上来；明确指出党在新时期的历史任务是把我国建设成为社会主义现代化强国，揭开了社会主义改革开放的序幕；会议实际上形成了以邓小平为核心的党中央领导集体。</p>', '6');
DELETE FROM edu_course_exercise_qa WHERE id='2168330';
INSERT INTO edu_course_exercise_qa (id, course_exercise_id, type, question, cando, answer, total_score) VALUES ('2168330', '194159', '15', '<p>结合材料二回答全面深化改革的总目标。<br></p>', '1', '<p>党的十八届三中全会提出，全面深化改革的总目标是完善和发展中国特色社会主义制度，推进国家治理体系和治理能力现代化。</p>', '4');
DELETE FROM edu_course_exercise_comment WHERE id='2168328';
INSERT INTO edu_course_exercise_comment (id, path, course_exercise_qa_id, comment) VALUES ('2168328', ',2168328', '2168328', '<p>本题主要考查历史上特别重要的会议的时间及内容，平时要注意积累。</p>');
DELETE FROM edu_course_exercise_comment WHERE id='2168330';
INSERT INTO edu_course_exercise_comment (id, path, course_exercise_qa_id, comment) VALUES ('2168330', ',2168330', '2168330', '<p>本题主要考查对十八届三中全会内容的分析，注意平时对会议内容的区分和积累。</p>');
DELETE FROM edu_course_exercise WHERE id='194160';
INSERT INTO edu_course_exercise (id, question_type, course_id, content, easy_error, source, dw_checked, is_pk) VALUES ('194160', '15', '22222222', '<p> 材料一：</p><p>       涨薪潮正在“世界工厂”中国掀起。2010年，已有十几个省市调高最低工资标准，平均调幅10%以上。</p>', '', '2014年浙江省教师招聘考试学科专业知识（中学政治）第35题', '1', '0');
DELETE FROM edu_course_exercise_qa WHERE id='2168331';
INSERT INTO edu_course_exercise_qa (id, course_exercise_id, type, question, cando, answer, total_score) VALUES ('2168331', '194160', '15', '<p>社会上有人对增加工薪劳动者的收入提出质疑，有人认为，涨工资会引发通货膨胀，请对此观点进行评析。</p>', '1', '<p>涨工资会引发通货膨胀的观点太过于绝对，是错误的。引发通货膨胀的主要原因是货币发行量过多，并不是涨工资。</p><p>如果仅靠印发纸币来增加劳动者的收入，涨工资则会引发通货膨胀。</p><p>如果通过分配制度的改革和调整，在国民收入总量一定的前提下，合理地调整企业、 国家、个人的收入，提高居民收入在国民收入中所占比重，增加劳动者的收入，适当减少政府财政收入的比重和企业利润分配的比重，在这种情况下的涨工资不但不会引发通货膨胀，反而有利于维护社会的公平，更好地调动劳动者的积极性，提高人们生活水平，拉动内需，促进经济发展。</p><p>综上所述，涨工资不一定引发通货膨胀。</p>', '10');
DELETE FROM edu_course_exercise_comment WHERE id='2168331';
INSERT INTO edu_course_exercise_comment (id, path, course_exercise_qa_id, comment) VALUES ('2168331', ',2168331', '2168331', '<p>分析题注意先找评价的观点或者行为，然后对观点或者行为表明态度，寻找论据证明观点，最后可以总结一下。</p>');
DELETE FROM edu_course_exercise WHERE id='194161';
INSERT INTO edu_course_exercise (id, question_type, course_id, content, easy_error, source, dw_checked, is_pk) VALUES ('194161', '15', '22222222', '<p>材料二：</p><p>       十八大报告指出：“千方百计增加居民收入。实现发展成果由人民共享，必须深化收入分配制度改革，努力实现居民收入增长和经济发展同步、劳动报酬增长和劳动生产率提高同步，提高居民收入在国民收入分配中的比重，提高劳动报酬在初次分配中的比重。初次分配和再分配都要兼顾效率和公平，再分配更加注重公平。完善劳动、资本、技术、管理等要素按贡献参与分配的初次分配机制，加快健全以税收、社会保障、 转移支付为主要手段的再分配调节机制。深化企业和机关事业单位工资制度改革，推行企业工资集体协商制度，保护劳动所得。多渠道增加居民财产性收入。</p>', '', '2014年浙江省教师招聘考试学科专业知识（中学政治）第36题', '1', '0');
DELETE FROM edu_course_exercise_qa WHERE id='2168333';
INSERT INTO edu_course_exercise_qa (id, course_exercise_id, type, question, cando, answer, total_score) VALUES ('2168333', '194161', '15', '<p>从历史唯物主义的角度分析，为什么要提高居民收入在国民收入中的比重，要努力做到国强民富？</p>', '1', '<p>唯物史观从社会存在决定社会意识、生产方式决定社会发展的基本观点  出发，强调社会历史首先是物质生产发展的历史，是人民群众创造的历史。<br></p><p>人民群众是社会物质财富的创造者。从事物质资料生产、推动物质生产发展的人民群众，是推动社会历史发展的决定性力量。</p><p>人民群众是社会精神财富的创造者。人民群众的实践为精神财富的创造提供了必要的物质条件。</p><p>人民群众是社会变革的决定力量。人民群众通过推动生产力的发展而不断创造和改变社会关系，从而不断推动社会历史进步和发展。</p><p>提高居民收入在国民收入中的比重就是坚持群众观点和群众路线。一切为了群众，一切依靠群众。坚持人民的主体地位，保障人民的权益，更好地保证人民当家作主。</p>', '6');
DELETE FROM edu_course_exercise_comment WHERE id='2168333';
INSERT INTO edu_course_exercise_comment (id, path, course_exercise_qa_id, comment) VALUES ('2168333', ',2168333', '2168333', '<p>注意把握关键信息：从历史唯物主义的角度，提高居民的收入所占的比重，即需要从哲学上社会历史的主体——人民群众是历史的创造者角度进行阐述，并注 意理论联系材料。</p>');
DELETE FROM edu_course_exercise WHERE id='194192';
INSERT INTO edu_course_exercise (id, question_type, course_id, content, easy_error, source, dw_checked, is_pk) VALUES ('194192', '15', '31313131', '<p>       中华文化历史悠久，内涵丰富。能够代表中华文化的符号数量众多，其中最具有代表性的，一定非汉字莫属。这不仅因为汉字是中华文化的载体，更是因为汉字本身就是中华文化不可或缺的组成部分。从她产生的那一刻起，汉字就担负起承载中华文化的重任，几千年来与中华文化相伴而行，尽管饱经沧桑，却能同舟共济，共同谱写了中华文明的不朽篇章。</p><p>       汉字的强大生命力，源自她与所记录的汉语的高度适切性。</p><p>       瑞典汉学家高本汉曾评价说：“中国不废除自己特殊的文字而采用我们的拼音文字，并非出于任何愚蠢和顽固的保守性。中国的文字和中国的语言情形非常适合，所以它是必不可少的。”</p><p>       首先，古代汉语以单音词为主，特别先秦两汉更是如此。汉字一字一个音节的特点，正与汉语词汇的这种特点相适应，从而形成了字词之间清晰的对应关系。虽然汉语词汇后来逐渐走上了复音化道路，但这种字词对应关系仍是整个汉语词汇系统的根基。</p><p>       其次，我国幅员辽阔，人口众多，自古以来方言分歧就极为复杂。早在《论语》中就已出现“雅言”一词，指的就是当时的“普通话”。孟子曾嘲笑楚国的许行说话像伯劳鸟叫，还发过“若使其子之齐语也，则使齐人傅诸？使楚人傅诸？”的议论。如此严重的方言分歧，如采用直接记录语音的拼音文字，必将导致不同方言区文字的分裂，并最终导致文化的分裂。而汉字是表意体系的文字，字形并不具备精确的表音功能，这正好弥补了拼音文字的弊端，可以在不同方言区之间起到统一的交际作用。文字的统一，有利于维护文化的统一，进而维护国家的统一。</p><p>       汉字的强大生命力，源于她自身系统的不断调适和完善。</p><p>       一种文字能否长期充当全民的交际工具，关键在于这种文字能否有效满足社会和语言发展的需求。语言中词汇越来越丰富，这就要求文字一定要具有能产机制，文字的字符数量能随之增加；社会发展中需要记录的事务日渐繁多，这就要求文字越来越方便书写，以有效提高记事速度。汉字发展的总体方向，恰恰满足了这两方面的重要需求。</p><p>       较早产生的汉字多为象形字，个性化很强，数量也相当有限。尽管人们后来摸索出用两个或几个象形字组合造字的会意方法，也仍然无法满足语言日渐丰富的需求。如果解决不了能产性的问题，汉字很可能像其他几大古文字一样，转而走向拼音文字的道路。但充满智慧的中国先民们，在早期朴素辩证哲学的启发下，运用“一阴一阳之谓道”的思想理念，将一元化的象形方法转化为二元化的形声机制，产生了由形符和声符组合而成的形声字。这种音义结合的构形方式，因其很大的优越性、区别性、能产性和系统性被广泛应用，也使汉字的长期生存成为可能。</p><p>       在书写方面，汉字由早期的整体象形性，到小篆的完全线条化，再到隶楷的彻底笔画化，一直朝着方便书写的方向进行系统性调整，有效满足了社会发展的现实需求。特别是计算机问世以来，汉字又通过形码和音码等多重手段，很好地解决了电脑输入和呈现的问题，粉碎了“计算机是汉字的掘墓人”的预言。</p><p align="right">（摘编自王立军《汉字：中华文化的独特符号》）</p>', '', '2018年上半年教师资格证考试《综合素质》（小学）题第32题', '1', '0');
DELETE FROM edu_course_exercise_qa WHERE id='2169693';
INSERT INTO edu_course_exercise_qa (id, course_exercise_id, type, question, cando, answer, total_score) VALUES ('2169693', '194192', '15', '<p>（1）文中引用高本汉的话说“中国的文字和语言情形非常适合”，其“适合”具体表现在哪里？请具体概括</p>', '1', '<p>（1）“适合”具体表现在两个方面。第一，古代汉语以单音词为主，形成了字词之间清晰的对应关系，这种对应关系是整个汉语词汇系统的根基。第二，我国幅员辽阔，人口众多，方言分歧就极为复杂。汉字是表意体系的文字，字形并不具备精确的表音功能，这正好弥补了拼音文字的弊端，可以在不同方言区之间起到统一的交际作用，促进统一。</p>', '4');
DELETE FROM edu_course_exercise_qa WHERE id='2169693083';
INSERT INTO edu_course_exercise_qa (id, course_exercise_id, type, question, cando, answer, total_score) VALUES ('2169693083', '194192', '15', '<p>（2）文章在论述“汉字的强大生命力，源于她自身系统的不断调适和完善”这一观点时，其结构特点是什么？请结合文本，简要分析。</p>', '1', '<p>（2）结构特点如下。</p><p>第一，文章后半部分以总—分的结构展开，“汉字的强大生命力，源自她自身系统的不断调适和完善”是两个分论点之一，在“不断调试和完善”这个分论点下以</p><p>“汉字的形音、书写”等论据具体展开论述。</p><p>第二，围绕汉字的发展历史展开：①在形音方面，从个性强、数量有限的象形字走向拼音文字的道路，将一元化的象形方法转化为二元化的形声机制，产生了由形符和声符组合而成的形声字；②在书写方面，历经整体象形性—小篆的完全线条化—隶楷的彻底笔画化，计算机问世后，汉字又通过形码和音码等多重手段，很好地解决了电脑输入和呈现的问题，反映出汉字强大的生命力在适应人类和社会的需求，不断调试和完善。<br></p>', '10');
DELETE FROM edu_course_exercise_comment WHERE id='2169693';
INSERT INTO edu_course_exercise_comment (id, path, course_exercise_qa_id, comment) VALUES ('2169693', ',2169693', '2169693', '<p>（1）重点语句的理解：寻找文段中高本汉所说的话，并通过寻找关键词的方式，对上下文进行概括、理解。</p>');
DELETE FROM edu_course_exercise_comment WHERE id='2169693083';
INSERT INTO edu_course_exercise_comment (id, path, course_exercise_qa_id, comment) VALUES ('2169693083', ',2169693083', '2169693083', '<p>（2）概括总结题：寻找文段中从哪几个方面来说明汉字结构特点的，联系前后文段进行阐释、分析。</p>');
DELETE FROM edu_course_exercise WHERE id='194193';
INSERT INTO edu_course_exercise (id, question_type, course_id, content, easy_error, source, dw_checked, is_pk) VALUES ('194193', '15', '31313131', '<p>阅读材料，并回答问题。</p><p>       科学课上，张老师指着实验仪器说:“每个杯子底部都有一团纸,谁能将杯子放入水中而纸不湿呢?”</p><p>       学生马上投入到实验中。他们要么将水槽中的水倒出一些,要么给杯子加个盖，要么在杯中塞些异物。</p><p>       对学生给予肯定后,张老师故弄玄虚地说:“不添加辅助材料,把杯子倒着放入水中,纸也不会湿。你们信吗?”同学们个个惊得睁大了眼睛。</p><p>       学生疑惑道:“倒着放还能不湿?”</p><p>       张老师:“能”。</p><p>       学生又动了起来。第一次失败了,第二次失败了……大家再次将疑惑的目光投向张老师,张老师回以肯定、鼓励的目光。</p><p>       突然,一个男生喊了起来:“老师,我成功了!没湿!纸真的没湿!”</p><p>       “老师,我也成功了!”</p><p>       “我也成功了！”</p><p>       ……</p><p>       趁着大家那股高兴劲儿,张老师话锋一转:“你们还有什么疑问吗?”</p><p>       “当然有了,为什么杯子倒扣在水中,杯子都被水没了,而纸却不湿?”有学生急迫地问。</p><p>       张老师启发道:“大家想一想,你们最初的实验,纸为什么湿了?后来又为什么不再动手试一试,仔细观察。”</p><p>       同学们歪着身,瞪大眼,聚精会神地反复实验着:竖着将杯子倒扣在水中纸不湿倾针着将杯子放入水中纸变湿;先竖着将杯子倒扣在水中,再将杯子倾斜时有气泡产生,纸变湿。</p><p>       同学们跳跃起来:“原因找到了。有气泡产生说明杯中有空气,有空气占据着空间，纸才不湿。”</p><p>       ……</p><p>       张老师后来在备课本中写道:“学生对科学探究的过程,就是在老师的引导下,充分地思考、质疑,主动获得知识的过程。”</p>', '', '2018年上半年教师资格证考试《综合素质》（小学）题第30题', '1', '0');
DELETE FROM edu_course_exercise_qa WHERE id='2169699';
INSERT INTO edu_course_exercise_qa (id, course_exercise_id, type, question, cando, answer, total_score) VALUES ('2169699', '194193', '15', '<p>请结合材料，从教师观的角度，评析张老师的教学行为。</p>', '1', '<p>       张老师的教学行为符合科学教师观的理念，实现了教学相长，值得我们学习。</p><p>首先，从教师与学生的关系看，新课程要求教师应该是学生学习和发展的促进者，教师应该把激发学生的学习动机、指导学生的学习方法、培养学生自主学习、合作学习的能力作为自己工作的主要目标。材料中，张老师通过趣味的实验方式和各种形式的引导提问，让学生获得了杯子放入水中不湿纸的实验知识，充分发挥了学生学习的主动性，促进了学生的思维发展。</p><p>其次，在对待师生关系上，新课程强调尊重、赞赏。教师必须尊重每一位学生做人的尊严和价值。材料中，张老师在学生做实验失败时，不断地鼓励肯定；对待学生的回答不是简单地评价正误，而是尊重学生的探究结果，不断发问引导，最终让学生获得正确的知识。</p><p>最后，在对待教学上，新课程强调帮助、引导。材料中，张老师充分认识到学生的科学探究就是在教师的引导下学生主动获得知识的过程。在整个教学过程中，摆脱了教师做实验、学生写结果的机械学习方式，而是通过“提问—实验—提问—实验”这种灵活的课堂教学让学生获得知识，学生成了课堂的主人。</p><p>因此，作为一名教师，要真正实现对学生的帮助和引导，就应在教学时不拘泥常规，让学生多参与多实践，让学生成为课堂的主人。</p>', '14');
DELETE FROM edu_course_exercise_comment WHERE id='2169699';
INSERT INTO edu_course_exercise_comment (id, path, course_exercise_qa_id, comment) VALUES ('2169699', ',2169699', '2169699', '<p>第一，从问题出发寻找答题点，本题的答题点是教师职业理念的内容,并且题目中指明从教师观的角度评析张老师的行为；第二，回忆教师观的相关内容，包括新课程背景下教师角色和行为的转变；第三，回到材料寻找与这两个方面内容相匹配的答题点；第四，按照总—分—总的结构合理组织语言。</p>');
DELETE FROM edu_course_exercise WHERE id='194194';
INSERT INTO edu_course_exercise (id, question_type, course_id, content, easy_error, source, dw_checked, is_pk) VALUES ('194194', '15', '31313131', '<p>       刚接班的宋老师在班上设置了一个“微语”本，要求同学们各取一个昵称，每天可以在“微语”本上写下自己的感想。同学们都非常兴奋，纷纷在本子上留言，坦陈进入六年级后的心声。</p><p>       一天，宋老师在“微语”本上发现一个署名为“霜美人”的留言，字里行间透出失落和伤感。“‘霜美人’是谁呢？他（她）怎么了？”带着疑惑，宋老师通过一段时间的观察，对比字迹，发现“霜美人”原来是一个大眼睛的女生——李小霜。</p><p>       经了解，原来小霜自幼父母双亡，从小就由爷爷奶奶抚养，家庭拮据。但小霜学习十分努力，成绩优秀，每年都被评为优秀学生。学习之余，她还坚持自己的业余爱好——舞蹈。</p><p>       一天，宋老师对小霜说：“我刚接手咱们班，对同学们不了解，不如你当我的助手好吗？”小霜爽快地答应了。</p><p>       在接下来的日子里，宋老师对小霜更加关注了，在生活上关心、照顾，学习上严格要求。同时，利用班会等机会，让小霜展示舞蹈特长。慢慢地，小霜在“微语”本上的留言渐渐不再显得忧伤了。在协助宋老师的班级工作上，她也很主动，十分负责，人也自信多了。</p><p>       在学校组织的迎新年联欢会上，小霜别具创意地用报纸折叠了一套晚礼服，在舞台上走秀，演出很成功，小霜的脸上露出了开心的笑容。</p>', '', '2018年上半年教师资格证考试《综合素质》（小学）题第31题', '1', '0');
DELETE FROM edu_course_exercise_qa WHERE id='2169701';
INSERT INTO edu_course_exercise_qa (id, course_exercise_id, type, question, cando, answer, total_score) VALUES ('2169701', '194194', '15', '<p>请结合材料，从教师职业道德的角度，评析宋老师的教育行为。</p>', '1', '<p>       材料中宋老师的做法遵循了教师职业道德的要求，是值得我们学习的。</p><p>首先，教师职业道德要求教师要关爱学生。关爱学生要求教师关爱全体学生、平等公正对待学生。材料中，宋老师能够仔细了解学生的情况，耐心的态度和无微不至的帮助都表现出了他对学生的尊重和爱护。此外，宋老师的话语中也透露着对小霜的关爱，同时又蕴含着对小霜的要求和期望，正是严慈相济的生动表现，体现了浓浓的师爱。</p><p>其次，教师职业道德要求教师要教书育人。教书育人要求教师遵循教育规律，循循善诱，诲人不倦。材料中，宋老师针对小霜的情况，能够主动关心她平日的生活，并且创造能够展现小霜特长的良好平台，以此来消除小霜平日忧郁的状态，体现了教书育人的职业道德。</p><p>最后，教师职业道德要求教师爱岗敬业。爱岗敬业要求教师对工作高度负责，认真备课上课，认真批改作业，认真辅导学生，不得敷衍塞责。材料中，宋老师能够发现小霜心态细微的变化，并且了解到小霜的家庭情况，说明宋老师对工作的态度十分认真，能够从细小之处入手，做到了爱岗敬业。</p><p>因此，作为教师要遵守教师职业道德，努力做到关爱学生、教书育人、爱岗敬业，促进学生的健康成长。</p>', '14');
DELETE FROM edu_course_exercise_comment WHERE id='2169701';
INSERT INTO edu_course_exercise_comment (id, path, course_exercise_qa_id, comment) VALUES ('2169701', ',2169701', '2169701', '<p>第一，从题目出发寻找答题要点，本题的答题角度是教师职业道德，答题要求是评析宋老师的教育行为；第二，回忆教师职业道德相关内容；第三，回到材料寻找与教师职业道德相匹配的内容；第四，按照总—分—总的结构合理组织语言。</p>');
DELETE FROM edu_course_exercise WHERE id='194195';
INSERT INTO edu_course_exercise (id, question_type, course_id, content, easy_error, source, dw_checked, is_pk) VALUES ('194195', '15', '61616161', '<p>下面是有关中学生的几个生活情境：</p><p>        情境1：一天放学后，高一学生张欣因送生病的同学，回家时间比平时迟了一个多小时。当张欣一推开家门时，着急的妈妈便过去说了她几句，话里没有任何指责的意思，只是嘱咐女儿不要回来太晚了。但是，张欣顿时暴跳如雷，“你不相信我！”她叫道，“你们总是告诉我该做什么，你们根本就不相信我！”她的情绪非常激动，头也不回地走出家门。</p><p>        情境2：初二学生王芳非常喜欢好朋友丽丽，在她眼里，丽丽简直就是个完美的人，她不容同学说丽丽的坏话。可是有一天，当王芳听说好朋友丽丽把自己告诉她的秘密告诉了别人，便匆匆找到了丽丽，对着她大声呵斥，指责她是一个骗子，再也不信任她了。</p><p>       情境3：初三数学模拟考试试卷发下来了，岳勇取得了他上初三以来最好的成绩，他非常高兴，兴奋不已，真想大声欢呼。但当他得知本次考试中大多数同学都考得不好时，他控制了自己内心的激动，表现出若无其事的样子。</p>', '', '2018年上半年教师资格证考试《教育知识与能力》（中学）题第31题', '1', '0');
DELETE FROM edu_course_exercise_qa WHERE id='2169710';
INSERT INTO edu_course_exercise_qa (id, course_exercise_id, type, question, cando, answer, total_score) VALUES ('2169710', '194195', '15', '<p>（1）结合材料，分析中学生的情绪发展的主要特点。</p>', '1', '<p>（1）中学时期的青少年情绪体验跌宕起伏、剧烈波动，具体表现为以下几点。</p><p>第一，爆发性和冲动性。青少年学生表现出强烈的激情特征，情感情绪冲破理智的意识控制，淋漓尽致地显露出他们对外界事物的爱、恨、不满或恐惧、绝望等情绪。情境1中，张欣面对妈妈的嘱咐“顿时暴跳如雷”，反映出这一时期学生情绪爆发性与冲动性的特征。</p><p>第二，不稳定性和两极性。青少年学生的情绪不仅表现强烈，而且波动剧烈，两极性明显，很不稳定，情绪很容易从一个极端剧烈地转向另一个极端。他们对事物的看法比较片面，很容易产生偏激反应。情境2中，王芳喜欢好朋友丽丽，就认为她是完美的，但是一听说她将自己的秘密告诉别人，就再也不信任她了，反映出其情绪的不稳定性与两极性。</p><p>第三，外露性和内隐性。随着年龄的增大，青少年学生情感情绪的自我监控能力逐渐增强，他们逐渐学会控制自己的情感表现和行为反应。他们既表现出强烈的情感情绪反应，将对外界事物的喜怒哀乐全部表现在脸上，又能逐渐掩饰、压抑自己的情绪，使这种情绪的表露有时带有很大的文饰性。情境3中，岳勇取得好成绩之后，内心十分兴奋，但是当他知道大多数同学都考得不好时，他却表现出若无其事的样子，具有明显的内隐性。</p><p>因为中学生的情绪发展具有爆发性和冲动性、不稳定性和两极性、外露性和内隐性等特征，所以教师应根据学生的情绪特征，合理地进行教育，引导学生发展。</p>', '9');
DELETE FROM edu_course_exercise_qa WHERE id='21697103';
INSERT INTO edu_course_exercise_qa (id, course_exercise_id, type, question, cando, answer, total_score) VALUES ('21697103', '194195', '15', '<p>（2）如何指导中学生进行有效的情绪调节？</p><p><img width="467px" height="302px" src="https://fb.fbstatic.cn/api/tarzan/images/162385ba373fa45.png?width=700" /></p>', '1', '<p>（2）指导中学生有效地调节情绪，一般可从以下几个方面进行。</p><p>第一，敏锐地觉察情绪。敏锐地觉察情绪就是能够自我觉察、了解自己当时的主要情绪，并能予以命名，且大概知道各种感受的前因后果。</p><p>第二，平和地接纳情绪状态。生命中的一切情绪印象都有它该有的意义，应以平和的心态接纳发生在生命中的一切。</p><p>第三，正确地调整情绪。善于及时调整自己的不良心态。其中包括能够保持正确的理性认知，善于采用多种方式及时宣泄自己的情绪，在生活中遇到挫折时能够积极地自我暗示，使自己的情感升华。</p><p>第四，有效地表达情绪。学会正确表达、合理宣泄情绪。在恰当的时候以恰当的方式表达自己的情绪体验。</p><p>第五，保持和创造快乐的情绪。我们可以通过培养陶冶性情的艺术类兴趣爱好、锻炼身体、创造愉快的生活环境等方式来保持和创造积极快乐的情绪。</p>', '9');
DELETE FROM edu_course_exercise_comment WHERE id='2169710';
INSERT INTO edu_course_exercise_comment (id, path, course_exercise_qa_id, comment) VALUES ('2169710', ',2169710', '2169710', '<p>（1）中学时期的青少年情绪体验跌宕起伏、剧烈波动，具体表现为以下几点。</p><p>第一，爆发性和冲动性。青少年学生表现出强烈的激情特征，情感情绪冲破理智的意识控制，淋漓尽致地显露出他们对外界事物的爱、恨、不满或恐惧、绝望等情绪。情境1中，张欣面对妈妈的嘱咐“顿时暴跳如雷”，反映出这一时期学生情绪爆发性与冲动性的特征。</p><p>第二，不稳定性和两极性。青少年学生的情绪不仅表现强烈，而且波动剧烈，两极性明显，很不稳定，情绪很容易从一个极端剧烈地转向另一个极端。他们对事物的看法比较片面，很容易产生偏激反应。情境2中，王芳喜欢好朋友丽丽，就认为她是完美的，但是一听说她将自己的秘密告诉别人，就再也不信任她了，反映出其情绪的不稳定性与两极性。</p><p>第三，外露性和内隐性。随着年龄的增大，青少年学生情感情绪的自我监控能力逐渐增强，他们逐渐学会控制自己的情感表现和行为反应。他们既表现出强烈的情感情绪反应，将对外界事物的喜怒哀乐全部表现在脸上，又能逐渐掩饰、压抑自己的情绪，使这种情绪的表露有时带有很大的文饰性。情境3中，岳勇取得好成绩之后，内心十分兴奋，但是当他知道大多数同学都考得不好时，他却表现出若无其事的样子，具有明显的内隐性。</p><p>因为中学生的情绪发展具有爆发性和冲动性、不稳定性和两极性、外露性和内隐性等特征，所以教师应根据学生的情绪特征，合理地进行教育，引导学生发展。</p>');
DELETE FROM edu_course_exercise_comment WHERE id='21697103';
INSERT INTO edu_course_exercise_comment (id, path, course_exercise_qa_id, comment) VALUES ('21697103', ',21697103', '21697103', '<p>（2）指导中学生有效地调节情绪，一般可从以下几个方面进行。</p><p>第一，敏锐地觉察情绪。敏锐地觉察情绪就是能够自我觉察、了解自己当时的主要情绪，并能予以命名，且大概知道各种感受的前因后果。</p><p>第二，平和地接纳情绪状态。生命中的一切情绪印象都有它该有的意义，应以平和的心态接纳发生在生命中的一切。</p><p>第三，正确地调整情绪。善于及时调整自己的不良心态。其中包括能够保持正确的理性认知，善于采用多种方式及时宣泄自己的情绪，在生活中遇到挫折时能够积极地自我暗示，使自己的情感升华。</p><p>第四，有效地表达情绪。学会正确表达、合理宣泄情绪。在恰当的时候以恰当的方式表达自己的情绪体验。</p><p>第五，保持和创造快乐的情绪。我们可以通过培养陶冶性情的艺术类兴趣爱好、锻炼身体、创造愉快的生活环境等方式来保持和创造积极快乐的情绪。</p>');
DELETE FROM edu_course_exercise WHERE id='194196';
INSERT INTO edu_course_exercise (id, question_type, course_id, content, easy_error, source, dw_checked, is_pk) VALUES ('194196', '15', '61616161', '<p>       开学不久，班主任贾老师发现明朗同学不喜欢学习，上课不认真听讲，经常做小动作，不按时完成作业。贾老师经过一段时间的了解，发现明朗虽然有不少缺点，但也有优点，需要肯定和鼓励。于是，贾老师找他谈话说：“你有缺点，但也有优点，可能你自己还没有发现。这样吧，我限你在两天内找找自己的优点，如实向我汇报，不然我可要批评你了。”第三天，明朗找到贾老师，很不好意思地说：“老师，我心肠好，力气大，毕业后想当兵。”贾老师说：“这就是了不起的长处。心肠好，乐于助人，到哪里都需要这种人。你力气大，想当兵，保家卫国，是很光荣的事，你的理想很实在，不过当兵同样需要学习科学文化知识，需要有真才实学，”听了老师的话，明朗脸上露出了微笑。从此，明朗严格要求自己，认真学习，养成了良好的习惯，各方面都有了很大的进步。</p>', '', '2018年上半年教师资格证考试《教育知识与能力》（中学）题第30题', '1', '0');
DELETE FROM edu_course_exercise_qa WHERE id='2169715';
INSERT INTO edu_course_exercise_qa (id, course_exercise_id, type, question, cando, answer, total_score) VALUES ('2169715', '194196', '15', '<p>（1）结合材料，谈谈贾老师主要遵循了哪一德育原则？</p>', '1', '<p>（1）贾老师的做法体现了依靠积极因素克服消极因素的德育原则。该原则是指教师在教育教学过程中利用学生的优点，克服学生的缺点，一分为二地看待学生。材料中，贾老师发现明朗同学虽然有很多缺点，但是他身上也有很多优点，比如心肠好、乐于助人等，利用这些优点引导明朗同学，发扬他的优点，最终让他克服了身上的缺点，认真学习，养成了良好的习惯。</p>', '6');
DELETE FROM edu_course_exercise_qa WHERE id='2169715047';
INSERT INTO edu_course_exercise_qa (id, course_exercise_id, type, question, cando, answer, total_score) VALUES ('2169715047', '194196', '15', '<p>（2）贯彻这一原则有哪些基本要求？</p>', '1', '<p>（2）贯彻此原则的基本要求如下。</p><p>①教育者要用一分为二的观点，全面分析，客观地评价学生的优点和缺点。</p><p>②教育者要有意识地创造条件，将学生思想中的消极因素转化为积极因素。</p><p>③教育者要提高学生的自我认识、自我评价能力，启发他们自觉思考，克服缺点，发扬优点。</p>', '12');
DELETE FROM edu_course_exercise_comment WHERE id='2169715';
INSERT INTO edu_course_exercise_comment (id, path, course_exercise_qa_id, comment) VALUES ('2169715', ',2169715', '2169715', '<p>（1）贾老师的做法体现了依靠积极因素克服消极因素的德育原则。该原则是指教师在教育教学过程中利用学生的优点，克服学生的缺点，一分为二地看待学生。材料中，贾老师发现明朗同学虽然有很多缺点，但是他身上也有很多优点，比如心肠好、乐于助人等，利用这些优点引导明朗同学，发扬他的优点，最终让他克服了身上的缺点，认真学习，养成了良好的习惯。</p>');
DELETE FROM edu_course_exercise_comment WHERE id='2169715047';
INSERT INTO edu_course_exercise_comment (id, path, course_exercise_qa_id, comment) VALUES ('2169715047', ',2169715047', '2169715047', '<p>（2）贯彻此原则的基本要求如下。</p><p>①教育者要用一分为二的观点，全面分析，客观地评价学生的优点和缺点。</p><p>②教育者要有意识地创造条件，将学生思想中的消极因素转化为积极因素。</p><p>③教育者要提高学生的自我认识、自我评价能力，启发他们自觉思考，克服缺点，发扬优点。</p>');
DELETE FROM edu_course_exercise WHERE id='194197';
INSERT INTO edu_course_exercise (id, question_type, course_id, content, easy_error, source, dw_checked, is_pk) VALUES ('194197', '15', '41414141', '<p>       四年级班主任李老师做了一项调查，发现班上多教学生在家几乎从来不干家务活，过着衣来伸手、饭来张口的生活；有些家长对学生劳动也不支持，认为学习才是孩子的主要任务，劳动不仅浪费时间，而且没必要，家长完全可以代劳。在班级开展的一些劳动活动中，李老师也发现，学生不仅缺乏一般的劳动技能、习惯，而且缺乏劳动意识，甚至讨厌劳动。</p>', '', '2018年上半年教师资格证考试《教育教学知识与能力》（小学）题第24题', '1', '0');
DELETE FROM edu_course_exercise_qa WHERE id='2169760';
INSERT INTO edu_course_exercise_qa (id, course_exercise_id, type, question, cando, answer, total_score) VALUES ('2169760', '194197', '15', '<p>（1）结合材料谈谈对小学生进行劳动教育的必要性。</p>', '1', '<p>（1）劳动教育是使学生形成劳动情感、态度和习惯，掌握基本的生产技术和技能的教育。劳动教育对小学生的发展是至关重要的，主要表现为以下几个方面：</p><p>①劳动教育是我国全面发展教育观的重要组成部分，通过劳动教育能为德育、智育、体育和美育提供实践的基础和土壤，增强学生理论联系实际的能力。材料中的学生缺乏必要的劳动技能训练，缺乏适当的劳动意识和能力，不利于素质的全面发展。<br></p><p>②素质教育观强调教育要培养学生的创新精神和实践能力，而劳动教育则是养成学生创新和实践能力的重要途径。材料中，学生参与劳动的积极性低，更是缺乏动手和操作的能力。</p><p>③新课改的核心理念强调“以人为本”，一切为了每一个孩子的发展，而劳动教育则是对学生主体本位的重要支持。材料中的学生并没有获得真正的健康发展，这更启示我们要贯彻“以人为本”的理念，提高学生的劳动水平，获得持续健康发展。</p>', '10');
DELETE FROM edu_course_exercise_comment WHERE id='2169760';
INSERT INTO edu_course_exercise_comment (id, path, course_exercise_qa_id, comment) VALUES ('2169760', ',2169760', '2169760', '<p>（1）劳动教育是使学生形成劳动情感、态度和习惯，掌握基本的生产技术和技能的教育。劳动教育对小学生的发展是至关重要的，主要表现为以下几个方面：</p><p>①劳动教育是我国全面发展教育观的重要组成部分，通过劳动教育能为德育、智育、体育和美育提供实践的基础和土壤，增强学生理论联系实际的能力。材料中的学生缺乏必要的劳动技能训练，缺乏适当的劳动意识和能力，不利于素质的全面发展。<br></p><p>②素质教育观强调教育要培养学生的创新精神和实践能力，而劳动教育则是养成学生创新和实践能力的重要途径。材料中，学生参与劳动的积极性低，更是缺乏动手和操作的能力。</p><p>③新课改的核心理念强调“以人为本”，一切为了每一个孩子的发展，而劳动教育则是对学生主体本位的重要支持。材料中的学生并没有获得真正的健康发展，这更启示我们要贯彻“以人为本”的理念，提高学生的劳动水平，获得持续健康发展。</p>');
DELETE FROM edu_course_exercise WHERE id='194198';
INSERT INTO edu_course_exercise (id, question_type, course_id, content, easy_error, source, dw_checked, is_pk) VALUES ('194198', '15', '41414141', '<p>       沈老师在教学《第一场雪》时，问学生：“雪景很美，谁能把它美美地读出来？他读的时候，大家闭上眼睛听，体会他能不能把你带到那么美的雪景中去。”第一个学生读完后，沈老师问：“你们是不是感觉走到雪野中去了？”大多数学生很犹豫。沈老师笑看说：“刚走到雪野的边上，是不是？”大家都笑起来。沈老师说：“看看我能不能把大家领进去。”接着示范读了一遍，然后问：“往前走几步没有？”学生都点头说：“走了。”沈老师继续说道：“相信有同学会比老师读得更好，谁领着大家继续往前走？”……后面的学生果然越读越好。</p>', '', '2018年上半年教师资格证考试《教育教学知识与能力》（小学）题第25题', '1', '0');
DELETE FROM edu_course_exercise_qa WHERE id='2169762';
INSERT INTO edu_course_exercise_qa (id, course_exercise_id, type, question, cando, answer, total_score) VALUES ('2169762', '194198', '15', '<p>（1）评析这一教学片段中沈老师的教学行为。</p>', '1', '<p>（1）沈老师的教学行为是值得借鉴和学习的。沈老师的做法充分践行了新课程改革的相关理念，</p><p>       首先，沈老师的做法体现了“以人为本”的学生观，即“一切为了每一位学生的发展”。新课程改革的学生观表明学生是发展的人。学生是有巨大的发展潜能的。材料中，沈老师通过学生朗读后，引导学生谈谈对课文的体会，引导学生继续朗读课文。</p><p>       其次，沈老师的做法体现了新课程改革倡导的教师角色，教师是学生学习的促进者。从过去仅作为知识的传授者这一核心角色释放出来，促进学生以学习能力为中心的和谐发展。材料中，沈老师在学生没有感知到走进雪野的情况下，没有被动的灌输知识，而是鼓励学生朗读课文进行感悟。</p><p>       再次，沈老师的做法体现了教师教学行为的变化，即对待教学关系上，强调帮助、引导。教师要帮助学生寻找、搜集和利用学习资源，帮助学生发挥自己的潜能。材料中，沈老师范读走进雪野中之后，引导学生积极朗读课文并给予充分的肯定，帮助学生发挥了自己的潜能。</p><p>       又次，沈老师的做法体现了新课程改革背景下的教学观，即教学从“教育者为中心”转向“学习者为中心”。教学从“关注学科”转向“关注人”。材料中，沈老师在授课过程中，以学生的体会为中心，关注学生的情感体验。</p><p>       最后，沈老师的做法体现了启发性的教学原则，启发性教学原则是指教师在教学工作中依据学习过程的客观规律，运用各种教学手段充分调动学生学习的主动性、积极性，引导他们独立思考、积极探索、生动活泼地学习，自觉地掌握科学知识和提高分析问题、解决问题的能力。材料中，沈老师在整个教学过程中，以学生为主体，引导学生独立思考，积极朗读，积极感悟《第一场雪》。</p><p>       综上所述，沈老师的做法是值得借鉴和赞许的。</p>', '10');
DELETE FROM edu_course_exercise_qa WHERE id='21697627';
INSERT INTO edu_course_exercise_qa (id, course_exercise_id, type, question, cando, answer, total_score) VALUES ('21697627', '194198', '15', '<p>（2）结合材料谈谈教师如何在教学过程中发挥主导作用？</p>', '1', '<p>（2）沈老师的教学在确定学生为主体的同时，还保证了教师的主导作用。“主导”和“主体”相辅相成。是形成良好教学成果的必要条件。</p><p>       首先，在教学中要发挥教师的主导作用，需要教师在教学中为整个教学活动揭示目标，引导方向。沈老师在教学过程中采用“语文导读法”，充分发挥教师的主导作用，让学生通过阅读实践，充分发挥学生的主体地位。材料中，沈老师通过示范性的朗读，为学生进行了朗读指导，后积极引导学生的阅读时间，充分体现了教师的主导作用。</p><p>       其次，在教学中要发挥教师的主导作用，需要教师做到了以学生为本。素质教育的课堂教学突出学生的主体地位，以学生为本，重视学生潜能的发挥，使整个课堂充满活力。材料中，沈老师引导学生通过闭眼倾听的方式，体会感知作文，使学生对学习过程有了更深切的感知。</p><p>       再次，在教学中要发挥教师的主导作用，需要教师做到以学论教，引导学生创新。创新教育是素质教育与传统教育的区别所在。教师要善于在教学过程中启发引导,开发学生的创新潜能,激发他们的创新精神,使学生学会提出新问题、想法,自己去探究知识,变被动地学为积极主动地学。材料中老师面对新情境时积极引发学生思考，注意培养学生创新思维。</p><p>       最后，在教学中要发挥教师的主导作用，需要教师在课堂教学评价标准上遵循多元化、方法多样化的原则。评价时教师必须以学生在知识、技能、人格、品德等方面的全面发展为标准。其次,评价应强调共性化和个性化的统一。最后,素质教育评价标准既重视检查学生的学习现状,又注意检查和预测学生的发展潜力,真正发挥评价的激励、导向的功能。材料中的老师正是多样的评价方式激发了学生学习兴趣。</p><p>       总之，教师应做到以人为本、多元化评价等，只有如此才能更好地发挥自身的主导作用。</p>', '10');
DELETE FROM edu_course_exercise_comment WHERE id='2169762';
INSERT INTO edu_course_exercise_comment (id, path, course_exercise_qa_id, comment) VALUES ('2169762', ',2169762', '2169762', '<p>（1）沈老师的教学行为是值得借鉴和学习的。沈老师的做法充分践行了新课程改革的相关理念，</p><p>       首先，沈老师的做法体现了“以人为本”的学生观，即“一切为了每一位学生的发展”。新课程改革的学生观表明学生是发展的人。学生是有巨大的发展潜能的。材料中，沈老师通过学生朗读后，引导学生谈谈对课文的体会，引导学生继续朗读课文。</p><p>       其次，沈老师的做法体现了新课程改革倡导的教师角色，教师是学生学习的促进者。从过去仅作为知识的传授者这一核心角色释放出来，促进学生以学习能力为中心的和谐发展。材料中，沈老师在学生没有感知到走进雪野的情况下，没有被动的灌输知识，而是鼓励学生朗读课文进行感悟。</p><p>       再次，沈老师的做法体现了教师教学行为的变化，即对待教学关系上，强调帮助、引导。教师要帮助学生寻找、搜集和利用学习资源，帮助学生发挥自己的潜能。材料中，沈老师范读走进雪野中之后，引导学生积极朗读课文并给予充分的肯定，帮助学生发挥了自己的潜能。</p><p>       又次，沈老师的做法体现了新课程改革背景下的教学观，即教学从“教育者为中心”转向“学习者为中心”。教学从“关注学科”转向“关注人”。材料中，沈老师在授课过程中，以学生的体会为中心，关注学生的情感体验。</p><p>       最后，沈老师的做法体现了启发性的教学原则，启发性教学原则是指教师在教学工作中依据学习过程的客观规律，运用各种教学手段充分调动学生学习的主动性、积极性，引导他们独立思考、积极探索、生动活泼地学习，自觉地掌握科学知识和提高分析问题、解决问题的能力。材料中，沈老师在整个教学过程中，以学生为主体，引导学生独立思考，积极朗读，积极感悟《第一场雪》。</p><p>       综上所述，沈老师的做法是值得借鉴和赞许的。</p>');
DELETE FROM edu_course_exercise_comment WHERE id='21697627';
INSERT INTO edu_course_exercise_comment (id, path, course_exercise_qa_id, comment) VALUES ('21697627', ',21697627', '21697627', '<p>（2）沈老师的教学在确定学生为主体的同时，还保证了教师的主导作用。“主导”和“主体”相辅相成。是形成良好教学成果的必要条件。</p><p>       首先，在教学中要发挥教师的主导作用，需要教师在教学中为整个教学活动揭示目标，引导方向。沈老师在教学过程中采用“语文导读法”，充分发挥教师的主导作用，让学生通过阅读实践，充分发挥学生的主体地位。材料中，沈老师通过示范性的朗读，为学生进行了朗读指导，后积极引导学生的阅读时间，充分体现了教师的主导作用。</p><p>       其次，在教学中要发挥教师的主导作用，需要教师做到了以学生为本。素质教育的课堂教学突出学生的主体地位，以学生为本，重视学生潜能的发挥，使整个课堂充满活力。材料中，沈老师引导学生通过闭眼倾听的方式，体会感知作文，使学生对学习过程有了更深切的感知。</p><p>       再次，在教学中要发挥教师的主导作用，需要教师做到以学论教，引导学生创新。创新教育是素质教育与传统教育的区别所在。教师要善于在教学过程中启发引导,开发学生的创新潜能,激发他们的创新精神,使学生学会提出新问题、想法,自己去探究知识,变被动地学为积极主动地学。材料中老师面对新情境时积极引发学生思考，注意培养学生创新思维。</p><p>       最后，在教学中要发挥教师的主导作用，需要教师在课堂教学评价标准上遵循多元化、方法多样化的原则。评价时教师必须以学生在知识、技能、人格、品德等方面的全面发展为标准。其次,评价应强调共性化和个性化的统一。最后,素质教育评价标准既重视检查学生的学习现状,又注意检查和预测学生的发展潜力,真正发挥评价的激励、导向的功能。材料中的老师正是多样的评价方式激发了学生学习兴趣。</p><p>       总之，教师应做到以人为本、多元化评价等，只有如此才能更好地发挥自身的主导作用。</p>');
DELETE FROM edu_course_exercise WHERE id='194199';
INSERT INTO edu_course_exercise (id, question_type, course_id, content, easy_error, source, dw_checked, is_pk) VALUES ('194199', '15', '41414141', '<p>请认真阅读下列材料，并按要求作答。</p><p><img width="431px" height="527px" src="https://fb.fbstatic.cn/api/tarzan/images/162332bbf2126a3.png?width=700" /><img width="422px" height="528px" src="https://fb.fbstatic.cn/api/tarzan/images/162332bd76154a0.png?width=700" /><img width="426px" height="504px" src="https://fb.fbstatic.cn/api/tarzan/images/162332bf1f2a888.png?width=700" /></p><p>根据上述材料完成下列任务：</p>', '', '2018年上半年教师资格证考试《教育教学知识与能力》（小学）题第26题', '1', '0');
DELETE FROM edu_course_exercise_qa WHERE id='2169764';
INSERT INTO edu_course_exercise_qa (id, course_exercise_id, type, question, cando, answer, total_score) VALUES ('2169764', '194199', '15', '<p>（1）如指导二年级小学生学习本课，试拟定教学目标。</p>', '1', '<p>（1）教学目标：</p><p>一、知识与技能：认识“甚、至”等7个生字，会写“久、乎”等8个字；正确、流利、有感情地朗读课文。</p><p>二、过程与方法：通过品读重点词、重点句来挖掘文本所蕴含的人文精神</p><p>三、情感态度与价值观：通过学习，树立保护小动物、珍惜生命的意识。</p>', '10');
DELETE FROM edu_course_exercise_qa WHERE id='216976443';
INSERT INTO edu_course_exercise_qa (id, course_exercise_id, type, question, cando, answer, total_score) VALUES ('216976443', '194199', '15', '<p>（2）设计“甚至”一词的教学过程。</p>', '1', '<p>（2）一、提出生字：请学生通读全文，在文中标出“甚至”一词。</p><p>二、教学生字：</p><p>1.教师出示生字词“甚至”，请学生按照课本注音自读、齐读。随机正音并指导：“甚”、“至”都是翘舌音。</p><p>2.书写：教师在黑板上进行示范，让学生注意“甚”、“至”两个字的偏旁、笔画顺序。“甚”：部首甘，总笔画9画，笔顺：横竖竖横横横撇捺折；“至”：部首：至；笔画数：6；笔顺：横折捺横竖横。学生先跟着老师在空中书写，在熟悉了基本的笔画后，在田字格进行规范书写，教师相机指导学生易错笔画。</p><p>3.理解：①请学生借助字典小组讨论“甚至”的含义，甚至，表示所提出的是突出的、进一步的事例。</p><p>②为了进一步帮学生理解“甚至”一词，要求学生把带“甚至”一词的句子通读三遍，“被困的小鱼，也许有几百条，甚至有几千条”，结合语境引导学生认识到“甚至”一词在文中突出了小鱼的多。</p><p>4.运用生词：请学生运用“甚至”仿写“被困的小鱼，也许有几百条，甚至有几千条”。</p><p>示例：田野的消化，也许有几百朵，甚至有几千多；沙滩上的浅水洼，也许有几百个，甚至有几千个。</p>', '20');
DELETE FROM edu_course_exercise_qa WHERE id='216976443850';
INSERT INTO edu_course_exercise_qa (id, course_exercise_id, type, question, cando, answer, total_score) VALUES ('216976443850', '194199', '15', '<p>（3）设计本课板书。</p>', '0', '<p>（3）<img width="700px" height="283px" src="https://fb.fbstatic.cn/api/tarzan/images/1651d6414a25b3d.png?width=700" /></p>', '10');
DELETE FROM edu_course_exercise_comment WHERE id='2169764';
INSERT INTO edu_course_exercise_comment (id, path, course_exercise_qa_id, comment) VALUES ('2169764', ',2169764', '2169764', '<p>（1）教学目标：</p><p>一、知识与技能：认识“甚、至”等7个生字，会写“久、乎”等8个字；正确、流利、有感情地朗读课文。</p><p>二、过程与方法：通过品读重点词、重点句来挖掘文本所蕴含的人文精神</p><p>三、情感态度与价值观：通过学习，树立保护小动物、珍惜生命的意识。</p>');
DELETE FROM edu_course_exercise_comment WHERE id='216976443';
INSERT INTO edu_course_exercise_comment (id, path, course_exercise_qa_id, comment) VALUES ('216976443', ',216976443', '216976443', '<p>（2）一、提出生字：请学生通读全文，在文中标出“甚至”一词。</p><p>二、教学生字：</p><p>1.教师出示生字词“甚至”，请学生按照课本注音自读、齐读。随机正音并指导：“甚”、“至”都是翘舌音。</p><p>2.书写：教师在黑板上进行示范，让学生注意“甚”、“至”两个字的偏旁、笔画顺序。“甚”：部首甘，总笔画9画，笔顺：横竖竖横横横撇捺折；“至”：部首：至；笔画数：6；笔顺：横折捺横竖横。学生先跟着老师在空中书写，在熟悉了基本的笔画后，在田字格进行规范书写，教师相机指导学生易错笔画。</p><p>3.理解：①请学生借助字典小组讨论“甚至”的含义，甚至，表示所提出的是突出的、进一步的事例。</p><p>②为了进一步帮学生理解“甚至”一词，要求学生把带“甚至”一词的句子通读三遍，“被困的小鱼，也许有几百条，甚至有几千条”，结合语境引导学生认识到“甚至”一词在文中突出了小鱼的多。</p><p>4.运用生词：请学生运用“甚至”仿写“被困的小鱼，也许有几百条，甚至有几千条”。</p><p>示例：田野的消化，也许有几百朵，甚至有几千多；沙滩上的浅水洼，也许有几百个，甚至有几千个。</p>');
DELETE FROM edu_course_exercise_comment WHERE id='216976443850';
INSERT INTO edu_course_exercise_comment (id, path, course_exercise_qa_id, comment) VALUES ('216976443850', ',216976443850', '216976443850', '<p>（3）<img width="700px" height="283px" src="https://fb.fbstatic.cn/api/tarzan/images/1651d6414a25b3d.png?width=700" /></p>');
DELETE FROM edu_course_exercise WHERE id='194200';
INSERT INTO edu_course_exercise (id, question_type, course_id, content, easy_error, source, dw_checked, is_pk) VALUES ('194200', '15', '41414141', '<p>请认真阅读下列材料，并按要求作答。</p><p><img width="484px" height="626px" src="https://fb.fbstatic.cn/api/tarzan/images/162333085496ecd.png?width=700" /></p>', '', '2018年上半年教师资格证考试《教育教学知识与能力》（小学）题第27题', '1', '0');
DELETE FROM edu_course_exercise_qa WHERE id='2169767';
INSERT INTO edu_course_exercise_qa (id, course_exercise_id, type, question, cando, answer, total_score) VALUES ('2169767', '194200', '15', '<p>（1）简述学生从算数思维过渡到代数思维的过程。</p>', '1', '<p>（1）从算术思维向代数思维过渡，是学生认知发展的飞跃。算术思维着重的是利用数量计算求出笞案的过程，这个过程具有情境性、特殊性、计算性的特点，甚至是直观的。而代数思维就其本质而言是一种关系思维，它的要点是发现关系和结构，以及明确这些关系与结构之间的关系。代数思维的运算过程是结构性的，侧重的是关系的符号化及其运算，是无法依赖直观的。结构化、符号化抽象化及概括化是代数思维的特点。“用字母表示数”，既用字母表示出了数，又准确地表示出了数量之间的关系。“字母表示数”的引出莫定了积极而充分的情感基础。这个过程既是新知识的学习过程，更是学生由原有的算术思维水平不断向代数思维水平迈进的过程。从数字运算到字母运算，在此过程中，教师要紧紧把握好符号意识。</p>', '8');
DELETE FROM edu_course_exercise_qa WHERE id='2169767285';
INSERT INTO edu_course_exercise_qa (id, course_exercise_id, type, question, cando, answer, total_score) VALUES ('2169767285', '194200', '15', '<p>（2）如指导高年段学生学习这一内容，试拟定教学目标。</p>', '1', '<p>（2）教学目标：</p><p>知识与技能目标：能分析具体问题中的简单数量关系，并用代数式表示。</p><p>过程与方法目标：经过用含有字母的式子表示简单的数量、数量关系和计算公式的过程，体会用字母表示数的意义。</p><p>情感、态度与价值观目标：借助现实情境了解代数式，进一步理解用字母表示数的意义。在运用简单符号语言进行表达和交流的过程中，体会数学与实际生活的密切关系，培养学生用字母表示数的意识和兴趣。</p>', '10');
DELETE FROM edu_course_exercise_qa WHERE id='21697672853';
INSERT INTO edu_course_exercise_qa (id, course_exercise_id, type, question, cando, answer, total_score) VALUES ('21697672853', '194200', '15', '<p>（3）依据拟定的教学目标，设计本节课主要教学环节并说明理由。</p>', '1', '<p>（3）</p><p><b>一、情境导入</b></p><p>教师活动：</p><p>上课伊始教师在大屏幕中展示利用四张扑克牌玩算“24点”的游戏规则和流程。组织学生进行游戏。提出：扑克牌里有“1”吗？什么表示1？</p><p>学生活动：</p><p>学生积极参与游戏，独立完成相关运算，认识到A＝1。</p><p>揭示课题：用字母表示数。</p><p>【设计意图】通过游戏的引入，激发学生的学习兴趣与充分调动学习的积极性。</p><p><b>二、新课讲授</b></p><p>环节一：初步感知</p><p>教师活动：</p><p>大屏幕里出示表格，提问学生：今年几岁了？知道爸爸的年龄呢？组织学生同桌之间相互讨论，并填写表格，同时请一个小组汇报结果。</p><p>学生活动：学生思考后跟同桌交流</p><p>学生1：我今年12岁，爸爸39岁；</p><p>学生2：我今年11岁，爸爸40岁；</p><p>【设计意图】提问学生生活中的问题，一方面，调动学生的积极性，另一方面，为之后知识的讲授做铺垫。</p><p>环节二：合作交流</p><p>教师活动：</p><p>向学生提问，如果小红今年1岁，爸爸比小红大30岁，那爸爸的年龄是多大？如果小红是2岁，3岁，10岁，爸爸的年龄呢？你能否用一个式子表示出任何一年爸爸的年龄？组织学生小组讨论并走下讲台巡视指导。</p><p>学生活动：</p><p>学生1：小红1岁，爸爸30+1岁，小红2岁，爸爸30+2岁；</p><p>学生2：小红的年龄+30=爸爸的年龄；</p><p>学生3：a+30=爸爸的年龄；</p><p>利用“你更喜欢哪种表示方式？”这一问题突出，用字母表示数，突破重难点。</p><p>【设计意图】学生采用小组讨论法，进行问题的探究，提高学生之间的合作交流意识，为提高解决问题的能力奠定基础。</p><p>环节三：总结归纳</p><p>教师活动：</p><p>在学生认识到可以用字母表示数的基础上，追问字母a可以表示哪些数？a能等于200吗？组织学生独立思考。</p><p>学生活动：</p><p>完成课本中当a=11时，爸爸年龄计算的过程，感受到字母具有实际的意义并能进行运算，实现从算术思维向代数思维的过渡。</p><p>【设计意图】通过问题的设置，带领学生循序渐进探究新知，从熟悉的知识引出字字母的表示方法，渗透本节的重点。</p><p><b>三、巩固练习</b></p><p>教师活动：利用大屏幕展示问题：</p><p>１．妈妈的年龄比小明大２８岁，如果用x表示小明现在的年龄，那么妈妈现在的年龄为（）岁． </p><p>２．设苹果是p斤，橘子是q斤，则买了（  ）斤水果．</p><p>【设计意图】基础题目的练习帮助学生巩固所学新知，达到学以致用的目的。</p><p><b>四、课堂小结</b></p><p>今天你学到了什么，有哪些收获呢？</p><p>【设计意图】学生自我总结概括，培养学生总结能力。</p><p><b>五、布置作业</b></p><p>课后完成课本习题以及大屏幕中的选做提高题；</p><p>【设计意图】设置不同类型的作业，全面发展每一个学生，体现新课标的要求。</p>', '22');
DELETE FROM edu_course_exercise_comment WHERE id='2169767';
INSERT INTO edu_course_exercise_comment (id, path, course_exercise_qa_id, comment) VALUES ('2169767', ',2169767', '2169767', '<p>（1）从算术思维向代数思维过渡，是学生认知发展的飞跃。算术思维着重的是利用数量计算求出笞案的过程，这个过程具有情境性、特殊性、计算性的特点，甚至是直观的。而代数思维就其本质而言是一种关系思维，它的要点是发现关系和结构，以及明确这些关系与结构之间的关系。代数思维的运算过程是结构性的，侧重的是关系的符号化及其运算，是无法依赖直观的。结构化、符号化抽象化及概括化是代数思维的特点。“用字母表示数”，既用字母表示出了数，又准确地表示出了数量之间的关系。“字母表示数”的引出莫定了积极而充分的情感基础。这个过程既是新知识的学习过程，更是学生由原有的算术思维水平不断向代数思维水平迈进的过程。从数字运算到字母运算，在此过程中，教师要紧紧把握好符号意识。</p>');
DELETE FROM edu_course_exercise_comment WHERE id='2169767285';
INSERT INTO edu_course_exercise_comment (id, path, course_exercise_qa_id, comment) VALUES ('2169767285', ',2169767285', '2169767285', '<p>（2）教学目标：</p><p>知识与技能目标：能分析具体问题中的简单数量关系，并用代数式表示。</p><p>过程与方法目标：经过用含有字母的式子表示简单的数量、数量关系和计算公式的过程，体会用字母表示数的意义。</p><p>情感、态度与价值观目标：借助现实情境了解代数式，进一步理解用字母表示数的意义。在运用简单符号语言进行表达和交流的过程中，体会数学与实际生活的密切关系，培养学生用字母表示数的意识和兴趣。</p>');
DELETE FROM edu_course_exercise_comment WHERE id='21697672853';
INSERT INTO edu_course_exercise_comment (id, path, course_exercise_qa_id, comment) VALUES ('21697672853', ',21697672853', '21697672853', '<p>（3）</p><p><b>一、情境导入</b></p><p>教师活动：</p><p>上课伊始教师在大屏幕中展示利用四张扑克牌玩算“24点”的游戏规则和流程。组织学生进行游戏。提出：扑克牌里有“1”吗？什么表示1？</p><p>学生活动：</p><p>学生积极参与游戏，独立完成相关运算，认识到A＝1。</p><p>揭示课题：用字母表示数。</p><p>【设计意图】通过游戏的引入，激发学生的学习兴趣与充分调动学习的积极性。</p><p><b>二、新课讲授</b></p><p>环节一：初步感知</p><p>教师活动：</p><p>大屏幕里出示表格，提问学生：今年几岁了？知道爸爸的年龄呢？组织学生同桌之间相互讨论，并填写表格，同时请一个小组汇报结果。</p><p>学生活动：学生思考后跟同桌交流</p><p>学生1：我今年12岁，爸爸39岁；</p><p>学生2：我今年11岁，爸爸40岁；</p><p>【设计意图】提问学生生活中的问题，一方面，调动学生的积极性，另一方面，为之后知识的讲授做铺垫。</p><p>环节二：合作交流</p><p>教师活动：</p><p>向学生提问，如果小红今年1岁，爸爸比小红大30岁，那爸爸的年龄是多大？如果小红是2岁，3岁，10岁，爸爸的年龄呢？你能否用一个式子表示出任何一年爸爸的年龄？组织学生小组讨论并走下讲台巡视指导。</p><p>学生活动：</p><p>学生1：小红1岁，爸爸30+1岁，小红2岁，爸爸30+2岁；</p><p>学生2：小红的年龄+30=爸爸的年龄；</p><p>学生3：a+30=爸爸的年龄；</p><p>利用“你更喜欢哪种表示方式？”这一问题突出，用字母表示数，突破重难点。</p><p>【设计意图】学生采用小组讨论法，进行问题的探究，提高学生之间的合作交流意识，为提高解决问题的能力奠定基础。</p><p>环节三：总结归纳</p><p>教师活动：</p><p>在学生认识到可以用字母表示数的基础上，追问字母a可以表示哪些数？a能等于200吗？组织学生独立思考。</p><p>学生活动：</p><p>完成课本中当a=11时，爸爸年龄计算的过程，感受到字母具有实际的意义并能进行运算，实现从算术思维向代数思维的过渡。</p><p>【设计意图】通过问题的设置，带领学生循序渐进探究新知，从熟悉的知识引出字字母的表示方法，渗透本节的重点。</p><p><b>三、巩固练习</b></p><p>教师活动：利用大屏幕展示问题：</p><p>１．妈妈的年龄比小明大２８岁，如果用x表示小明现在的年龄，那么妈妈现在的年龄为（）岁． </p><p>２．设苹果是p斤，橘子是q斤，则买了（  ）斤水果．</p><p>【设计意图】基础题目的练习帮助学生巩固所学新知，达到学以致用的目的。</p><p><b>四、课堂小结</b></p><p>今天你学到了什么，有哪些收获呢？</p><p>【设计意图】学生自我总结概括，培养学生总结能力。</p><p><b>五、布置作业</b></p><p>课后完成课本习题以及大屏幕中的选做提高题；</p><p>【设计意图】设置不同类型的作业，全面发展每一个学生，体现新课标的要求。</p>');
DELETE FROM edu_course_exercise WHERE id='194201';
INSERT INTO edu_course_exercise (id, question_type, course_id, content, easy_error, source, dw_checked, is_pk) VALUES ('194201', '15', '41414141', '<p>认真阅读下列材料，并按要求作答。</p><p><img width="432px" height="614px" src="https://fb.fbstatic.cn/api/tarzan/images/16233339b11b9d1.jpg?width=700" /></p>', '', '2018年上半年教师资格证考试《教育教学知识与能力》（小学）题第31题', '1', '0');
DELETE FROM edu_course_exercise_qa WHERE id='2169770';
INSERT INTO edu_course_exercise_qa (id, course_exercise_id, type, question, cando, answer, total_score) VALUES ('2169770', '194201', '15', '<p>（1）中国画有哪几大画科？中国画的表现形式有哪些？墨分五色，是哪五色？</p>', '1', '<p>（1）画科分类：人物画、山水画、花鸟画。</p><p>形式分类：工笔画、写意画。</p><p>墨分五色：焦浓重淡清。</p>', '10');
DELETE FROM edu_course_exercise_qa WHERE id='216977067';
INSERT INTO edu_course_exercise_qa (id, course_exercise_id, type, question, cando, answer, total_score) VALUES ('216977067', '194201', '15', '<p>（2）如指导中年级小学生学习，试拟定教学目标。</p>', '1', '<p>（2）教学目标：</p><p>知识与技能：尝试用中锋、侧锋、散锋等用笔方法生动表现动物的脸部特征与情趣。</p><p>过程与方法：通过引导学生观察分析，自主学习，学生能够掌握绘画步骤和用墨方法.</p><p>情感态度和价值观：通过学习能够增强对中国传统绘画的，热爱之情。形成人与动物、人与自然和谐相处的可持续发展意识。</p>', '10');
DELETE FROM edu_course_exercise_qa WHERE id='21697706784';
INSERT INTO edu_course_exercise_qa (id, course_exercise_id, type, question, cando, answer, total_score) VALUES ('21697706784', '194201', '15', '<p>（3）依据拟定的教学目标，设计“名作欣赏，技法学习”内容的新授教学活动并说明理由。</p>', '1', '<p>（3）新授教学。</p><p>环节一：直观感知。</p><p>1.同桌之间交流下你们喜欢的动物的脸部特征。</p><p>2.利用多媒体略赏花鸟画中动物题材作品，让学生初步感受画面内容氛围，观察动物面部的特点。</p><p>设计理念：先从学生喜欢的动物入手，不仅激发学生学习的兴趣，而且还关注了文化与生活。</p><p>环节二：分析示范。</p><p>首先，欣赏黄胄的《花猫》，研究表现方法。请学生在小组内讨论以下问题：</p><p>1.作品中的猫和图片中的猫有什么不同?</p><p>2.突出表现了花猫的哪些部分?对创作有什么好处?</p><p>3.画家主要运用了什么笔墨技法来表现猫?</p><p>小组讨论并汇报：作品中的花猫以中锋浓墨勾眼圈、点眼睛，白粉画胡须和眉毛;以湿笔浓淡结合的破魔法画身体，给人以体态丰硕的感觉;背部用浓墨破淡墨，勾画出花纹效果和绒毛质感;猫爪处浓淡相宜，以浓墨勾画出指甲的尖锐与锋利。教师对学生汇报讨论结果不完善的进行补充。</p><p>其次，画家黄胄抓住了猫的特点进行了生动的表现，美术小组讨论思考：怎样更好地抓住动物的特点？如何表现你喜欢的动物？</p><p>环节三：教师以小猫为例，利用所学技法进行创作示范：</p><p>1.脸型——先用几笔淡墨画出小猫的脸型。</p><p>2.五官——在脸的中间位置用淡墨中锋勾出眼睛的外形，在眼睛下方中间的位置侧锋画出鼻子和嘴，为了使眼睛更有神，再用重墨画眼珠。</p><p>3.毛——淡墨以皴擦法表现小猫脸部短而硬的毛。然后，笔锋蘸淡墨，笔尖蘸少量浓墨，以侧锋按压在一张废纸上，使笔尖水分变少并形成扁平的“散锋”，在小猫头顶及耳朵周围用毛笔的“散锋”适当添画短而稀疏的毛。</p><p>设计理念：此环节是本课重难点知识，所以进行了层层突破教学。让学生从精赏作品分析笔墨到谈论自己的创作想法最后教师示范技法，为接下来学生的创作设计了层层深入的学习过程，更好地攻克重难点。</p>', '20');
DELETE FROM edu_course_exercise_comment WHERE id='2169770';
INSERT INTO edu_course_exercise_comment (id, path, course_exercise_qa_id, comment) VALUES ('2169770', ',2169770', '2169770', '<p>（1）画科分类：人物画、山水画、花鸟画。</p><p>形式分类：工笔画、写意画。</p><p>墨分五色：焦浓重淡清。</p>');
DELETE FROM edu_course_exercise_comment WHERE id='216977067';
INSERT INTO edu_course_exercise_comment (id, path, course_exercise_qa_id, comment) VALUES ('216977067', ',216977067', '216977067', '<p>（2）教学目标：</p><p>知识与技能：尝试用中锋、侧锋、散锋等用笔方法生动表现动物的脸部特征与情趣。</p><p>过程与方法：通过引导学生观察分析，自主学习，学生能够掌握绘画步骤和用墨方法.</p><p>情感态度和价值观：通过学习能够增强对中国传统绘画的，热爱之情。形成人与动物、人与自然和谐相处的可持续发展意识。</p>');
DELETE FROM edu_course_exercise_comment WHERE id='21697706784';
INSERT INTO edu_course_exercise_comment (id, path, course_exercise_qa_id, comment) VALUES ('21697706784', ',21697706784', '21697706784', '<p>（3）新授教学。</p><p>环节一：直观感知。</p><p>1.同桌之间交流下你们喜欢的动物的脸部特征。</p><p>2.利用多媒体略赏花鸟画中动物题材作品，让学生初步感受画面内容氛围，观察动物面部的特点。</p><p>设计理念：先从学生喜欢的动物入手，不仅激发学生学习的兴趣，而且还关注了文化与生活。</p><p>环节二：分析示范。</p><p>首先，欣赏黄胄的《花猫》，研究表现方法。请学生在小组内讨论以下问题：</p><p>1.作品中的猫和图片中的猫有什么不同?</p><p>2.突出表现了花猫的哪些部分?对创作有什么好处?</p><p>3.画家主要运用了什么笔墨技法来表现猫?</p><p>小组讨论并汇报：作品中的花猫以中锋浓墨勾眼圈、点眼睛，白粉画胡须和眉毛;以湿笔浓淡结合的破魔法画身体，给人以体态丰硕的感觉;背部用浓墨破淡墨，勾画出花纹效果和绒毛质感;猫爪处浓淡相宜，以浓墨勾画出指甲的尖锐与锋利。教师对学生汇报讨论结果不完善的进行补充。</p><p>其次，画家黄胄抓住了猫的特点进行了生动的表现，美术小组讨论思考：怎样更好地抓住动物的特点？如何表现你喜欢的动物？</p><p>环节三：教师以小猫为例，利用所学技法进行创作示范：</p><p>1.脸型——先用几笔淡墨画出小猫的脸型。</p><p>2.五官——在脸的中间位置用淡墨中锋勾出眼睛的外形，在眼睛下方中间的位置侧锋画出鼻子和嘴，为了使眼睛更有神，再用重墨画眼珠。</p><p>3.毛——淡墨以皴擦法表现小猫脸部短而硬的毛。然后，笔锋蘸淡墨，笔尖蘸少量浓墨，以侧锋按压在一张废纸上，使笔尖水分变少并形成扁平的“散锋”，在小猫头顶及耳朵周围用毛笔的“散锋”适当添画短而稀疏的毛。</p><p>设计理念：此环节是本课重难点知识，所以进行了层层突破教学。让学生从精赏作品分析笔墨到谈论自己的创作想法最后教师示范技法，为接下来学生的创作设计了层层深入的学习过程，更好地攻克重难点。</p>');
DELETE FROM edu_course_exercise WHERE id='194202';
INSERT INTO edu_course_exercise (id, question_type, course_id, content, easy_error, source, dw_checked, is_pk) VALUES ('194202', '15', '41414141', '<p>认真阅读下列教材，并按要求作答。</p><p><img width="272px" height="102px" src="https://fb.fbstatic.cn/api/tarzan/images/1623338acebbb0b.jpg?width=700" /></p><p>行进间体前变向换手运球</p><p>动作方法：右手运球向左侧变向突破时，突然改变球的方向，拍按球的右侧上方使球从身体右侧弹向左前侧，右脚迅速向左侧前方跨出，上体左转，前倾并探肩，换左手拍按球的左后侧继续加速前进。</p>', '', '2018年上半年教师资格证考试《教育教学知识与能力》（小学）题第30题', '1', '0');
DELETE FROM edu_course_exercise_qa WHERE id='2169773';
INSERT INTO edu_course_exercise_qa (id, course_exercise_id, type, question, cando, answer, total_score) VALUES ('2169773', '194202', '15', '<p>（1）简要说明“行进间体前变向换手运球”的教学重点、难点。</p>', '1', '<p>（1）教学重点：球变向的同时，同侧脚向球变向的方向侧髋转体，跨步探肩护球。</p><p>教学难点：体前换手变向运球快速，手脚动作协调连贯。</p>', '10');
DELETE FROM edu_course_exercise_qa WHERE id='21697736';
INSERT INTO edu_course_exercise_qa (id, course_exercise_id, type, question, cando, answer, total_score) VALUES ('21697736', '194202', '15', '<p>（2）如果指导水平三的学生练习，试拟定教学目标。</p>', '1', '<p>（2）根据课程标准，水平三的学生是指小学四至五年级学生。</p><p>知识与技能目标：通过学习使学生掌控行进间体前变向换手。</p><p>过程与发展目标：通过学习，使学生掌握行进间体前变向换手运球的能力，发展灵敏协调的身体素质。</p><p>情感态度与价值观目标：通过学生的分组自练、自创，发展学生的思维能力、创造能力，促进学生身心的健康发展。</p>', '10');
DELETE FROM edu_course_exercise_qa WHERE id='216977367';
INSERT INTO edu_course_exercise_qa (id, course_exercise_id, type, question, cando, answer, total_score) VALUES ('216977367', '194202', '15', '<p>（3）依据拟定的教学目标，设计不少于二种行进间体前变向换手运球的练习方法并说明理由。</p>', '1', '<p>（3）</p><p>练习一：教师示范完整的行进间体前变向换手运球动作，学生模仿自主练习。</p><p>理由：让学生直观的感受完整动作，并开始模仿，让学生形成主观的认识，更快的投入到新动作的学习中，节省大量的解释时间。</p><p>练习二：首先进行直线体前换手运球，再进行绕障碍物体前换手运球。</p><p>理由：将难度分层，逐步提高难度，先体会行进间体前换手运球的动作技巧，再通过加障碍物，去体会变向通过障碍物完成提前换手运球的技术动作，能有效的阶段性的帮助学生更好的掌握完整的技术动作。</p>', '20');
DELETE FROM edu_course_exercise_comment WHERE id='2169773';
INSERT INTO edu_course_exercise_comment (id, path, course_exercise_qa_id, comment) VALUES ('2169773', ',2169773', '2169773', '<p>（1）教学重点：球变向的同时，同侧脚向球变向的方向侧髋转体，跨步探肩护球。</p><p>教学难点：体前换手变向运球快速，手脚动作协调连贯。</p>');
DELETE FROM edu_course_exercise_comment WHERE id='21697736';
INSERT INTO edu_course_exercise_comment (id, path, course_exercise_qa_id, comment) VALUES ('21697736', ',21697736', '21697736', '<p>（2）根据课程标准，水平三的学生是指小学四至五年级学生。</p><p>知识与技能目标：通过学习使学生掌控行进间体前变向换手。</p><p>过程与发展目标：通过学习，使学生掌握行进间体前变向换手运球的能力，发展灵敏协调的身体素质。</p><p>情感态度与价值观目标：通过学生的分组自练、自创，发展学生的思维能力、创造能力，促进学生身心的健康发展。</p>');
DELETE FROM edu_course_exercise_comment WHERE id='216977367';
INSERT INTO edu_course_exercise_comment (id, path, course_exercise_qa_id, comment) VALUES ('216977367', ',216977367', '216977367', '<p>（3）</p><p>练习一：教师示范完整的行进间体前变向换手运球动作，学生模仿自主练习。</p><p>理由：让学生直观的感受完整动作，并开始模仿，让学生形成主观的认识，更快的投入到新动作的学习中，节省大量的解释时间。</p><p>练习二：首先进行直线体前换手运球，再进行绕障碍物体前换手运球。</p><p>理由：将难度分层，逐步提高难度，先体会行进间体前换手运球的动作技巧，再通过加障碍物，去体会变向通过障碍物完成提前换手运球的技术动作，能有效的阶段性的帮助学生更好的掌握完整的技术动作。</p>');
DELETE FROM edu_course_exercise WHERE id='194204';
INSERT INTO edu_course_exercise (id, question_type, course_id, content, easy_error, source, dw_checked, is_pk) VALUES ('194204', '15', '41414141', '<p>请认真阅读下列材料，并按要求作答。<img width="553px" height="836px" src="https://fb.fbstatic.cn/api/tarzan/images/16233a92873e7ae.png?width=700" /></p>', '', '2018年上半年教师资格证考试《教育教学知识与能力》（小学）题第28题', '1', '0');
DELETE FROM edu_course_exercise_qa WHERE id='2169779';
INSERT INTO edu_course_exercise_qa (id, course_exercise_id, type, question, cando, answer, total_score) VALUES ('2169779', '194204', '15', '<p>（1）简述学生综合语言运用能力形成的基础。</p>', '1', '<p>（1）义务教育阶段英语课程的总目标：通过英语学习使学生形成初步的综合语言运用能力，促进心智发展，提高综合人文素养。综合语言运用能力的形成建立在语言技能、语言知识、情感态度、学习策略和文化意识等方面整体发展的基础之上。</p><p>其中，语言技能和语言知识是综合语言运用能力的基础。语言技能是语言运用能力的重要组成部分，主要包括听、说、读、写等方面的技能以及这些技能的综合运用。听和读是理解的技能，说和写是表达的技能，它们在语言学习和交际中相辅相成、相互促进。学生应通过大量的专项和综合性语言实践活动，形成综合语言运用能力，为真实的语言交际打下基础。因此，听、说、读、写既是学习的内容，又是学习的手段。语言技能标准以学生在某个级别“能做什么”为主要内容，这不仅有利于调动学生的学习积极性，促进学生语言运用能力的提高，也有利于科学、合理地评价学生的学习结果。学生在义务教育阶段应该学习和掌握的英语语言基础知识包括语音、词汇、语法以及用于表达常见话题和功能的语言形式等。语言知识是语言运用能力的重要组成部分，是发展语言技能的重要基础。</p>', '10');
DELETE FROM edu_course_exercise_qa WHERE id='21697795';
INSERT INTO edu_course_exercise_qa (id, course_exercise_id, type, question, cando, answer, total_score) VALUES ('21697795', '194204', '15', '<p>（2）如指导小学生学习，试拟定教学目标。</p>', '1', '<p>（2）Knowledge aims:</p><p>Students can understand the basic meaning of the listening materials.</p><p>Students can know Children’s Day is not the same day in different countries after listening.</p><p>Ability aim:</p><p>Students can improve their ability of listening to get the specific information by identifying key words while listening.</p><p>Emotional aims:</p><p>Students can learn different dates of Children’s Day in different countries and their different celebrating ways.</p><p>Students can broaden their horizon and know more about foreign cultures.Students can arise their interest in learning English.</p>', '10');
DELETE FROM edu_course_exercise_qa WHERE id='216977951';
INSERT INTO edu_course_exercise_qa (id, course_exercise_id, type, question, cando, answer, total_score) VALUES ('216977951', '194204', '15', '<p>（3）依据拟定的教学目标，设计导入和新授环节的教学活动并说明理由。</p>', '1', '<p>（3）Leading-in:</p><p>Play a video about Children’s Day.</p><p>Brainstorm:Ask students what activities they know that they usually do on Children’s day.</p><p>（设计理由：吸引学生的注意力，激发学生学习的兴趣，引入本节课话题，介绍话题背景，为后面的听力任务做好铺垫）</p><p>Listening:</p><p>Teacher plays the tape and asks students to find out the answer of the question“What day are they talking about?”to get the main idea.</p><p>Teacher plays the tape again and asks students to find out the answer of the question “How many countries are mentioned in the material?”to get specific information.</p><p>Teacher plays the tape one more time and asks students to do True or False exercise to enhance the details.</p><p>Students check answers in groups to see if they have different opinions and then teacher asks students to read the passage carefully to furtherly confirm their answers.</p><p>Teacher asks some students to give answers and corrects false ones.</p><p>（设计理由：听力共听三遍，第一遍回答问题，训练学生听取材料主题、了解大意的能力；第二遍回答关键信息问题，训练学生在听力过程中抓关键点的能力；第三遍完成判断对错练习，提高学生对细节问题的听力把握和能力。判断对错的练习较之前两个问题难度偏大，引导学生在听完后进行讨论，核对答案，让学生主动思考问题并带着问题进行听力材料的阅读，培养学生依据关键词查找信息的阅读能力。</p><p>在整个新授环节中，听力和阅读可谓层层递进、由浅入深，主要是为了培养学生把握大意、听取关键词和依据关键词查找信息的能力。）</p>', '20');
DELETE FROM edu_course_exercise_comment WHERE id='2169779';
INSERT INTO edu_course_exercise_comment (id, path, course_exercise_qa_id, comment) VALUES ('2169779', ',2169779', '2169779', '<p>（1）义务教育阶段英语课程的总目标：通过英语学习使学生形成初步的综合语言运用能力，促进心智发展，提高综合人文素养。综合语言运用能力的形成建立在语言技能、语言知识、情感态度、学习策略和文化意识等方面整体发展的基础之上。</p><p>其中，语言技能和语言知识是综合语言运用能力的基础。语言技能是语言运用能力的重要组成部分，主要包括听、说、读、写等方面的技能以及这些技能的综合运用。听和读是理解的技能，说和写是表达的技能，它们在语言学习和交际中相辅相成、相互促进。学生应通过大量的专项和综合性语言实践活动，形成综合语言运用能力，为真实的语言交际打下基础。因此，听、说、读、写既是学习的内容，又是学习的手段。语言技能标准以学生在某个级别“能做什么”为主要内容，这不仅有利于调动学生的学习积极性，促进学生语言运用能力的提高，也有利于科学、合理地评价学生的学习结果。学生在义务教育阶段应该学习和掌握的英语语言基础知识包括语音、词汇、语法以及用于表达常见话题和功能的语言形式等。语言知识是语言运用能力的重要组成部分，是发展语言技能的重要基础。</p>');
DELETE FROM edu_course_exercise_comment WHERE id='21697795';
INSERT INTO edu_course_exercise_comment (id, path, course_exercise_qa_id, comment) VALUES ('21697795', ',21697795', '21697795', '<p>（2）Knowledge aims:</p><p>Students can understand the basic meaning of the listening materials.</p><p>Students can know Children’s Day is not the same day in different countries after listening.</p><p>Ability aim:</p><p>Students can improve their ability of listening to get the specific information by identifying key words while listening.</p><p>Emotional aims:</p><p>Students can learn different dates of Children’s Day in different countries and their different celebrating ways.</p><p>Students can broaden their horizon and know more about foreign cultures.Students can arise their interest in learning English.</p>');
DELETE FROM edu_course_exercise_comment WHERE id='216977951';
INSERT INTO edu_course_exercise_comment (id, path, course_exercise_qa_id, comment) VALUES ('216977951', ',216977951', '216977951', '<p>（3）Leading-in:</p><p>Play a video about Children’s Day.</p><p>Brainstorm:Ask students what activities they know that they usually do on Children’s day.</p><p>（设计理由：吸引学生的注意力，激发学生学习的兴趣，引入本节课话题，介绍话题背景，为后面的听力任务做好铺垫）</p><p>Listening:</p><p>Teacher plays the tape and asks students to find out the answer of the question“What day are they talking about?”to get the main idea.</p><p>Teacher plays the tape again and asks students to find out the answer of the question “How many countries are mentioned in the material?”to get specific information.</p><p>Teacher plays the tape one more time and asks students to do True or False exercise to enhance the details.</p><p>Students check answers in groups to see if they have different opinions and then teacher asks students to read the passage carefully to furtherly confirm their answers.</p><p>Teacher asks some students to give answers and corrects false ones.</p><p>（设计理由：听力共听三遍，第一遍回答问题，训练学生听取材料主题、了解大意的能力；第二遍回答关键信息问题，训练学生在听力过程中抓关键点的能力；第三遍完成判断对错练习，提高学生对细节问题的听力把握和能力。判断对错的练习较之前两个问题难度偏大，引导学生在听完后进行讨论，核对答案，让学生主动思考问题并带着问题进行听力材料的阅读，培养学生依据关键词查找信息的阅读能力。</p><p>在整个新授环节中，听力和阅读可谓层层递进、由浅入深，主要是为了培养学生把握大意、听取关键词和依据关键词查找信息的能力。）</p>');
DELETE FROM edu_course_exercise WHERE id='194205';
INSERT INTO edu_course_exercise (id, question_type, course_id, content, easy_error, source, dw_checked, is_pk) VALUES ('194205', '15', '41414141', '<p>请认真阅读下述材料，并按要求作答。</p><p><img width="487px" height="334px" src="https://fb.fbstatic.cn/api/tarzan/images/16233a3fbc5a13d.png?width=700" /></p>', '', '2018年上半年教师资格证考试《教育教学知识与能力》（小学）题第29题', '1', '0');
DELETE FROM edu_course_exercise_qa WHERE id='194205135';
INSERT INTO edu_course_exercise_qa (id, course_exercise_id, type, question, cando, answer, total_score) VALUES ('194205135', '194205', '15', '<p>（2）如指导低年段小学生学唱本歌曲，试拟定教学目标。</p>', '1', '<p>（2）教学目标：</p><p>情感态度与价值观目标：感受火车行进的童趣，想象出行的美好画面，进一步培养积极乐观的生活态度和创新意识。</p><p>过程与方法目标：通过试听结合法、小组合作探究法，尝试模仿火车行进不同速度的声音。</p><p>知识与技能目标：掌握四分音符与八分音符的准确演唱，用愉快情绪表现歌曲。</p>', '10');
DELETE FROM edu_course_exercise_qa WHERE id='194205921';
INSERT INTO edu_course_exercise_qa (id, course_exercise_id, type, question, cando, answer, total_score) VALUES ('194205921', '194205', '15', '<p>（3）依据拟定的教学目标，结合歌曲的学习，设计“节奏练习”教学环节并说明理由。</p>', '1', '<p>（3）</p><p>1.教师引导学生用la哼唱歌曲旋律，请同学们自主发现问题，并逐一解决。</p><p>学生自由回答，引出八分音符的节奏问题。</p><p>2.针对该问题，设置出如下练习并予以解决。</p><p>（1）请同学们通过多媒体课件观察八分音符节奏的特点，明确该节奏的概念，从而认识八分音符的节奏。</p><p>（2）教师为同学们编写一条4小节、有针对性的节奏练习，解决八分音符节奏难点。 请同学们集体学唱该条节奏练习，具体如下：</p><p>           2/4       X  XX  |X  XX  |XX  XX|X  X  ||</p><p>（3）教师为同学们分发打击乐器，请同学们通过敲击乐器进行节奏模仿，巩固节奏意识，随后教师予以鼓励性评价。</p><p>3.再次回到歌曲，请同学们运用所学的节奏知识、结合歌曲音频自主练习旋律，教师巡视并纠错。</p><p>设计意图：之所以这样设计，其原因在于《义务教育阶段音乐新课程标准（2011年版）》中明确提出了教学中应当遵循“以音乐审美为核心，以兴趣爱好为动力”以及“强调音乐实践，鼓励音乐创造”的基本理念，以上环节可以引导学生充分参与课堂教学，寓教于乐、循序渐进的掌握节奏练习的问题。</p>', '20');
DELETE FROM edu_course_exercise_qa WHERE id='2169782';
INSERT INTO edu_course_exercise_qa (id, course_exercise_id, type, question, cando, answer, total_score) VALUES ('2169782', '194205', '15', '<p>根据上述材料完成下列任务：</p><p>（1）简要分析歌曲的特点。</p>', '1', '<p>（1）《火车开了》是一个大调式（从中央C开始到中央C结束），一段体，由四个乐句组成。全曲的节奏简单、明快，旋律多为级进，流畅上口。歌曲一开始就采用了火车开动时“咔擦咔擦”声响的象声词，第二句又采用了完全重复的手法；第三乐句在高音区进行，配以舒展的节奏，与前面的乐句形成对比，好像火车在迅疾地飞驰，也表现了火车司机开动火车的自豪感；最后一个乐句先在大调式主和弦上分解进行，而后级进下行至C大调主音。</p>', '10');
DELETE FROM edu_course_exercise_comment WHERE id='194205962';
INSERT INTO edu_course_exercise_comment (id, path, course_exercise_qa_id, comment) VALUES ('194205962', ',194205962', '194205135', '<p>（2）教学目标：</p><p>情感态度与价值观目标：感受火车行进的童趣，想象出行的美好画面，进一步培养积极乐观的生活态度和创新意识。</p><p>过程与方法目标：通过试听结合法、小组合作探究法，尝试模仿火车行进不同速度的声音。</p><p>知识与技能目标：掌握四分音符与八分音符的准确演唱，用愉快情绪表现歌曲。</p>');
DELETE FROM edu_course_exercise_comment WHERE id='194205494';
INSERT INTO edu_course_exercise_comment (id, path, course_exercise_qa_id, comment) VALUES ('194205494', ',194205494', '194205921', '<p>（3）</p><p>1.教师引导学生用la哼唱歌曲旋律，请同学们自主发现问题，并逐一解决。</p><p>学生自由回答，引出八分音符的节奏问题。</p><p>2.针对该问题，设置出如下练习并予以解决。</p><p>（1）请同学们通过多媒体课件观察八分音符节奏的特点，明确该节奏的概念，从而认识八分音符的节奏。</p><p>（2）教师为同学们编写一条4小节、有针对性的节奏练习，解决八分音符节奏难点。 请同学们集体学唱该条节奏练习，具体如下：</p><p>           2/4       X  XX  |X  XX  |XX  XX|X  X  ||</p><p>（3）教师为同学们分发打击乐器，请同学们通过敲击乐器进行节奏模仿，巩固节奏意识，随后教师予以鼓励性评价。</p><p>3.再次回到歌曲，请同学们运用所学的节奏知识、结合歌曲音频自主练习旋律，教师巡视并纠错。</p><p>设计意图：之所以这样设计，其原因在于《义务教育阶段音乐新课程标准（2011年版）》中明确提出了教学中应当遵循“以音乐审美为核心，以兴趣爱好为动力”以及“强调音乐实践，鼓励音乐创造”的基本理念，以上环节可以引导学生充分参与课堂教学，寓教于乐、循序渐进的掌握节奏练习的问题。</p>');
DELETE FROM edu_course_exercise_comment WHERE id='2169782';
INSERT INTO edu_course_exercise_comment (id, path, course_exercise_qa_id, comment) VALUES ('2169782', ',2169782', '2169782', '<p>（1）《火车开了》是一个大调式（从中央C开始到中央C结束），一段体，由四个乐句组成。全曲的节奏简单、明快，旋律多为级进，流畅上口。歌曲一开始就采用了火车开动时“咔擦咔擦”声响的象声词，第二句又采用了完全重复的手法；第三乐句在高音区进行，配以舒展的节奏，与前面的乐句形成对比，好像火车在迅疾地飞驰，也表现了火车司机开动火车的自豪感；最后一个乐句先在大调式主和弦上分解进行，而后级进下行至C大调主音。</p>');
DELETE FROM edu_course_exercise WHERE id='195984';
INSERT INTO edu_course_exercise (id, question_type, course_id, content, easy_error, source, dw_checked, is_pk) VALUES ('195984', '15', '70707070', '<p>案例一</p><p>       2017年3月26日，微信公众号“杂谈黄土地”发布消息称，西部某中学德育处老师指使学生用微型摄像机偷拍，以此来抓获吸烟的同学进行处罚，被抓学生每人每次要交500元罚款。此外，学生带手机进学校也要罚款500元。有网民爆料称，最多的时候一天就有20个学生交了罚款。由于爆料中提到的时间跨度长，罚款数额大，网络上产生了学校对学生“每天罚金过万元”的说法。</p>', '', '2017年湖北省农村义务教育教师招聘考试《教育综合知识》题第51题', '1', '0');
DELETE FROM edu_course_exercise_qa WHERE id='2201955';
INSERT INTO edu_course_exercise_qa (id, course_exercise_id, type, question, cando, answer, total_score) VALUES ('2201955', '195984', '15', '<p>你认为学校是否有权对学生罚款，为什么？</p>', '1', '<p>学校无权对学生罚款。</p><p>《中华人民共和国教育法》第二十九条规定，学校及其他教育机构具有“对受教育者进行学籍管理，实施奖励或者处分”的权利，学校此项权利并不包含“罚款”。罚款属于行政处罚的一种，是依据《行政处罚法》的规定设立的，要有明确的法律依据、经过法定程序才能作出。能够作出处罚的主体是行政机关、法定授权组织及法定受委托组织，其他组织无权罚款。</p><p>另外，《中华人民共和国教育法》第三十条规定，学校及其他教育机构应当履行“维护受教育者、教师及其他职工的合法权益”的义务。财产权是受教育者的合法重要权益，没收学生财物、乱罚款、乱收费等都是学校、教师侵犯学生财产权的行为。</p><p>题干所述学校德育处老师对吸烟学生进行罚款的行为，超越了学校和教师的法定权限。</p><p>所以，学校无权对学生罚款。</p>', '4');
DELETE FROM edu_course_exercise_qa WHERE id='2201956';
INSERT INTO edu_course_exercise_qa (id, course_exercise_id, type, question, cando, answer, total_score) VALUES ('2201956', '195984', '15', '<p>结合案例，谈谈如何做好新形势下的学生德育工作。</p>', '1', '<p>德育是指教育者根据一定社会和受教育者的需要，遵循品德形成的规律，采取言传、身教等方式，在受教育者的自觉积极参与的互动中，通过内化和外化，发展受教育者的道德、思想、政治、法制和心理等方面素质的教育活动。广义的德育包括政治教育、思想教育、道德教育、心理教育、法制教育。狭义的德育就指道德教育。</p><p>随着我国社会主义市场经济体制的不断发展,为我国教育事业带来机遇的同时也给学校的德育教育带来一定影响,学生的价值观念不断转变。因此,在新形势下更好地开展学生德育工作应当做到以下几点：</p><p>（1）掌握德育过程的基本规律。改变学生吸烟的恶习，需要理解好德育过程的以下规律：德育过程是对学生知、情、意、行的培养提高过程，是一个促进学生思想内部矛盾斗争的发展过程，是组织学生的活动和交往，统一多方面教育影响的过程，是一个长期的、反复的、逐步提高的过程。</p><p>（2）坚持德育的基本原则。做好德育工作，要坚持导向性、疏导、尊重学生与严格要求学生相结合、教育的一致性与连贯性、因材施教、理论与实践相结合（知行统一）等原则。</p><p>（3）灵活运用多种德育方法。应当灵活使用说服教育法、榜样示范法、实际锻炼法、情感陶冶法、道德修养法、品德评价法等多种德育方法。</p><p>（4）拓展丰富各类德育途径。开展德育工作，除了通过思想品德课与其他学科教学这一基本途径外，还要利用好社会实践活动，课外和校外活动，共青团组织的活动，校会、班会、周会、晨会、时事政策学习以及合理开展班主任工作。</p>', '5.0');
DELETE FROM edu_course_exercise_comment WHERE id='2201955';
INSERT INTO edu_course_exercise_comment (id, path, course_exercise_qa_id, comment) VALUES ('2201955', ',2201955', '2201955', '<p>第一：判断对错，并将题干进行改进或完善；第二：将题目涉及相关理论进行完善并完整论述；第三：阐明两者的联系。</p>');
DELETE FROM edu_course_exercise_comment WHERE id='2201956';
INSERT INTO edu_course_exercise_comment (id, path, course_exercise_qa_id, comment) VALUES ('2201956', ',2201956', '2201956', '<p>第一：将题目涉及相关理论进行完善并完整论述；第二：结合案例阐明理论和实践的联系。</p>');
DELETE FROM edu_course_exercise WHERE id='195985';
INSERT INTO edu_course_exercise (id, question_type, course_id, content, easy_error, source, dw_checked, is_pk) VALUES ('195985', '15', '70707070', '<p>案例二      </p><p>       电视剧《虎妈猫爸》播出后，引起了社会对教育的热议。剧中“虎妈”为将女儿茜茜培养成精英人才，制订了一个文化、体育、艺术全面发展的学习计划，还自创方法拉伸手指帮助女儿弹好钢琴。“猫爸”则秉承快乐教育的法则，不想女儿为了考上一个好大学就“没有童年，没有快乐，甚至没有尊严”，不停为茜茜争取童年的自由。而“狮子姥爷”则认为：只要能考上好大学，猫爸说的这些早晚都能补回来，因为“吃得苦中苦。方为人上人”是他的教育信条。</p><p>       教育目的到底是什么？家庭在教育中起着怎样的作用？父母应该如何教育孩子？这些问题成为社会关注的焦点，一时间众说纷纭。</p>', '', '2017年湖北省农村义务教育教师招聘考试《教育综合知识》题第53题', '1', '0');
DELETE FROM edu_course_exercise_qa WHERE id='2201957';
INSERT INTO edu_course_exercise_qa (id, course_exercise_id, type, question, cando, answer, total_score) VALUES ('2201957', '195985', '15', '<p>结合案例，谈谈家庭在教育中承担怎样的任务？</p>', '1', '<p>家庭教育作为广义的教育定义的一部分，与社会教育和学校教育一起，都是增进人的知识和技能、发展人的智力和体力、影响人的思想和品德的活动。家庭教育承担的任务主要包括：</p><p>（1）家庭教育是学校教育和社会教育的基础和前提，是终身教育的重要起点，为个体发展奠定了坚实的基础。同时，家庭教育作为学校教育和社会教育的重要补充，应当积极配合学校和社会对学生施加教育。</p><p>（2）《国家中长期教育改革和发展规划纲要（2010—2020年）》也要求：充分发挥家庭教育在儿童少年成长过程中的重要作用。家长要树立正确的教育观念，掌握科学的教育方法，尊重子女的健康情趣，培养子女的良好习惯，加强与学校的沟通配合，共同减轻学生课业负担。</p><p>（3）家庭教育应当培养儿童养成良好的生活习惯，树立正确的世界观、人生观、价值观，培养正确的道德观念以及独立生活的能力。</p>', '5');
DELETE FROM edu_course_exercise_qa WHERE id='2201958';
INSERT INTO edu_course_exercise_qa (id, course_exercise_id, type, question, cando, answer, total_score) VALUES ('2201958', '195985', '15', '<p>请对案例中各种教育方式进行评价。</p>', '1', '<p>本案例中出现了对子女要求严格的“虎妈”、“狮子姥爷”以及秉承快乐教育的“猫爸”，应辩证看待他们截然不同的教育方式。</p><p>“虎妈”希望孩子能够成为精英，严格要求孩子按照指定好的目标努力，为孩子设计了系统的学习计划，其出发点是好的。但要求孩子不能松懈和半途而废，所采取教育方式较为严厉，忽视了循序渐进教学原则和量力性原则，超出了孩子的认知能力发展的顺序性和阶段性。长此以往，不利于孩子的健康成长。</p><p>“猫爸”秉承快乐教育，以温和的教育方式教育孩子，不强迫孩子，不用权威压迫，不限制自由发展。这种教育方式符合了因材施教的教育原则，有利于培养孩子的安全感、信赖感和家庭关系的改善。但是，该种教育方式若是运用不当，可能会造成孩子的自由散漫和缺乏独立生活能力。</p><p>“狮子姥爷”的教育方式传统的中国教育，以考试重点和中心，严厉要求孩子，违背了科学性与教育性相结合教学原则以及启发性教育原则，对于孩子的健康成长有不利影响。</p><p>案例中出现的这三种教育方式都具有一定的弊端。教育孩子时，应当贯彻科学性与教育性相结合教学原则、理论联系实际教学原则、直观性教学原则、启发性教学原则、循序渐进教学原则、量力性教学原则、因材施教教学原则等。灵活地选取适用于儿童身心发展规律和特点的教育方式，促进全面、健康发展。</p>', '5.0');
DELETE FROM edu_course_exercise_comment WHERE id='2201957';
INSERT INTO edu_course_exercise_comment (id, path, course_exercise_qa_id, comment) VALUES ('2201957', ',2201957', '2201957', '<p>第一：将题目涉及相关理论进行完善并完整论述；第二：结合案例阐明理论和实践的联系。</p>');
DELETE FROM edu_course_exercise_comment WHERE id='2201958';
INSERT INTO edu_course_exercise_comment (id, path, course_exercise_qa_id, comment) VALUES ('2201958', ',2201958', '2201958', '<p>第一：将题目涉及相关理论进行完善并完整论述；第二：结合案例阐明理论和实践的联系。</p>');
DELETE FROM edu_course_exercise WHERE id='197667';
INSERT INTO edu_course_exercise (id, question_type, course_id, content, easy_error, source, dw_checked, is_pk) VALUES ('197667', '15', '70707070', '<p>       某校某班，有一伙被老师称为“小捣蛋”的学生爱玩篮球，为了玩球和看球赛，常常影响学习，有时还迟到、旷课，甚至几次抢别班的球玩，引起纠纷，告到班主任那里。如何解决这个令人头疼的问题呢？班主任从中看到了一个可以引导的积极性。他组织这些“小捣蛋”成立了一个球队，选了队长，订了几条队规：一服从命令听指挥；二坚持练习守纪律；三不抢外班的球；四不做有损球队名誉的事。此后，每天开展练球，在活动中练出了纪律和自我控制能力。</p>', '', '2016年7月31日山东日照莒县教师招聘《公共学科知识+教育学、心理学相关知识》（职教教师）第53题', '1', '0');
DELETE FROM edu_course_exercise_qa WHERE id='2222761';
INSERT INTO edu_course_exercise_qa (id, course_exercise_id, type, question, cando, answer, total_score) VALUES ('2222761', '197667', '15', '<p>请运用教育原理进行分析。<br></p>', '1', '<p>这个案例体现了教师在实际教学过程中运用了因材施教原则、集体教育与个别教育相结合的原则、以及依靠积极因素，客服消极因素的原则、尊重学生与严格要求学生相结合原则。</p><p>①因材施教原则。因材施教原则是指进行德育要从学生品德发展的实际出发，根据他们的年龄特征和个性差异进行不同的教育，使每个学生的品德都能得到更好的发展。案例中小捣蛋们爱好篮球，因而王老师从打篮球出发，因势利导，用区别于其他同学的教学方式引导他们。</p><p>②集体教育与个别教育相结合。在德育过程中，教育者要善于组织和教育学生热爱集体，并依靠集体教育每个学生，同时通过对个别学生的教育，来促进集体的形成和发展，从而把集体教育和个别教育有机结合起来。案例中王老师通过指导他们组建篮球队，锻炼的他们的团队精神，恰好运用了集体对个人的影响，反过来队长的设立，也起到关键作用。</p><p>③依靠积极因素，克服消极因素。依靠积极因素，克服消极因素的原则是指在德育工作中，教育者要善于依靠、发扬学生自身的积极因素，调动学生自我教育的积极性，克服消极因素，实现品德发展内部矛盾的转化。案例中小捣蛋的积极因素是爱好运动，积极活泼开朗热情。但消极因素是无规矩、破坏性强、扰乱秩序。因此，王老师通过组建篮球队，既发扬了他们的积极因素，又克服了他们的消极因素。</p><p>④尊重学生与严格要求学生相结合。尊重学生与严格要求学生相结合的原则是指进行德育要把对学生的思想和行为的严格要求与对他们个人的尊重和信赖结合起来，使教育者对学生的影响与要求易于转化为学生的品德。案例中，王老师并没有对他们的打篮球行为嗤之以鼻，而是尊重他们的爱好，让他们组建篮球队。但是，必须做到严于律己，纪律严明，坚持训练，磨练意志。因此，最终练就了团队意识、合作精神、懂规矩、自我控制力好等品质。</p>', '8');
DELETE FROM edu_course_exercise_comment WHERE id='2222761';
INSERT INTO edu_course_exercise_comment (id, path, course_exercise_qa_id, comment) VALUES ('2222761', ',2222761', '2222761', '<p>这个案例体现了教师在实际教学过程中运用了因材施教原则、集体教育与个别教育相结合的原则、以及依靠积极因素，客服消极因素的原则、尊重学生与严格要求学生相结合原则。</p><p>①因材施教原则。因材施教原则是指进行德育要从学生品德发展的实际出发，根据他们的年龄特征和个性差异进行不同的教育，使每个学生的品德都能得到更好的发展。案例中小捣蛋们爱好篮球，因而王老师从打篮球出发，因势利导，用区别于其他同学的教学方式引导他们。</p><p>②集体教育与个别教育相结合。在德育过程中，教育者要善于组织和教育学生热爱集体，并依靠集体教育每个学生，同时通过对个别学生的教育，来促进集体的形成和发展，从而把集体教育和个别教育有机结合起来。案例中王老师通过指导他们组建篮球队，锻炼的他们的团队精神，恰好运用了集体对个人的影响，反过来队长的设立，也起到关键作用。</p><p>③依靠积极因素，克服消极因素。依靠积极因素，克服消极因素的原则是指在德育工作中，教育者要善于依靠、发扬学生自身的积极因素，调动学生自我教育的积极性，克服消极因素，实现品德发展内部矛盾的转化。案例中小捣蛋的积极因素是爱好运动，积极活泼开朗热情。但消极因素是无规矩、破坏性强、扰乱秩序。因此，王老师通过组建篮球队，既发扬了他们的积极因素，又克服了他们的消极因素。</p><p>④尊重学生与严格要求学生相结合。尊重学生与严格要求学生相结合的原则是指进行德育要把对学生的思想和行为的严格要求与对他们个人的尊重和信赖结合起来，使教育者对学生的影响与要求易于转化为学生的品德。案例中，王老师并没有对他们的打篮球行为嗤之以鼻，而是尊重他们的爱好，让他们组建篮球队。但是，必须做到严于律己，纪律严明，坚持训练，磨练意志。因此，最终练就了团队意识、合作精神、懂规矩、自我控制力好等品质。</p>');
DELETE FROM edu_course_exercise WHERE id='197668';
INSERT INTO edu_course_exercise (id, question_type, course_id, content, easy_error, source, dw_checked, is_pk) VALUES ('197668', '15', '70707070', '<p>        王老师正在上课，忽然发现刘超正在聚精会神玩电子游戏机，为了不影响学生注意，又能制止刘超玩游戏机，王老师采取了适当的方法，保证了课堂有序进行。</p>', '', '2016年7月31日山东日照莒县教师招聘《公共学科知识+教育学、心理学相关知识》（职教教师）第54题', '1', '0');
DELETE FROM edu_course_exercise_qa WHERE id='2222762';
INSERT INTO edu_course_exercise_qa (id, course_exercise_id, type, question, cando, answer, total_score) VALUES ('2222762', '197668', '15', '<p>请问王老师采用的何种方法？（至少举出2种方法）<br></p>', '1', '<p>方法一：老师运用非言语的手段。王老师可以选择适当的时候通过慢慢走近刘超来制止上课玩游戏。</p><p>方法二：王老师可以创设一个互动情境让刘超参与进来，让刘超给大家讲讲游戏中的故事，大家回家后写自己最喜爱的一种活动，把过程讲清楚。既纠正其问题行为，并维护课堂的有序进行。</p>', '4');
DELETE FROM edu_course_exercise_qa WHERE id='2222763';
INSERT INTO edu_course_exercise_qa (id, course_exercise_id, type, question, cando, answer, total_score) VALUES ('2222763', '197668', '15', '<p>你认为应如何正确对待学生的课堂行为？</p>', '1', '<p>（1）运用积极的言语和非言语手段调控</p><p>（2）合理运用惩罚</p><p>（3）引导学生参与学习活动，不留给学生违纪的时间</p><p>（4）进行心理辅导</p>', '2.05');
DELETE FROM edu_course_exercise_comment WHERE id='2222762';
INSERT INTO edu_course_exercise_comment (id, path, course_exercise_qa_id, comment) VALUES ('2222762', ',2222762', '2222762', '<p>方法一：老师运用非言语的手段。王老师可以选择适当的时候通过慢慢走近刘超来制止上课玩游戏。</p><p>方法二：王老师可以创设一个互动情境让刘超参与进来，让刘超给大家讲讲游戏中的故事，大家回家后写自己最喜爱的一种活动，把过程讲清楚。既纠正其问题行为，并维护课堂的有序进行。</p>');
DELETE FROM edu_course_exercise_comment WHERE id='2222763';
INSERT INTO edu_course_exercise_comment (id, path, course_exercise_qa_id, comment) VALUES ('2222763', ',2222763', '2222763', '<p>（1）运用积极的言语和非言语手段调控</p><p>（2）合理运用惩罚</p><p>（3）引导学生参与学习活动，不留给学生违纪的时间</p><p>（4）进行心理辅导</p>');
DELETE FROM edu_course_exercise WHERE id='197682';
INSERT INTO edu_course_exercise (id, question_type, course_id, content, easy_error, source, dw_checked, is_pk) VALUES ('197682', '15', '70707070', '<p>阅读材料，回答问题。</p><p>       有一次跟朋友聊天聊到学生问题层出不穷时感叹道：“班主任每天就像消防员一样到处救火，费时费力还不见效，这样的日子何时才是头啊。”朋友真诚的跟我说：“你换一个角度来看学生问题时，或许问题就不是问题了，而是你跟问题的关系了，问题产生了，成了既定事实，无论你是骂还是打，都改变不了事实，能做的就是分析思考：‘你以及你的学生可以从这些问题中获得哪些成长的养料呢?’”</p><p>       我听了这些话就好比黑灯瞎火中突然看见一盏明灯心里一下子就亮堂了。有了这样的思维模式，我的行为模式也就改变了。学生搞出问题后，首先我会迅速让自己冷静下来，既然已成事实，我要做的就是把负面影响降到最低！</p><p>       然后，我还会进一步问自己，这是问题吗？究竟是学生的行为没有达到我的预期而让我觉得这是个问题，还是相关的评价标准有问题，从而错评了学生的行为？</p><p>       ——资料来源：钟杰，我要给学生种下美梦，人民教育，2017(1)</p>', '', '2018年7月7日年安徽省教师招聘考试《教育综合知识》（小学）题第55题', '1', '0');
DELETE FROM edu_course_exercise_qa WHERE id='2224023';
INSERT INTO edu_course_exercise_qa (id, course_exercise_id, type, question, cando, answer, total_score) VALUES ('2224023', '197682', '15', '<p>（1）谈谈你对小学生班主任角色的认识？</p>', '1', '<p>（1）班主任是指在学校中全面负责一个教学班学生的思想、学习、健康与生活等工作的教师。小学班主任角色包括： </p><p>① 班主任是班集体的组织者和教育者。班主任对班集体的组织建设负有专门的责任。</p><p>② 班主任是学生全面发展的指导者。学生正处在身心发展的重要时期，他们要长身体、长知识、增长独立生活和工作的能力，需要班主任专门指导，使他们在德、智、体等诸方面得到生动、活泼、主动的发展。</p><p>③ 班主任是联系班级中各任课教师的纽带。班主任的作用就是使各位教师互相配合、步调一致，统一教育要求，形成教育合力，以增强教育的整体效应。</p><p>④ 班主任是沟通学校与家庭、社会的桥梁。班主任正是按照国家的教育目的、教育政策以及学校的教育要求来协调各方面对学生的影响，在沟通学校、家庭、社会教育力量的过程中起着桥梁作用。</p><p>⑤ 班主任是学校领导实施教学、教育工作计划的得力助手和骨干力量。学校一般是通过班级来开展教学、教育工作的。因此，班主任在学校工作中有着特殊的地位和作用，是学校领导的得力助手，是办好学校的骨干力量。</p><p>总之，小学班主任在学校中担任的角色是多方面的，小学班主任的工作方式和效果，在很大程度上取决于班主任对自己所扮演的角色的正确认识。小学班主任只有树立起正确的角色意识，才能全力地投入到班级的管理工作中。</p>', '5');
DELETE FROM edu_course_exercise_qa WHERE id='2224023613';
INSERT INTO edu_course_exercise_qa (id, course_exercise_id, type, question, cando, answer, total_score) VALUES ('2224023613', '197682', '15', '<p>（2）假如你是一名小学生班主任，应该如何创新性地开展班主任工作？</p>', '1', '<p>（2）随着素质教育的实施和不断深入，越来越多的实践证明了班主任是学生全面发展，健康成长的导师和领路人。作为班集体灵魂的班主任应该充分认识到自己所承担的历史重任。假如我是一名小学生班主任，我将从以下几方面开展班主任工作：</p><p>① 了解和研究学生。了解与研究学生是班主任工作的前提和基础，可以使用观察法、谈话法、调查访问等多种方法准确、全面的了解学生的特征与班级状况，从而更加有针对性的对学生进行教育与评价；</p><p>② 组织与培养班集体。这是班主任工作的中心环节，班主任可以在了解班级情况的基础上培养一支优秀的班干部队伍，明确集体纪律，营造良好班风；</p><p>③ 建立学生成长档案并组织班会活动、课外活动。班会活动与课外活动是班主任对学生进行教育的一种有效形式和重要阵地，因此班主任可以通过班会与课外活动丰富学生生活，提升学生品行；</p><p>④ 协调各种教育影响。班主任在进行教育时应坚持影响的一致性与连贯性的原则，协调任课教师、学生家庭以及社会等多方面的影响，从而形成教育合力；</p><p>⑤ 进行操行评定。操行评定是以教育目的为指导思想，对学生一个学期内在学习、劳动、生活、品行等方面的小结与评价。班主任应针对不同学生的不同情况，分层进行综合评价，从而促进学生良性发展；</p><p>⑥ 写好班主任工作计划与总结。班主任应该在班级发展水平上提前做好规划，并在一个完整的工作时间段内对班级的工作状况进行全面的、恰如其分的总结；</p><p>⑦ 开展个别教育工作。个别教育工作是针对不同学生，包括优等生、中等生和后进生的教育。不同类型的学生有不同的特点，班主任应针对其自身需求提出不同要求，从而引导学生发展、进步；</p><p>⑧ 不断反思与总结。反思是班主任不断成长、提升自身能力的重要途径，因此，班主任可以通过反思班级活动，使自身素质得到提升、教育效果得以加强，使以后的活动得以优化。</p><p>综上所述，班主任工作是一门艺术，艺术的生命力在于不断创新。在工作中只有讲究科学、创新、艺术，与时俱进，才能使班主任工作见实效，真正促进学生的全面健康成长。</p>', '10');
DELETE FROM edu_course_exercise_comment WHERE id='2224023';
INSERT INTO edu_course_exercise_comment (id, path, course_exercise_qa_id, comment) VALUES ('2224023', ',2224023', '2224023', '<p>（1）第一：根据问题回归材料；第二：将题目中涉及相关理论进行完善并且完整论述；第三：总结观点。</p>');
DELETE FROM edu_course_exercise_comment WHERE id='2224023613';
INSERT INTO edu_course_exercise_comment (id, path, course_exercise_qa_id, comment) VALUES ('2224023613', ',2224023613', '2224023613', '<p>（2）第一：根据问题回归材料；第二：将题目中涉及相关理论进行完善并且完整论述；第三：总结。</p>');
DELETE FROM edu_course_exercise WHERE id='197683';
INSERT INTO edu_course_exercise (id, question_type, course_id, content, easy_error, source, dw_checked, is_pk) VALUES ('197683', '15', '70707070', '<p>阅读材料，回答问题。</p><p>       学校教研处于我国教研体系的末端，是各级教研的落脚点，学校教研水平直接影响教育教学的质量。</p><p>       当前，学校教研存在碎片化，无序化状况：一些地方的省市县级教研在学校层面难以落实到位，一些学校教研组功能被严重弱化，教研流于形式；一些教师被动教研。教研效果大大降低。</p><p>       因此，教研作为学校的常规工作，必须打破“常规”，在传承中创新，在创新中突破，亟须学校厘清教研目标和方向，整体规划和设计学校、学科、教师各个层面的研究和组织机构，找到适合教研主题和教研形态，提升教研的效益和质量。</p><p>       需要学校协调好教研组、年级组、备课组的工作，让教研组“强”起来。</p><p>       需要创新管理和激励机制，让教师成为研究的主人。</p><p>       需要教师跳出学段或学科研究教学，研究学生，找到适合自己的教研内容和方式，在深度教研中实现专业成长。</p><p>       ……</p><p>       （资料来源：《人民教育》编辑部，学校教研创新[J]，人民教育，2018(2)）</p>', '', '2018年7月7日年安徽省教师招聘考试《教育综合知识》（小学）题第56题', '1', '0');
DELETE FROM edu_course_exercise_qa WHERE id='2224036';
INSERT INTO edu_course_exercise_qa (id, course_exercise_id, type, question, cando, answer, total_score) VALUES ('2224036', '197683', '15', '<p>（1）教研对小学教师专业发展有何意义?</p>', '1', '<p>（1）</p><p>教师专业发展是指教师在整个专业生涯中，依托专业组织、专门的培养制度和管理制度，通过持续的专业教育，习得教育科学专业技能，形成专业理想、专业道德和专业能力，从而实现专业自主的过程。教师专业发展主要包括专业知识、专业能力、专业态度等几个方面的发展，而开展教研活动是促进教师专业发展的一大利器，其意义主要体现在以下几个方面：</p><p>①开展教研活动能够提高小学教师的专业知识和专业素养。借助教研活动，教师能够拓展自己的知识面，能够提高教师专业素养，向新课改提倡的学习型教师、研究型教师不断迈进。</p><p>②开展教研活动能够提高小学教师的教学反思能力。教学反思能力是指教师对教育教学实践的再认识、再思考，并以此来总结经验教训，进一步提高教育教学水平的能力。教学反思一直以来是教师提高个人业务水平的一种有效手段，开展教研活动能够提高教师的教学反思能力，通过教研教师能够不断反思自己的教学，在反思中不断成长，在反思中发展。</p><p>③开展教研活动能够提高小学教师的专业能力。教师的专业能力一般来说是教师从事教学活动、完成教学任务的能力。通过教研，教师能把教学困惑、观点、经验与其他教师分析，改变了教师以往的个体狭隘学习和工作状态，促进了教师专业能力的提高和良好习惯的形成。</p><p>④开展教研活动能够促进小学教师的专业理想、情意的升华。专业理想是教师对成为一个成熟的教育教学专业工作者的向往与追求，它为教师提供了奋斗的目标，是推动教师专业发展的巨大动力。通过教研活动的开展，互相分享教学成果，能够提升教师对于自己工作的认同感，能够提升作为一名教师成就感和荣誉感，从而促进了教师专业理想的升华，成为推动教师专业发展的巨大动力。</p><p>综上所述，教研作为总结教学经验，发现教学问题和解决问题的方法在小学教师专业发展的过程中起着不可或缺的作用，对小学教师专业发展具有重大意义。</p>', '7');
DELETE FROM edu_course_exercise_qa WHERE id='222403674';
INSERT INTO edu_course_exercise_qa (id, course_exercise_id, type, question, cando, answer, total_score) VALUES ('222403674', '197683', '15', '<p>（2）请列举并说明你所熟悉的小学教研活动形式。</p>', '1', '<p>（2）</p><p>我所熟悉的小学教研活动形式主要有以下几种：</p><p>①听课、评课式教研活动，也就是公开课。这种方式是传统的教研活动形式。通过听课、评课活动可以形成良好的学习氛围，达到促进教师之间相互学习，取长补短，共同提高教学水平的目的。</p><p>②同课异构、同构异课等教研活动。其中，同课异构是指同一节的内容（同课都是“整数除以分数”这个内容），由不同老师根据自己的实际、自己的理解，自己备课并上课。“异课同构”就是不同的教学内容可以用同样一种教学模式，甚至同一种教学结构、同一种教学方法来完成课堂教学。</p><p>③集体备课。教师集体备课是以备课组为单位，组织教师开展集体研读大纲和教材、分析学情、制定学科教学计划、分解备课任务、审定教学设计、反馈教学实践信息等系列活动。</p><p>④专题研究。专题研究主要是针对教学过程中存在的一些突出需要解决的问题，运用科学方法，有目的、有计划地去探索教学规律的研究活动。其根本目的是为了深化教学改革，提高教学质量。</p><p>⑤随着现在科技、计算机的发展，出现了互联网+教研，涌现了一系列新兴的教研方式。例如：录制微课、网络教研等。</p>', '8');
DELETE FROM edu_course_exercise_comment WHERE id='2224036';
INSERT INTO edu_course_exercise_comment (id, path, course_exercise_qa_id, comment) VALUES ('2224036', ',2224036', '2224036', '<p>（1）第一：根据问题回归材料；第二：将题目中涉及相关理论进行完善并且完整论述；第三：总结观点。</p>');
DELETE FROM edu_course_exercise_comment WHERE id='222403674';
INSERT INTO edu_course_exercise_comment (id, path, course_exercise_qa_id, comment) VALUES ('222403674', ',222403674', '222403674', '<p>（2）第一：根据问题回归材料；第二：将题目中涉及相关理论进行完善并且完整论述；第三：总结观点。</p>');
DELETE FROM edu_course_exercise WHERE id='197684';
INSERT INTO edu_course_exercise (id, question_type, course_id, content, easy_error, source, dw_checked, is_pk) VALUES ('197684', '15', '70707070', '<p>阅读材料，回等问题。</p><p>       物理学大师费曼说：“我讲授的目的不是为你们参加考试，我最喜欢做的是展示这个奇妙世界的一部分供你们欣赏……”</p><p>       在教育孩子的过程中，我国一些家长和教师认为，任何兴趣都不是凭空而来的，当孩子有了一定成就，没准就会产生兴趣。所以，这些家长才会逼迫孩子上各种补习班；教师才会不停地给学生灌输知识，罚学生抄很多遍作业等。</p>', '', '2018年7月7日年安徽省教师招聘考试《教育综合知识》（小学）题第57题', '1', '0');
DELETE FROM edu_course_exercise_qa WHERE id='2224059';
INSERT INTO edu_course_exercise_qa (id, course_exercise_id, type, question, cando, answer, total_score) VALUES ('2224059', '197684', '15', '<p>（1）请你谈谈兴趣对学习的作用。</p>', '1', '<p>（1）兴趣是人们对事物的一种认识倾向，伴随着积极的情绪体验，特别是对个体的认知活动有巨大的推动作用。结合材料，兴趣对学习的作用包括：</p><p>① 对将要从事的活动起着推动作用，即兴趣能变“厌学”为“乐学”。夸美纽斯说：“课堂应是快乐的场所。”兴趣与积极、愉快的情感相伴随，有了它学生视学习为乐事，自觉“心中喜悦”，充满愉快。学生想干的事才能干得好。</p><p>② 对正在进行的活动具有推动作用，即兴趣能变学习的“低效率”为“高效率”。无兴趣的学习，脑细胞呈封闭状态，排斥外界信息，表现为不想学，一学习就感到头痛，用脑效率自然就低。有兴趣的学习，脑细胞活跃，信息接收快，脑力劳动效率高。</p><p>③ 对学生的创造性活动具有促进作用，即兴趣能变“被动学习”为“主动学习”。兴趣产生巨大的内驱力，是学习中的巨大推动力。培养兴趣可以充分发挥意识的能动性，甚至创造性地解决学习过程中遇到的各种困难和问题。</p><p>④ 对未来生活和发展具有准备作用。兴趣的培养和形成，直接关系到学生学习的志趣，志向确立和个性发展，对将来的事业有重大的价值。</p>', '5');
DELETE FROM edu_course_exercise_qa WHERE id='22240598';
INSERT INTO edu_course_exercise_qa (id, course_exercise_id, type, question, cando, answer, total_score) VALUES ('22240598', '197684', '15', '<p>（2）如何培训小学生的学习兴趣？</p>', '1', '<p>（2）培训小学生的学习兴趣包括：</p><p>① 通过各种活动发展学生的兴趣；</p><p>② 通过提高教学水平，引发学生兴趣；</p><p>③ 引导学生将广阔兴趣与中心兴趣结合起来；</p><p>④ 要根据学生的年龄特征来提高学生的学习兴趣；</p><p>⑤ 要根据学生的知识基础培养学生的学习兴趣；</p><p>⑥ 通过积极的评价，使学生的兴趣得以强化；</p><p>⑦ 充分利用原有兴趣的迁移。</p>', '10');
DELETE FROM edu_course_exercise_comment WHERE id='2224059';
INSERT INTO edu_course_exercise_comment (id, path, course_exercise_qa_id, comment) VALUES ('2224059', ',2224059', '2224059', '<p>（1）第一：根据问题回归材料；第二：将题目涉及相关理论进行完善并完整论述；第三：结合材料进行分析。</p>');
DELETE FROM edu_course_exercise_comment WHERE id='22240598';
INSERT INTO edu_course_exercise_comment (id, path, course_exercise_qa_id, comment) VALUES ('22240598', ',22240598', '22240598', '<p>（2）第一：根据问题回归材料；第二：将题目涉及相关理论进行完善并完整论述；第三：结合材料进行分析。</p>');
DELETE FROM edu_course_exercise WHERE id='197735';
INSERT INTO edu_course_exercise (id, question_type, course_id, content, easy_error, source, dw_checked, is_pk) VALUES ('197735', '15', '70707070', '<p>       对某乡村中学八年级（1）班的学生来说，付老师就是最亲爱的人，晓彤天生听力障碍，又遭遇家庭不幸，因而性格孤僻，意志消沉。尽管工资微薄，付老师毅然自己掏钱给他配上了助听器。小杰是班里的“问题学生”，付老师经过家访找到了小杰“任性”的根源，有针对性地对其实施教育和引导，最终使小杰成为班里品学兼优的好学生。小龙一直是班里的尖子生，后来由于早恋出现了迟到早退现象，成绩明显下降。付老师多次找他推心置腹的谈心，终于使其认识到早恋的危害并加以改正。</p>', '', '2015年7月25日河南省特岗教师招聘考试《教育综合知识》题第26题', '1', '0');
DELETE FROM edu_course_exercise_qa WHERE id='2226762';
INSERT INTO edu_course_exercise_qa (id, course_exercise_id, type, question, cando, answer, total_score) VALUES ('2226762', '197735', '15', '<p>请结合案例，分析教师关爱学生的基本要求。</p>', '1', '<p>《中小学教师职业道德规范》中关于“关爱学生”方面所规定的具体职业行为要求有以下几点：</p><p>（1）关心爱护全体学生，尊重学生人格，平等公正对待学生。材料中，付老师在教学当中对待全班每一个同学都非常的照顾，对晓彤的生活给予了很大的支持，且当小杰出现“问题行为”及小龙早恋时没有一直批评，而是积极的教育引导和谈心，体现出其对学生人格的尊重。</p><p>（2）对学生严慈相济，做学生的良师益友。关爱学生不是不要严格，然而严格不意味着没有宽容，学生成长总是会出现这样那样的问题。材料中，当小杰和小龙出现学习问题时，老师没有置之不理也没有“一棒子打死”，站在学生的角度帮助其解决问题，体现了亦师亦友的师生关系。</p><p>（3）保护学生安全，关心学生健康，维护学生权益。关爱学生还要求老师对学生的安全、健康和权益负责。材料中，晓彤出现听力障碍及家庭不幸时，老师积极帮助，避免了其产生不良的心理问题，自己花钱给其配上助听器，让学生更好的接受了课堂的教育，保证了学生的心理健康和受教育的权利。</p><p>（4）不讽刺、挖苦、歧视学生、不体罚或变相体罚学生。在语言，上讽刺、挖苦学生，在态度上歧视学生，这是职业行为上不容许的。材料中，小杰和小龙出现问题时，付老师都没有对其进行严厉的批评，认为他们是“坏孩子”，更没有对他们进行简单粗暴的体罚，而是耐心的帮助，有针对性的指导，推心置腹的谈心，体现了教育方法的正确选择。</p><p>综上所述，教师关爱学生应做到“关心爱护全体学生，尊重学生人格，平等公正对待学生。对学生严慈相济，做学生良师益友。保护学生安全，关心学生健康，维护学生权益。不讽刺、挖苦、歧视学生，不体罚或变相体罚学生。”</p>', '9');
DELETE FROM edu_course_exercise_comment WHERE id='2226762';
INSERT INTO edu_course_exercise_comment (id, path, course_exercise_qa_id, comment) VALUES ('2226762', ',2226762', '2226762', '<p>第一：根据问题回归材料；第二：将题目涉及相关理论进行完善并完整论述；第三：结合材料进行分析。</p>');
DELETE FROM edu_course_exercise WHERE id='197736';
INSERT INTO edu_course_exercise (id, question_type, course_id, content, easy_error, source, dw_checked, is_pk) VALUES ('197736', '15', '70707070', '<p>       科学地预设教学目标是上好一节课的前提和基础。下面是两位老师为同一节英语课“This is sister”预设的教学目标，阅读后按要求答题：</p><p><img width="633px" height="300px" src="https://fb.fbstatic.cn/api/tarzan/images/164a0ffca780def.png?width=700" /></p>', '', '2015年7月25日河南省特岗教师招聘考试《教育综合知识》题第27题', '1', '0');
DELETE FROM edu_course_exercise_qa WHERE id='2226770';
INSERT INTO edu_course_exercise_qa (id, course_exercise_id, type, question, cando, answer, total_score) VALUES ('2226770', '197736', '15', '<p>请分析哪一位老师预设的教学目标较为理想，并说明理由。</p>', '1', '<p>通过对比两位老师的预设教学目标，我认为第一位老师的预设教学目标较为理想。具体理由如下：</p><p>（1）教学过程的基本规律之一是掌握知识与发展能力相统一。材料中，第一位老师通过“单词游戏”“听说练习”“巩固训练”“观看视频”等方式，充分调动学生参与课堂的积极性，帮助学生在学习知识的同时，锻炼其能力，体现了教学的双边活动过程。因此，教学目标更能实现；第二位老师偏向于传统的课程安排，仅用“学习”“背诵”“掌握”等词，仅仅是简简单单的掌握知识，对于实际能力的运用却有所忽略。</p><p>（2）课堂上教学方式多样，有利于营造良好的课堂氛围，实现教学目标。材料中，第一位老师设计的教学方法较为多样，包含“游戏”“视频”等教学方法，更易于学生接受，从而实现预设的教学目标；第二位教师的教学方法较为呆板，主要是传统的教授形式进行，会让课堂枯燥无味，无法调动学生的学习兴趣。</p><p>（3）做到三维目标的全面实现。材料中，第一位老师的预设过程，不仅仅是让学生学习新知识，锻炼其能力，更通过“视频”形式增强亲情感，从而全面的实现三维目标；第二位老师在能力目标与情感目标上都较为薄弱，无法全面的实现三维目标。</p><p>综上所述，我认为第一位老师的预设教学目标更符合课文、教学需要与学生实际。因此，这是较为理想的教学目标。</p>', '8');
DELETE FROM edu_course_exercise_comment WHERE id='2226770';
INSERT INTO edu_course_exercise_comment (id, path, course_exercise_qa_id, comment) VALUES ('2226770', ',2226770', '2226770', '<p>第一：根据问题回归材料；第二：判断哪位老师的教学目标较为理想；第三：结合材料进行分析。</p>');
DELETE FROM edu_course_exercise WHERE id='197737';
INSERT INTO edu_course_exercise (id, question_type, course_id, content, easy_error, source, dw_checked, is_pk) VALUES ('197737', '15', '70707070', '<p>       下面是一位老师在上课过程中遇到突发事件，该老师成功地化解了该事件，确保了教学活动的顺利开展。在一次公开课上，执教老师对一个胖乎乎的男孩说：“请你把这段课文给大家读一下，好吗？”“老师，现在我不想读”这名学生不顾有听课老师在场，大胆地表达了自己的意愿。“你有权保持沉默。”执教老师笑容依然：“我们会耐心地等待，以后再欣赏你的精彩表现。”果然，在后半节课上，这个学生主动发言，以自己精彩的朗读博得了听课老师和学生们的热烈掌声。</p>', '', '2015年7月25日河南省特岗教师招聘考试《教育综合知识》题第28题', '1', '0');
DELETE FROM edu_course_exercise_qa WHERE id='2226771';
INSERT INTO edu_course_exercise_qa (id, course_exercise_id, type, question, cando, answer, total_score) VALUES ('2226771', '197737', '15', '<p>请分析该老师在处理这一事件时所体现的教育教学素养。</p>', '1', '<p>我认为该教师在处理这一事件时体现了如下的教育教学素养：</p><p>（1）关爱学生。《中小学教师职业道德规范》中，明确教师关爱学生应做到“关心爱护全体学生，尊重学生人格，平等公正对待学生。对学生严慈相济，做学生良师益友。保护学生安全，关心学生健康，维护学生权益。不讽刺、挖苦、歧视学生，不体罚或变相体罚学生。”材料中，执教老师面对学生在课堂上不愿意朗读时，采取尊重、鼓励的话语行为，是关爱学生的表现。</p><p>（2）良好的心理素质修养。材料中，教师有着一颗热爱学生、乐观向上的心境，面对突发情况，不感情用事，善于控制自己的情绪，是良好心理素质的体现。</p><p>（3）呈现较高的教育机智。材料中，面对公开课的突发情况，能够沉着冷静，并保持微笑解决事情，充分体现了该教师有着较高的教育机智。</p><p>（4）符合新课改的教师观。新课改要求教师应该是学生学习的促进者，从过去仅作为知识传授者这一核心角色解放出来，促进以学习能力为重心的学生整体个性的和谐、健康发展。材料中，执教老师并没有只想到公开课上一味让学生配合，而是给予该生鼓励：“我们会耐心地等待，以后再欣赏你的精彩表现。”最终学生后面表现的也很精彩，激发他参与课堂教学，促进该生的学习。</p><p>综上所述，材料中的教师是一位关爱学生，拥有良好心理素质、较高教育机智的新时代下的好老师。</p>', '8');
DELETE FROM edu_course_exercise_comment WHERE id='2226771';
INSERT INTO edu_course_exercise_comment (id, path, course_exercise_qa_id, comment) VALUES ('2226771', ',2226771', '2226771', '<p>第一：根据问题回归材料；第二：结合材料进行分析，列举体现的教育教学素养。</p>');
DELETE FROM edu_course_exercise WHERE id='197747';
INSERT INTO edu_course_exercise (id, question_type, course_id, content, easy_error, source, dw_checked, is_pk) VALUES ('197747', '15', '70707070', '<p>       卢沟桥在北京郊（jiāo）区的永定河上。它修建于公元1189到1192年间。</p><p>       卢沟桥设计科学，造型美观。它全长266.5米，由11个半圆形的石拱（gǒng）桥组成。每个石拱长度不一，短的16米，长的21米多。石拱之间有石桥墩（dūn），把11个桥拱连成一个整体，所以叫连拱桥。以前永定河发大水时水势很猛，两岸河堤（dī）常被冲毁，但是这座连拱桥却完好无损（sǔn）。桥宽约7.5米，桥面平坦（tǎn），几乎与河面平行。桥面用石板铺成，两侧有石栏、石柱，石柱上面有精刻的石狮，共501个。这些石狮姿态各异：有的母子相抱，有的相互戏耍，有的像在倾听流水声，有的像在检阅（yuè）桥上的车马……真是千姿百态，栩（xǔ）栩如生。桥东的碑（bēi）亭内立着一块汉白玉碑，上面刻着清朝乾（qián）隆皇帝题的“卢沟晓月”四个大字，为燕[yān]京八景之一。</p><p>       早在13世纪，卢沟桥就闻名世界。那时候有个叫马可•波罗的意大利旅行家来过中国，他说卢沟桥是“世界上最好的、独一无二的”，桥栏柱上的狮子是“美的奇观”。</p><p>       1937年7月7日，日本侵（qīn）略者向卢沟桥发起攻击，我国军队奋起反抗。这就是著名的“卢沟桥事变”，也称“七七事变”。从此，我国开始了八年的抗日战争。</p><p>       现在，卢沟桥附近有中国人民抗日战争纪念馆（guǎn）和纪念碑。每年7月7日，这里都要开展各种形式的纪念活动，缅（miǎn）怀历史，悼（dào）念先烈。</p>', '', '2015年7月19日河北省特岗教师招聘《教育理论基础》题第29题', '1', '0');
DELETE FROM edu_course_exercise_qa WHERE id='2226772';
INSERT INTO edu_course_exercise_qa (id, course_exercise_id, type, question, cando, answer, total_score) VALUES ('2226772', '197747', '15', '<p>按照新课程三维目标的要求，简要写出以下短文的教学目标。</p>', '1', '<p>教学目标：</p><p>1.知识与技能目标：</p><p>（1）学会本课的生字新词，理解由生字组成的词语，掌握多音字“燕”。</p><p>（2）能准确流利，有感情地朗读课文。会运用“有的……有的……”造句。</p><p>2.过程与方法目标：</p><p>（1）通过朗读课文，培养学生语言表达能力。</p><p>（2）创设“说说我眼中的卢沟桥”环节，培养学生结合句子、联系上下文理解课文的能力和竞争意识。</p><p>3.情感态度与价值观目标：</p><p>（1）通过了解卢沟桥的建筑特点，体会我国劳动人民的智慧和创造力，激发学生的民族自豪感。</p><p>（2）通过了解“七七事变”的经过，认识卢沟桥作为抗日战争正式开始的地点的历史意义，激发学生的爱国之情。</p>', '16.0');
DELETE FROM edu_course_exercise_comment WHERE id='2226772';
INSERT INTO edu_course_exercise_comment (id, path, course_exercise_qa_id, comment) VALUES ('2226772', ',2226772', '2226772', '<p>新课程改革实现了课程功能的转变，改变原来课程过于注重知识传授的倾向，强调形成积极主动的学习态度，引导学生学会学习、学会生存、学会做人。新课程的教学目标为三维目标：知识与技能，过程与方法，情感态度与价值观。《卢沟桥》是小学语文出版社S版三年级下册的内容，根据学生的实际情况，设置教学目标时应该做到：（1）知识与技能目标：掌握基础性知识，比如字词、句子和段落；（2）过程与方法目标：通过教学方法展开的过程，学生在这一过程中学会方法和锻炼能力；（3）情感态度与价值观目标：学习本课后，学生在情感上的提升和感悟。</p>');
DELETE FROM edu_course_exercise WHERE id='197795';
INSERT INTO edu_course_exercise (id, question_type, course_id, content, easy_error, source, dw_checked, is_pk) VALUES ('197795', '15', '60606060', '<p>案例：</p><p>       张老师执教《千枝百态的水》一课时，教学程序如下：</p><p>       （1）播放不同的水声音频，学生闭眼聆听，进行联想，然后，学生自由手绘表达，完成第一次作业；</p><p>       （2）老师展示学生作业，给予评价后，进入图片欣赏环节，讨论水的不同形态，引出课题“千姿百态的水”</p><p>       （3）学生选着自然界中水的图片，仔细观察水的形态进行第二次作业，尝试用点、线、面等造型元素表现出水的形态；教师再次展示学生作业并进行点评；</p><p>       （4）在美术作品欣赏环节，教师对马家窑《旋涡纹彩陶翁》和宋代马远《黄河逆流》等作品的水纹表达方法进行分析；</p><p>       （5）学生对第二次作业进行修改，努力表现出水的形态之美，完成理想的第三次作业。</p><p>问题：</p>', '', '2017年上半年教师资格证考试《初中美术》题第31题', '1', '0');
DELETE FROM edu_course_exercise_qa WHERE id='2228828';
INSERT INTO edu_course_exercise_qa (id, course_exercise_id, type, question, cando, answer, total_score) VALUES ('2228828', '197795', '15', '<p>（1）分析张老师教学设计的特点。</p>', '1', '<p>（1）①体现了新课标倡导的积极探索有效的教学方法。材料中张老师通过以三次由浅入深的作业、引导学生欣赏自然中的水和《漩涡纹彩陶翁》等作品，在教学过程中，通过对教学目标、教学情境、练习活动、学习评价等方面的精心策划和设计，提高了美术教学效果。</p><p>②营造有利于激发学生创新精神的学习氛围。材料中张老师引导学生闭眼聆听水的音频，设置问题情境，鼓励学生独立思考，发现问题，进行想象创作，有利于提升创新意识。</p><p>③多给学生感悟美术作品的机会，引导学生关注自然环境和社会生活。材料中张老师播放自然界中水的图片和马远等作品，引导学生通过观察、体验、等方法，积极开展探究、讨论和交流，提高审美品位和审美判断能力。</p><p>④运用美术学习档案袋、展示和课堂讨论等质性评价方法。材料中张老师多次展示学生作业进行评价，有助于学生积极参与到评价的过程中，及时认识到自己描绘水的作品中的优势和不足，提高动手实践能力。</p>', '12');
DELETE FROM edu_course_exercise_qa WHERE id='2228828296';
INSERT INTO edu_course_exercise_qa (id, course_exercise_id, type, question, cando, answer, total_score) VALUES ('2228828296', '197795', '15', '<p>（2）对三次作业的练习和安排，你如何评价？</p>', '1', '<p>（2）材料中赵老师首先引导学生手绘表达，紧接着通过赏析，以点线面形式尝试描绘水的形态，最后，结合名作的水纹特色，努力表现水的形态之美，环环相扣，由浅入深，有利于帮助学生全面掌握本课的基本知识与技能，突显了美术课程具有实践性的课程性质，发展视知觉能力、美术欣赏和表现能力以及对美术的综合运用能力。</p>', '8');
DELETE FROM edu_course_exercise_comment WHERE id='2228828';
INSERT INTO edu_course_exercise_comment (id, path, course_exercise_qa_id, comment) VALUES ('2228828', ',2228828', '2228828', '<p>（1）①体现了新课标倡导的积极探索有效的教学方法。材料中张老师通过以三次由浅入深的作业、引导学生欣赏自然中的水和《漩涡纹彩陶翁》等作品，在教学过程中，通过对教学目标、教学情境、练习活动、学习评价等方面的精心策划和设计，提高了美术教学效果。</p><p>②营造有利于激发学生创新精神的学习氛围。材料中张老师引导学生闭眼聆听水的音频，设置问题情境，鼓励学生独立思考，发现问题，进行想象创作，有利于提升创新意识。</p><p>③多给学生感悟美术作品的机会，引导学生关注自然环境和社会生活。材料中张老师播放自然界中水的图片和马远等作品，引导学生通过观察、体验、等方法，积极开展探究、讨论和交流，提高审美品位和审美判断能力。</p><p>④运用美术学习档案袋、展示和课堂讨论等质性评价方法。材料中张老师多次展示学生作业进行评价，有助于学生积极参与到评价的过程中，及时认识到自己描绘水的作品中的优势和不足，提高动手实践能力。</p>');
DELETE FROM edu_course_exercise_comment WHERE id='2228828296';
INSERT INTO edu_course_exercise_comment (id, path, course_exercise_qa_id, comment) VALUES ('2228828296', ',2228828296', '2228828296', '<p>（2）材料中赵老师首先引导学生手绘表达，紧接着通过赏析，以点线面形式尝试描绘水的形态，最后，结合名作的水纹特色，努力表现水的形态之美，环环相扣，由浅入深，有利于帮助学生全面掌握本课的基本知识与技能，突显了美术课程具有实践性的课程性质，发展视知觉能力、美术欣赏和表现能力以及对美术的综合运用能力。</p>');
DELETE FROM edu_course_exercise WHERE id='197796';
INSERT INTO edu_course_exercise (id, question_type, course_id, content, easy_error, source, dw_checked, is_pk) VALUES ('197796', '15', '60606060', '<p>案例：</p><p>       吴老师在《创意美术字》一课中，设计了一个课堂练习：让学生把同桌的名字设计成变体美术字。在作业评价环节，先进行自我评价，再由同桌的两位同学相互评价，并互赠留念......结果，有的同学认为自己的名字被设计得“丑陋”，心中不悦，引发了争执。</p><p>问题：</p>', '', '2017年上半年教师资格证考试《初中美术》题第32题', '1', '0');
DELETE FROM edu_course_exercise_qa WHERE id='2228833';
INSERT INTO edu_course_exercise_qa (id, course_exercise_id, type, question, cando, answer, total_score) VALUES ('2228833', '197796', '15', '<p>（1）你认为吴老师的教学有哪些优点、不足？</p>', '1', '<p>（1）①优点，能够采用多种评价方式来评价美术作业，学生先进行自我评价，再相互评价，并互赠留念。这种评价方式新颖并且能够引起学生的学习兴趣。</p><p>②不足，因为有的同学认为自己的名字被设计的丑而引发了争势，说明不能发挥评价的激励与反馈功能，不能使学生明确需要克服的弱点并找到发展的方向，没有促进学生在美术学习方面的发展。</p>', '16');
DELETE FROM edu_course_exercise_qa WHERE id='22288334';
INSERT INTO edu_course_exercise_qa (id, course_exercise_id, type, question, cando, answer, total_score) VALUES ('22288334', '197796', '15', '<p>（2）你对吴老师的教学有何建议？</p>', '1', '<p>（2）建议，在学生自评互评之后，可以增加师评环节，对学生的美术字作品可以从创作构思、表现方式及技能等方面进行，并在互评和师评环节给出相应的修改建议，进行修改之后再互赠留念。</p>', '4');
DELETE FROM edu_course_exercise_comment WHERE id='2228833';
INSERT INTO edu_course_exercise_comment (id, path, course_exercise_qa_id, comment) VALUES ('2228833', ',2228833', '2228833', '<p>（1）①优点，能够采用多种评价方式来评价美术作业，学生先进行自我评价，再相互评价，并互赠留念。这种评价方式新颖并且能够引起学生的学习兴趣。</p><p>②不足，因为有的同学认为自己的名字被设计的丑而引发了争势，说明不能发挥评价的激励与反馈功能，不能使学生明确需要克服的弱点并找到发展的方向，没有促进学生在美术学习方面的发展。</p>');
DELETE FROM edu_course_exercise_comment WHERE id='22288334';
INSERT INTO edu_course_exercise_comment (id, path, course_exercise_qa_id, comment) VALUES ('22288334', ',22288334', '22288334', '<p>（2）建议，在学生自评互评之后，可以增加师评环节，对学生的美术字作品可以从创作构思、表现方式及技能等方面进行，并在互评和师评环节给出相应的修改建议，进行修改之后再互赠留念。</p>');
DELETE FROM edu_course_exercise WHERE id='197840';
INSERT INTO edu_course_exercise (id, question_type, course_id, content, easy_error, source, dw_checked, is_pk) VALUES ('197840', '15', '60606060', '<p>案例：</p><p>       曹老师准备上颜真卿《祭侄文稿》临摹练习课，但学校里临摹用的桌子和字帖不够用。于是，他示范临摹给全体学生看，然后分别选了男女各一位同学代表，讲述自己的学习体会。</p>', '', '2018年上半年教师资格证考试《高中美术》题第31题', '1', '0');
DELETE FROM edu_course_exercise_qa WHERE id='197840194';
INSERT INTO edu_course_exercise_qa (id, course_exercise_id, type, question, cando, answer, total_score) VALUES ('197840194', '197840', '15', '<p>(2)并谈谈如何在条件大缺的情况下开展美术教学。</p>', '1', '<p>二、在条件大缺的情况下开展美术教学</p><p>在条件欠缺的情况下，可以通过学校之间的相互合作，整合资源，加强校际合作，给学生提供更好的学习条件。</p><p>教师可以利用有限的教学资源，通过仔细认真的备课，利用已有的教学资料，精心设计课堂。</p><p>学校可以与当地的企业合作，加强校企合作，通过这种形式，带动资源的利用，为学生提供良好的学习环境。</p><p>可以通过学生在课下自主的准备一些学具，来加强课堂学习的兴趣，提升学生对课堂知识的掌握。</p>', '6');
DELETE FROM edu_course_exercise_qa WHERE id='2230004';
INSERT INTO edu_course_exercise_qa (id, course_exercise_id, type, question, cando, answer, total_score) VALUES ('2230004', '197840', '15', '<p>(1)问题：对曹老师教学活动的优缺点进行评析</p>', '1', '<p>一、对曹老师教学活动的优缺点进行评析 </p><p>优点：（1）曹老师的教学方法应用灵活，在这节课中，由于临摹用的桌子和字帖不够用，曹老师采取示范讲解法，该教学方法能够结合课堂中教学条件的不足，帮助学生更好的掌握知识。</p><p>通过曹老师课堂上让学生讲授自己的感受，能够个、加强课上师生交流，及时掌握学生对知识的掌握情况。</p><p>缺点：（1）曹老师没有及时掌握教具情况，应该在课前做好上课充分准备，及时了解班级对课桌以及字帖的不足情况，提前更换教室或者多准备字帖来改善这些课堂中出现的硬件不足情况。</p><p>（2）曹老师可以在课堂中使用灵活的教学方法，随时根据课堂情况进行教学方法的更改。例如：可以运用小组合作练习的方式，促进学生学习的积极性，已经提高学生合作学习的动力。</p><p>（3）在给学生师范临摹的过程中，曹老师应该注重讲解与示范相结合，这样更能够加强学生对这节课知识的理解与掌握。</p><p>（4）在评价环节中，曹老师可以采用灵活多样的评价方法，例如：采用小组内生生互评，师生互评以及师评相结合的方式进行课堂评价。</p>', '14');
DELETE FROM edu_course_exercise_comment WHERE id='197840824';
INSERT INTO edu_course_exercise_comment (id, path, course_exercise_qa_id, comment) VALUES ('197840824', ',197840824', '197840194', '<p>第一：判断曹老师教学活动的优缺点；第二：将题目涉及相关教学方法进行完善并完整论述；第三：谈谈自己对这堂课的教学设计。</p>');
DELETE FROM edu_course_exercise_comment WHERE id='2230004';
INSERT INTO edu_course_exercise_comment (id, path, course_exercise_qa_id, comment) VALUES ('2230004', ',2230004', '2230004', '<p>第一：判断曹老师教学活动的优缺点；第二：将题目涉及相关教学方法进行完善并完整论述；第三：谈谈自己对这堂课的教学设计。</p>');
DELETE FROM edu_course_exercise WHERE id='197912';
INSERT INTO edu_course_exercise (id, question_type, course_id, content, easy_error, source, dw_checked, is_pk) VALUES ('197912', '15', '70707070', '<p>       张洋和李晨作为S中学初一年级⑺班的新生入学了。不久，两位学生的一些表现以起了老师的关注。</p><p>       张洋同学在小学阶段学习成绩优秀，对自己的目标定位也比较高，他常和周围的同学说：“S中学不是我该来的学校，老师讲课水平不行。”一次数学课上，他认为老师讲课内容有误，还顶撞老师，闹得非常不愉快。平时，张洋对班里的一些同学也明显表现出看不起。一些同学说，张洋和他们在一起聊天或做活动时，总是不耐烦，一不顺心就不高兴。李晨同学因父母工作忙，平时和爷爷奶奶一起生活，李晨特别喜欢街舞，但是他学习基础差，上课提不起精神，有时还趴在桌子上睡觉。爷爷奶奶跟老师说:“孩子在家就不怎么学习，一做作业就愣神，学习习惯太差了！”</p><p>       请根据案例背景回答以下问题。</p>', '', '2017年天津河西区、河北区、河东区、海河教育园区教师招聘考试《教育综合知识》题第82题', '1', '0');
DELETE FROM edu_course_exercise_qa WHERE id='2232328';
INSERT INTO edu_course_exercise_qa (id, course_exercise_id, type, question, cando, answer, total_score) VALUES ('2232328', '197912', '15', '<p>（2）请运用强化原理谈谈如何提高李晨同学的学习动机、改善学习习惯。</p>', '1', '<p>强化理论是指人的学习行为倾向完全取决于某种行为与刺激因强化而建立的稳固关系，因此，不断强化可以使这种联结得到加强和巩固。</p><p>依材料对李晨同学的描述，可采取以下措施提高其学习动机、改善学习习惯：</p><p>（1）以正强化为主，负强化慎用。李晨同学他学习基础差，上课提不起精神，有时还趴在桌子上睡觉，但特别喜欢街舞，学生和家长可以肯定他的舞技，给予愉快刺激，以此增强他的自信心，勇于面对学习；</p><p>（2）强化注意时效性和信息反馈。李晨同学平时和爷爷奶奶一起生活，因此，当他出现好的行为时，需要及时给予强化，并正视强化后的结果信息反馈，这样才能更好地促进提高学习动机，改善学习习惯；</p><p>（3）注意强化的数量。面对李晨同学这类的学生，运用多样的强化行为改善其学习习惯，但在强化过程中，需要注意数量，尤其是在发生质变后，更要妥善使用强化行为，否则会适得其反。</p>', '6.25');
DELETE FROM edu_course_exercise_comment WHERE id='2232328';
INSERT INTO edu_course_exercise_comment (id, path, course_exercise_qa_id, comment) VALUES ('2232328', ',2232328', '2232328', '<p>第一，依据问题判断知识点；第二，阐述强化原理；第三，结合材料分析如何提高学习动机、改善学习习惯。</p>');
DELETE FROM edu_course_exercise WHERE id='197913';
INSERT INTO edu_course_exercise (id, question_type, course_id, content, easy_error, source, dw_checked, is_pk) VALUES ('197913', '15', '70707070', '<p>       刘老师是一名中学骨干教师，近几年还担任班主任，她责任心非常强，对学生认真负责，带的班级学生学习成绩突出。</p><p>       暑期过后，学校举办“多彩假期生活”作品展，刘老师班级展示的作品大多数是学生参加暑期英语培训班、做暑期作业、互联网课程学习等的照片。一天，一位学生家长在微信群里和其他家长交流时说：“自从刘老师当上了咱孩子的班主任，孩子成绩真是进步很大。我从心里感谢老师，但是我又有了新的担心，就是孩子不像以前那么活泼和快乐了。对大自然和小孩子们都爱玩的活动也不像以前那么有好奇心了，有什么话也不跟我们家长说了，真不知是什么原因，是不是班主任给的学习压力太大了呀！”微信群里的一些家长也反映自己的孩子有类似的情况。</p><p>       刘老师班级开展的课外活动，基本上都是与学习有关的主题，如成语接龙比赛、速算比赛、历史知识竞赛、背诵化学元素表等。</p><p>       在教研活动中，刘老师的选题基本上集中在如何使用多媒体，如何实现教学内容，如何进行课堂教学进程控制等话题上。</p><p>       请根据案例背景回答以下问题：</p>', '', '2017年天津河西区、河北区、河东区、海河教育园区教师招聘考试《教育综合知识》题第84题', '1', '0');
DELETE FROM edu_course_exercise_qa WHERE id='2232332';
INSERT INTO edu_course_exercise_qa (id, course_exercise_id, type, question, cando, answer, total_score) VALUES ('2232332', '197913', '15', '<p>从教师成长历程阶段视角，分析刘老师目前主要处于哪个阶段，为什么？</p>', '1', '<p>教师的成长可划分为关注生存、关注情境和关注学生三个阶段。（1）关注生存阶段的一般是新教师，他们非常关注自己的生存适应性，最担心的问题是“学生喜欢我吗？”“同事们如何看我？”“领导是否觉得我干得不错？”等；（2）关注情境阶段的教师关心的是如何教好每一堂课的内容，以及班级大小、时间压力和备课材料是否充分等与教学情境有关的问题；（3）关注学生阶段的教师将考虑学生的个别差异，认识到不同发展水平的学生有不同的需要，根据学生的差异采取适当的教学，促进学生发展。能否自觉关注学生是衡量一个教师是否成熟的重要标志之一。</p><p>材料中，刘老师多关注学生的学习，在教研活动中，选题基本上集中在如何使用多媒体，如何实现教学内容，如何进行课堂教学进程控制等话题上，并没有注重学生需求。因此，刘老师处于关注情境阶段。</p>', '6');
DELETE FROM edu_course_exercise_comment WHERE id='2232332';
INSERT INTO edu_course_exercise_comment (id, path, course_exercise_qa_id, comment) VALUES ('2232332', ',2232332', '2232332', '<p> 第一，依据问题判断知识点；第二，阐述教师成长历程阶段；第三，结合原理和材料分析刘老师所处阶段和原因。</p>');
DELETE FROM edu_course_exercise WHERE id='197927';
INSERT INTO edu_course_exercise (id, question_type, course_id, content, easy_error, source, dw_checked, is_pk) VALUES ('197927', '15', '70707070', '<p>       在教授一堂语文课《将相和》上，王老师让学生分角色表演，一个学生问：“我能不用书中的原话吗?”王老师和蔼地问：“为什么呢?”“因为书中的原话太长，我背不下来，如果拿着书表演又不太好。”学生说。“你的建议很好，那就用自己的话表演吧。”王老师交代了细节，同学们开始表演，气氛热烈。</p><p>       公开课结束后，有老师充分肯定王老师的做法，认为这样调动了学生的积极性。也有老师质疑王老师的做法，认为听学生的，弱化了教师的主导作用。</p>', '', '2017年浙江省教师招聘考试《教育基础知识･小学》题第26题', '1', '0');
DELETE FROM edu_course_exercise_qa WHERE id='223299440';
INSERT INTO edu_course_exercise_qa (id, course_exercise_id, type, question, cando, answer, total_score) VALUES ('223299440', '197927', '15', '<p>（2）联系实际谈谈老师在教学中如何发挥主导作用。</p>', '1', '<p>（2）教师在教学过程中处于组织者的地位，应充分发挥教师的主导作用。教师的主导作用表现在：教师的指导决定着学生学习的方向、内容、进程、结果和质量，起引导、规范、评价和纠正的作用。</p><p>首先，在做人上能以身作则，正直、智慧、敬业、严谨、耐心、和蔼，受学生尊敬、爱戴，有很高的威信与亲和力，学生愿听他的话。</p><p>其次，在教学上要善于启发、诱导、讲解、示范、训练、辅导、指点和耐心服务，以便使学生积极而高效地掌握知识、提高自身的才能与修养。</p>', '7');
DELETE FROM edu_course_exercise_comment WHERE id='223299440';
INSERT INTO edu_course_exercise_comment (id, path, course_exercise_qa_id, comment) VALUES ('223299440', ',223299440', '223299440', '<p>（2）第一：根据问题回归材料；第二：将题目涉及相关理论进行完善并完整论述；第三：结合材料进行分析。</p>');
DELETE FROM edu_course_exercise WHERE id='198373';
INSERT INTO edu_course_exercise (id, question_type, course_id, content, easy_error, source, dw_checked, is_pk) VALUES ('198373', '15', '50505050', '<p>案例：</p><p>       某学校在高二“音乐与舞蹈”选修模块开设了韵律操。每节课前，老师都会从网上下载根据《江南Style》《向前冲》《小苹果》等流行歌曲编配的广场舞录像；上课时，老师一边播放录像，一边要求学生对照录像上的动作学习。课堂上，气氛非常活跃，老师省心，学生开心。下课的时候学生们大汗淋漓，意犹未尽。有一天，老师对学生们说：“同学们，今天我们跳《青春修炼手册》!”同学们顿时欢呼雀跃起来，齐声叫好!安静下来后，有一位学过芭蕾的女同学举手对老师说：“老师，每天就这么跳好像没什么意思啊，到现在我也没搞懂什么是韵律.....&quot;</p>', '', '2016年下半年教师资格证考试《高中音乐》题第34题', '1', '0');
DELETE FROM edu_course_exercise_qa WHERE id='224289537';
INSERT INTO edu_course_exercise_qa (id, course_exercise_id, type, question, cando, answer, total_score) VALUES ('224289537', '198373', '15', '<p>（2）如果你是音乐老师，针对案例中的问题，提出改进建议。</p>', '1', '<p>（2）教学建议如下：</p><p>首先，教师应该课前进行备课设计教学环节，从韵律操的角度来教学，先让学生观看韵律操视频，同时请学生思考韵律操的特点，并提问，教师顺势讲解韵律操的特点；</p><p>随后，可以请学生模仿学习，并分小组来进行展示；</p><p>接着进行创编活动，创编新的舞蹈动作；</p><p>最后师生共同总结布置开放式作业。</p>', '7');
DELETE FROM edu_course_exercise_comment WHERE id='224289537';
INSERT INTO edu_course_exercise_comment (id, path, course_exercise_qa_id, comment) VALUES ('224289537', ',224289537', '224289537', '<p>本题考查的是音乐与舞蹈模块的授课过程。《普通高中音乐课程标准（实验）》指出：“1.以音乐审美为核心，培养兴趣；2.面向全体学生，注重个性发展；3.重视音乐实践，增强创造意识；4.弘扬民族音乐，理解多元文化”分析此题时要从教学过程是否符合《普通高中音乐课程标准（实验）》进行分析。</p>');
DELETE FROM edu_course_exercise WHERE id='198374';
INSERT INTO edu_course_exercise (id, question_type, course_id, content, easy_error, source, dw_checked, is_pk) VALUES ('198374', '15', '50505050', '<p>案例：</p><p>       在一次中小学音乐教师培训中，某授课教授一再强调音乐教学不能以教材为中心。一部分教师表示赞同，一部分教师坚决反对。其中一位反问教授：“不教教材，教什么？我从来不上教材以外的内容。”另一位接过话题：“我上课就从来不用教材，以学生为中心，学生对什么感兴趣我就教什么。......</p>', '', '2016年下半年教师资格证考试《初中音乐》题第34题', '1', '0');
DELETE FROM edu_course_exercise_qa WHERE id='224289601';
INSERT INTO edu_course_exercise_qa (id, course_exercise_id, type, question, cando, answer, total_score) VALUES ('224289601', '198374', '15', '<p>（2）如果你是音乐老师，针对存在的问题你会怎么做？并说明理由。</p>', '1', '<p>（2）针对上述问题，可以用以下方式进行解决。</p><p>①依据课程标准，随时调整教学计划，面向全体学生，使每一个学生的音乐潜能都得到充分的发挥，争取让每一个学生都融入音乐课堂中来。</p><p>②教师尊重学生的个性发展，鼓励学生积极参与音乐活动，教学中，教师应该将音乐活动渗透于不同的教学过程中，创造生动活泼的教学形式。</p>', '7');
DELETE FROM edu_course_exercise_comment WHERE id='224289601';
INSERT INTO edu_course_exercise_comment (id, path, course_exercise_qa_id, comment) VALUES ('224289601', ',224289601', '224289601', '<p>本题考查的是音乐课的授课过程。《义务教育音乐课程标准（2011年版）》指出：（1）以音乐审美为核心，以兴趣爱好为动力；（2）强调音乐实践，鼓励音乐创造；（3）突出音乐特点，关注学科综合；（4）弘扬民族音乐，理解音乐文化多样性；（5）面向全体学生，注重个性发展。分析此题时要从案例中教学过程是否符合上述课程基本理念入手。</p>');
DELETE FROM edu_course_exercise WHERE id='198416';
INSERT INTO edu_course_exercise (id, question_type, course_id, content, easy_error, source, dw_checked, is_pk) VALUES ('198416', '15', '40404040', '<p>材料：</p><p>       在“制作并观察植物细胞临时装片”一节课的教学中，某教师先在课堂上示范讲解制作植物组织临时装片的方法，规范演示“擦→滴→撕→展→盖→染→吸”全过程，边示范边讲解以下问题：</p><p>       ①擦拭载玻片和盖玻片的目的是什么?</p><p>       ②滴入清水的目的是什么?</p><p>       ③对显微镜观察的材料有什么要求?取材的部位、方法、大小是怎样的?</p><p>       ④为什么要从一侧缓缓盖上盖玻片?</p><p>       ⑤为什么要染色?染色剂滴在什么位置?用量是多少?</p><p>       ⑥吸取染液用什么方法?</p><p>       引导学生细心观看学习，从而获得感性认识并理解理论知识。</p>', '', '2018年上半年教师资格证考试《初中生物》真题第29题', '1', '0');
DELETE FROM edu_course_exercise_qa WHERE id='224381770';
INSERT INTO edu_course_exercise_qa (id, course_exercise_id, type, question, cando, answer, total_score) VALUES ('224381770', '198416', '15', '<p>（2）分析该类型实验的教学对教师的要求。</p>', '1', '<p>（2）演示实验教学对教师的要求有： </p><p>①演示实验必须目的明确、能说明问题。任何一个演示对落实认识领域和情感领域的实验教学目标都有很大的作用，有助于突出教学重点、解决教学难点。所以不仅教师要明确演示目的，而且要使学生明确演示目的，主动积极自觉地投入观察与思考中，并通过具体的实验操作过程达到实验目的，充分发挥演示教学的作用。 </p><p>②演示实验必须现象明显、可见度高，让课堂所有的学生都能看得清楚。因此，教师在设计演示实验时就应该注意现象要显著，合理使用投影设备，采取多种的方法使观察的主体对比强烈，产生好的效果。 </p><p>③演示实验时，教师操作要规范。教师在讲台上的一举一动要受到学生的瞩目，特别是在实验演示的时候。教师在演示操作过程中，如果动作不规范，就会人为地降低演示实验的教学效果，或者增加学生对演示实验理解的障碍。所以需要教师做好充分准备、仔细操作，掌握好演示条件，熟悉仪器性能，做好演示前的测试工作。 </p><p>④演示实验中，教师的指导要明确，也可以适时地采取分段演示的方法，确保通过演示，所有学生能够清楚准确的感知演示对象，并能够引导他们在感知过程中进行综合分析，培养学生的观察能力和思维能力。 </p><p>⑤演示实验应合理安排时间。课堂教学中，既要做演示实验，又要进行其它教学环节。因此，教师一定要掌握好实验所需的时间。</p>', '10');
DELETE FROM edu_course_exercise_comment WHERE id='224381770';
INSERT INTO edu_course_exercise_comment (id, path, course_exercise_qa_id, comment) VALUES ('224381770', ',224381770', '224381770', '<p>（2）演示实验教学对教师的要求有： </p><p>①演示实验必须目的明确、能说明问题。任何一个演示对落实认识领域和情感领域的实验教学目标都有很大的作用，有助于突出教学重点、解决教学难点。所以不仅教师要明确演示目的，而且要使学生明确演示目的，主动积极自觉地投入观察与思考中，并通过具体的实验操作过程达到实验目的，充分发挥演示教学的作用。 </p><p>②演示实验必须现象明显、可见度高，让课堂所有的学生都能看得清楚。因此，教师在设计演示实验时就应该注意现象要显著，合理使用投影设备，采取多种的方法使观察的主体对比强烈，产生好的效果。 </p><p>③演示实验时，教师操作要规范。教师在讲台上的一举一动要受到学生的瞩目，特别是在实验演示的时候。教师在演示操作过程中，如果动作不规范，就会人为地降低演示实验的教学效果，或者增加学生对演示实验理解的障碍。所以需要教师做好充分准备、仔细操作，掌握好演示条件，熟悉仪器性能，做好演示前的测试工作。 </p><p>④演示实验中，教师的指导要明确，也可以适时地采取分段演示的方法，确保通过演示，所有学生能够清楚准确的感知演示对象，并能够引导他们在感知过程中进行综合分析，培养学生的观察能力和思维能力。 </p><p>⑤演示实验应合理安排时间。课堂教学中，既要做演示实验，又要进行其它教学环节。因此，教师一定要掌握好实验所需的时间。</p>');
DELETE FROM edu_course_exercise WHERE id='198445';
INSERT INTO edu_course_exercise (id, question_type, course_id, content, easy_error, source, dw_checked, is_pk) VALUES ('198445', '15', '40404040', '<p>在学习心肺复苏实验前，教师对学生进行了一次小测验，其中的3道判断题如下:</p><p>1.人体呼吸时吸入肺的气体是氧气，呼出的气体是二氧化碳。</p><p>2.在人体呼出的气体中，二氧化碳的含量比氧气高。</p><p>3.与空气相比，人体呼出的气体中二氧化碳的含量高，氧气的含量低。</p><p>这3道题的答对率依次为：29%、19% 、92%。</p>', '', '2017年下半年教师资格证考试《初中生物》真题第28题', '1', '0');
DELETE FROM edu_course_exercise_qa WHERE id='2244163276';
INSERT INTO edu_course_exercise_qa (id, course_exercise_id, type, question, cando, answer, total_score) VALUES ('2244163276', '198445', '15', '<p>（2）分析学生对相关概念有哪些理解偏差会导致如上错误概念。</p>', '1', '<p>（2）对于第1题，学生认为呼吸时吸入的气体只有氧气，呼出的气体只有二氧化碳。正确的理解应该是吸入的气体是氧气和二氧化碳，呼出的气体也是氧气和二氧化碳。 对于第2题，学生认为在人体呼出气体时，呼出的二氧化碳含量比氧气低。正确的理解应该是呼出的二氧化碳含量比氧气高，因为人体进行新陈代谢主要利用氧气，排出二氧化碳。 对于第3题，学生认为与空气相比，人体呼出的气体中二氧化碳含量低，氧气含量高，对于空气中氧气和二氧化碳的含量的多少、呼出的氧气和二氧化碳的含量的多少不清楚。正确的理解应该是与空气相比，人体呼出的气体中二氧化碳含量比空气中的二氧化碳含量高，呼出的氧气含量比空气中氧气含量低。</p>', '10');
DELETE FROM edu_course_exercise_comment WHERE id='2244163276';
INSERT INTO edu_course_exercise_comment (id, path, course_exercise_qa_id, comment) VALUES ('2244163276', ',2244163276', '2244163276', '<p>（2）对于第1题，学生认为呼吸时吸入的气体只有氧气，呼出的气体只有二氧化碳。正确的理解应该是吸入的气体是氧气和二氧化碳，呼出的气体也是氧气和二氧化碳。 对于第2题，学生认为在人体呼出气体时，呼出的二氧化碳含量比氧气低。正确的理解应该是呼出的二氧化碳含量比氧气高，因为人体进行新陈代谢主要利用氧气，排出二氧化碳。 对于第3题，学生认为与空气相比，人体呼出的气体中二氧化碳含量低，氧气含量高，对于空气中氧气和二氧化碳的含量的多少、呼出的氧气和二氧化碳的含量的多少不清楚。正确的理解应该是与空气相比，人体呼出的气体中二氧化碳含量比空气中的二氧化碳含量高，呼出的氧气含量比空气中氧气含量低。</p>');
DELETE FROM edu_course_exercise WHERE id='198448';
INSERT INTO edu_course_exercise (id, question_type, course_id, content, easy_error, source, dw_checked, is_pk) VALUES ('198448', '15', '40404040', '<p>       在学习“生物学研究的基本方法”一节时，教师先让学生观看了3段关于蛇捕食老鼠的录像，然后让学生思考：结合录像，你能提出哪些感兴趣的问题？学生提出的问题五花八门，有的关心蛇是如何吞吃掉这么大的老鼠的，有的关心蛇吞吃老鼠后是如何消化的，有的关心为什么蛇按照S形路线运动。下面是师生的课堂对话。</p><p>       教师：大家都很担心视频中老鼠的命运，告诉大家，后两种蛇都是有毒的，它已经把毒液注射到老鼠体内，<u>①你觉得随后会发生什么？</u></p><p>       学生：过一会儿，老鼠就会毒发身亡，那么蛇就能轻松吞食掉猎物。<br>        教师:那么问题就来了，<u>②被咬过的老鼠逃走了，蛇如何再次追踪到它呢？</u>猜测一下，我在黑板上记录大家的猜想。<br>       学生1：我觉得蛇可能靠感知热量来寻找老鼠。<br>       学生2：响尾蛇可以通过尾部发出的声响恐吓老鼠，老鼠不小心发出声音，蛇就靠声音追踪。<br>       学生3：我觉得蛇可以靠气味追踪到老鼠。<br>       教师：<u>③追踪什么气味呢？</u><br>       学生3：老鼠的气味或者毒液的气味。<br>       教师：到底哪个猜测更合理呢?同学们对响尾蛇并不了解，我给大家准备了响尾蛇的资料。<br>       学生阅读资料并讨论。<br>       教师：请大家发表意见，<u>④你觉得哪个猜测比较合理？</u><br>       学生：我觉得热量比较合理。<br>       教师，大家知道热是怎样产生的，产热是生命活动的一个重要特征。如果中毒的老鼠死亡了，那么，是否还会有热量的散发呢？而且，资料上说蛇只能在一定范围内感受热量，<u>⑤如果超出范围，它怎么办呢？</u><br>       教师，我们怎么说服对方呢？<u>⑥当我们对问题有分歧，提出不同猜测我们应该怎么做？在“探究温度和湿度对霉菌生长的影响”的实验中，你们是怎么做的呢？</u><br>       学生：设计实验。<br>       教师：是的，设计实验，收集证据说服对方。<br>       接下来，教师引导学生设计不同的实验方案，探究蛇追踪的到底是哪种气味，并进行讨论和完善。在讨论的过程中学习实验设计的原则，并展示和讨论科学家做的实验。</p><p>       最后，教师给学生布置课后作业：<u>⑦假设毒液包括A、B、C三种成分，到底是哪一种成分起作用呢？设计实验进行探究。</u></p>', '', '2017年下半年教师资格证考试《初中生物》真题第29题', '1', '0');
DELETE FROM edu_course_exercise_qa WHERE id='224416784';
INSERT INTO edu_course_exercise_qa (id, course_exercise_id, type, question, cando, answer, total_score) VALUES ('224416784', '198448', '15', '<p>（2）在问题①~⑦中，有利于激发学生发散思维的开放性问题有哪些? </p>', '1', '<p>（2）发散思维的开放性问题指没有固定答案的、需要学生根据已有的认知去发散思维的问题。符合要求的是①②③⑤ 。问题④属于评价型问题，问题<u>⑥</u>属于回忆型问题，问题⑦的目的是让学生选择探究问题，设计探究实验。</p>', '5');
DELETE FROM edu_course_exercise_qa WHERE id='224416784279';
INSERT INTO edu_course_exercise_qa (id, course_exercise_id, type, question, cando, answer, total_score) VALUES ('224416784279', '198448', '15', '<p>（3）结合案例，从教学内容和目标的角度，具体分析问题③⑤⑦的意图。</p>', '1', '<p>（3）本节课的教学内容是“生物学研究的基本方法”。教学目标是掌握科学探究方法的具体流程，包括提出问题、作出假设、设计实验方案、实施方案、得出结论、表达交流。问题③是教师在学生提出自己的假设后追问学生“蛇追踪什么气味”，目的就是引导学生继续思考，提出更加确切详细的猜想，便于在此猜想上设计实验方案。问题⑤是学生阅读资料后，教师总结提出的问题。资料中只说明蛇可以追踪一定距离内的热量，并没有告诉学生超出该范围蛇将通过什么方式继续追踪。教师在此时提出问题，目的是提示学生在作出假设时要注意全面性和合理性。问题⑦是课后作业，教师给出假设，学生课下思考并设计实验。目的是学生在课下及生活中依然沿用生物科学探究的思维方式，强化了对“生物学研究的基本方法”的理解和应用。</p>', '10');
DELETE FROM edu_course_exercise_comment WHERE id='224416784';
INSERT INTO edu_course_exercise_comment (id, path, course_exercise_qa_id, comment) VALUES ('224416784', ',224416784', '224416784', '<p>（2）发散思维的开放性问题指没有固定答案的、需要学生根据已有的认知去发散思维的问题。符合要求的是①②③⑤ 。问题④属于评价型问题，问题<u>⑥</u>属于回忆型问题，问题⑦的目的是让学生选择探究问题，设计探究实验。</p>');
DELETE FROM edu_course_exercise_comment WHERE id='224416784279';
INSERT INTO edu_course_exercise_comment (id, path, course_exercise_qa_id, comment) VALUES ('224416784279', ',224416784279', '224416784279', '<p>（3）本节课的教学内容是“生物学研究的基本方法”。教学目标是掌握科学探究方法的具体流程，包括提出问题、作出假设、设计实验方案、实施方案、得出结论、表达交流。问题③是教师在学生提出自己的假设后追问学生“蛇追踪什么气味”，目的就是引导学生继续思考，提出更加确切详细的猜想，便于在此猜想上设计实验方案。问题⑤是学生阅读资料后，教师总结提出的问题。资料中只说明蛇可以追踪一定距离内的热量，并没有告诉学生超出该范围蛇将通过什么方式继续追踪。教师在此时提出问题，目的是提示学生在作出假设时要注意全面性和合理性。问题⑦是课后作业，教师给出假设，学生课下思考并设计实验。目的是学生在课下及生活中依然沿用生物科学探究的思维方式，强化了对“生物学研究的基本方法”的理解和应用。</p>');
DELETE FROM edu_course_exercise WHERE id='198454';
INSERT INTO edu_course_exercise (id, question_type, course_id, content, easy_error, source, dw_checked, is_pk) VALUES ('198454', '15', '40404040', '<p><img width="554px" height="216px" src="https://fb.fbstatic.cn/api/tarzan/images/1659388478b4588.png?width=700" /></p>', '', '2017年上半年教师资格证考试《初中生物》真题第29题', '1', '0');
DELETE FROM edu_course_exercise_qa WHERE id='2244247317';
INSERT INTO edu_course_exercise_qa (id, course_exercise_id, type, question, cando, answer, total_score) VALUES ('2244247317', '198454', '15', '<p>（2）简要分析学生产生上述错误概念的原因。</p>', '1', '<p>（2）错误概念阻碍学生理解和掌握生物概念，对学习的影响是消极的且难以转变，造成学生产生错误概念的原因有以下几个方面：</p><p>第一，生活经验的影响。学生在学习新的概念之前，往往在其头脑中已经有了对于该概念的一定认识，这些认识就是基于其生活经验的日常生活概念。学生的日常生活经验是进一步学习的基础，许多生物概念都是从日常生活概念中抽象发展而成的。然而，由于日常概念的宽泛性、易变性、多义性，容易对学生学习生物概念造成错误理解。</p><p>第二，思维能力的障碍。形成和掌握生物概念是个极其复杂的过程，对于初中生来说，要很好掌握生物概念，在思维上还是存在一定障碍的。</p><p>一是分析能力的欠缺。概念构建的过程是一个由感性认识到理性认识的上升过程，是对感性材料进行“去伪存真、去粗取精、由此及彼、由表及里”的整理加工过程。而学生由于分析能力的欠缺，在思维上往往不能很好地由感性认识上升到理性认识，从而对概念只能死记硬背，造成错误理解。</p><p>二是前后认识的干扰。随着知识的拓展，初中生物知识本身也会前后相互干扰。例如水分是细胞中的组成成分，但是并非种子结构。</p><p>三是本质特征的混淆。任何一个概念都必须要有明确的含义，并能反映确定的对象，即任何一个概念都要各自的本质特征。在生物概念的学习中，有许多学生能初步了解概念的定义（概念的表层含义），但不能完全掌握概念的本质，因而在对概念的理解上产生了一些错误。</p><p>四是思维定势的影响。思维定势有积极和消极之分，积极的思维定势有利于学习的进行，而消极的思维定势则会阻碍学习的进行。</p><p>第三，社会因素的影响。学生错误概念的形成从一定程度上看，还与学生所处的社会环境有关。由于社会上一些因素的刺激会在他们的大脑中形成一定的影响。</p>', '12');
DELETE FROM edu_course_exercise_comment WHERE id='2244247317';
INSERT INTO edu_course_exercise_comment (id, path, course_exercise_qa_id, comment) VALUES ('2244247317', ',2244247317', '2244247317', '<p>（2）错误概念阻碍学生理解和掌握生物概念，对学习的影响是消极的且难以转变，造成学生产生错误概念的原因有以下几个方面：</p><p>第一，生活经验的影响。学生在学习新的概念之前，往往在其头脑中已经有了对于该概念的一定认识，这些认识就是基于其生活经验的日常生活概念。学生的日常生活经验是进一步学习的基础，许多生物概念都是从日常生活概念中抽象发展而成的。然而，由于日常概念的宽泛性、易变性、多义性，容易对学生学习生物概念造成错误理解。</p><p>第二，思维能力的障碍。形成和掌握生物概念是个极其复杂的过程，对于初中生来说，要很好掌握生物概念，在思维上还是存在一定障碍的。</p><p>一是分析能力的欠缺。概念构建的过程是一个由感性认识到理性认识的上升过程，是对感性材料进行“去伪存真、去粗取精、由此及彼、由表及里”的整理加工过程。而学生由于分析能力的欠缺，在思维上往往不能很好地由感性认识上升到理性认识，从而对概念只能死记硬背，造成错误理解。</p><p>二是前后认识的干扰。随着知识的拓展，初中生物知识本身也会前后相互干扰。例如水分是细胞中的组成成分，但是并非种子结构。</p><p>三是本质特征的混淆。任何一个概念都必须要有明确的含义，并能反映确定的对象，即任何一个概念都要各自的本质特征。在生物概念的学习中，有许多学生能初步了解概念的定义（概念的表层含义），但不能完全掌握概念的本质，因而在对概念的理解上产生了一些错误。</p><p>四是思维定势的影响。思维定势有积极和消极之分，积极的思维定势有利于学习的进行，而消极的思维定势则会阻碍学习的进行。</p><p>第三，社会因素的影响。学生错误概念的形成从一定程度上看，还与学生所处的社会环境有关。由于社会上一些因素的刺激会在他们的大脑中形成一定的影响。</p>');
DELETE FROM edu_course_exercise WHERE id='198457';
INSERT INTO edu_course_exercise (id, question_type, course_id, content, easy_error, source, dw_checked, is_pk) VALUES ('198457', '15', '40404040', '<p align="center">“藻类植物”教学片段</p><p>1.展示“海带排骨汤”紫菜蛋汤”等食物图片，提问学生这些食物含有哪类植物、引出学习课题。</p><p>教师提问：“我们还知道生活中有哪些藻类植物?”学生面面相觑，在教师启发下，才想到“螺旋藻”，教师因势利导，提出。“自然界中有各种各样的藻类植物，我们的校园中就有很多。.</p><p>2.教师指着教学楼旁水体发绿的小池塘提问：“小池塘水为什么会发绿呢?”学生答：“可能有藻类植物。”教师接着说：“如何能证明你们的推测是对的呢?”学生回答：“可以采集水样回实验室用显微镜观察。”学生从教师事先采集的小池塘水样中观察到了螺旋藻、微囊藻等藻类植物。</p><p>3.教师又展示了预先准备好的、从住宅区旁的小河沟中采集的绿色丝状藻类，问：“这是什么?”学生齐声回答：“水绵。”“真的是水绵吗?”学生在显微镜下观察该植物的形态特征，结果大大出乎所料，该藻类植物的叶绿体居然是球状的!原来，这是在外形上跟水绵非常相似的刚毛藻。</p><p>4.在教师的引导下，学生结合自己的观察和经验，总结了藻类植物的一般特征和藻类与人类的关系。之后，教师布置了如下作业:课后通过网络或报刊查询相关资料，了解2007年太湖蓝藻暴发事件，并与父母讨论该如何保护水资源和爱护环境。</p>', '', '2016年下半年教师资格证考试《初中生物》真题第18题', '1', '0');
DELETE FROM edu_course_exercise_qa WHERE id='224432630';
INSERT INTO edu_course_exercise_qa (id, course_exercise_id, type, question, cando, answer, total_score) VALUES ('224432630', '198457', '15', '<p>（2）分析该教学过程体现的科学本质教育的内容。</p>', '1', '<p>（2）①关注科学知识——在教学中凸显概念教学。材料中，教师通过图片的呈现，引导学生发现并观察生活中的不同藻类，以及利用网络了解不同的藻类，逐步让学生建立起藻类的概念。</p><p>②学习科学方法——在教学中彰显探究理念。材料中，教师通过图片引出课题，激发学生的学习欲望；又通过问题自然而然地引导学生自己去探索观察学校和生活中的藻类，通过自己积极主动的探索，掌握知识；最后要求学生自主地去网络上学习相关知识。整个教学过程中都体现了探究理念。</p>', '10');
DELETE FROM edu_course_exercise_comment WHERE id='224432630';
INSERT INTO edu_course_exercise_comment (id, path, course_exercise_qa_id, comment) VALUES ('224432630', ',224432630', '224432630', '<p>（2）①关注科学知识——在教学中凸显概念教学。材料中，教师通过图片的呈现，引导学生发现并观察生活中的不同藻类，以及利用网络了解不同的藻类，逐步让学生建立起藻类的概念。</p><p>②学习科学方法——在教学中彰显探究理念。材料中，教师通过图片引出课题，激发学生的学习欲望；又通过问题自然而然地引导学生自己去探索观察学校和生活中的藻类，通过自己积极主动的探索，掌握知识；最后要求学生自主地去网络上学习相关知识。整个教学过程中都体现了探究理念。</p>');
DELETE FROM edu_course_exercise WHERE id='198458';
INSERT INTO edu_course_exercise (id, question_type, course_id, content, easy_error, source, dw_checked, is_pk) VALUES ('198458', '15', '40404040', '<p>       某版义务教育生物学教材“想一想，议一议”栏目内容如下:</p><p><img width="554px" height="443px" src="https://fb.fbstatic.cn/api/tarzan/images/16593e58f7be152.png?width=700" /></p>', '', '2016年下半年教师资格证考试《初中生物》真题第19题', '1', '0');
DELETE FROM edu_course_exercise_qa WHERE id='2244327054';
INSERT INTO edu_course_exercise_qa (id, course_exercise_id, type, question, cando, answer, total_score) VALUES ('2244327054', '198458', '15', '<p>（2）分析教学中使用该栏目应注意的事项。</p>', '1', '<p>（2）①应当根据实际情况替换“想一想，议一议”的例子。教材的安排是固定的，尽管教材“想一想，议一议”所提供的事例是编写者反复讨论并保留下来的，但仍然不能照顾到所有地区和学生，所以教学中教师要结合学生的生活实际和自身体验对这部分内容进行替换，用学生熟悉的例子和情境进行教学，不仅可以丰富教学内容，而且可以提高学生的学习兴趣，也更易于学生对相关内容的理解和记忆。</p><p>②要适当地拓展“想一想，议一议”的内容。新课程提倡教材内容要广泛，教师在教学过程中不仅仅要注重教材所阐述的事例，更要注重结合学生的生活哦经验积累，将生活中鲜活的、与该事例相关的、相似的事例收集整合在一起进行分析，如长得相像的双胞胎、父与子等事例，不仅可以强化和丰富学生的感受，还可以拓宽视野，有效地提高学生学习的积极性，激发学生浓厚的学习兴趣。</p><p>③可改变“想一想，议一议”的呈现方式。让学生读“想一想，议一议”，绝没有一段视频使学生认识更为深刻。虽然文字形象有趣，可激发学生丰富的想象力，但是在教学中教师若利用多媒体把文字描述改变为一段视频，这样变静态为动态，化无声为有声，融知识教学于情趣中，可以提高学生的学习兴趣，激发求知欲，调动学习积极性，这样就克服了传统教材内容静态、呆板的缺陷，使课程更生动，学生学得更轻松。</p>', '10');
DELETE FROM edu_course_exercise_comment WHERE id='2244327054';
INSERT INTO edu_course_exercise_comment (id, path, course_exercise_qa_id, comment) VALUES ('2244327054', ',2244327054', '2244327054', '<p>（2）①应当根据实际情况替换“想一想，议一议”的例子。教材的安排是固定的，尽管教材“想一想，议一议”所提供的事例是编写者反复讨论并保留下来的，但仍然不能照顾到所有地区和学生，所以教学中教师要结合学生的生活实际和自身体验对这部分内容进行替换，用学生熟悉的例子和情境进行教学，不仅可以丰富教学内容，而且可以提高学生的学习兴趣，也更易于学生对相关内容的理解和记忆。</p><p>②要适当地拓展“想一想，议一议”的内容。新课程提倡教材内容要广泛，教师在教学过程中不仅仅要注重教材所阐述的事例，更要注重结合学生的生活哦经验积累，将生活中鲜活的、与该事例相关的、相似的事例收集整合在一起进行分析，如长得相像的双胞胎、父与子等事例，不仅可以强化和丰富学生的感受，还可以拓宽视野，有效地提高学生学习的积极性，激发学生浓厚的学习兴趣。</p><p>③可改变“想一想，议一议”的呈现方式。让学生读“想一想，议一议”，绝没有一段视频使学生认识更为深刻。虽然文字形象有趣，可激发学生丰富的想象力，但是在教学中教师若利用多媒体把文字描述改变为一段视频，这样变静态为动态，化无声为有声，融知识教学于情趣中，可以提高学生的学习兴趣，激发求知欲，调动学习积极性，这样就克服了传统教材内容静态、呆板的缺陷，使课程更生动，学生学得更轻松。</p>');
DELETE FROM edu_course_exercise WHERE id='198462';
INSERT INTO edu_course_exercise (id, question_type, course_id, content, easy_error, source, dw_checked, is_pk) VALUES ('198462', '15', '40404040', '<p>       某教材“生物检索表”一节介绍了二歧式检索表，这是一个教学难点。教师采用游戏教学法，设计“猜人”游戏帮助学生学习二歧式检索表。</p><p>游戏规则:</p><p>（1）挑选一名学生面向大家站好，在心里默想班级某一个同学的特征。</p><p>（2）大家依次举手用一般疑问句向他提问这个同学的特征，例如:“他是男生吗?”这个同学只能回答“是”或者“不是”。</p><p>（3）根据提问和回答，最先猜出结果的同学获胜。获胜的同学将得到奖励。</p><p>游戏过程:</p><p>（1）选择一个同学走上讲台，面向大家，确定所想的同学。</p><p>（2）下面的学生争先恐后地举手依次提问，由讲台上的同学回答。</p><p>（3）根据问题情况大家竞猜，直至猜中结果。</p><p>教师根据回答在黑板上进行记录:</p><p><img width="554px" height="118px" src="https://fb.fbstatic.cn/api/tarzan/images/165940b4f4027eb.png?width=700" /></p><p>果然，大家很快就猜出了这是班里的哪个同学。回想这个过程，学生立刻明白了二歧式检索表中最重要的一句话:检索表的每一个阶段，从两种相对的特征中选取一种。通过游戏教学法。教师很好地突破了本节课的教学难点。</p>', '', '2016年上半年教师资格证考试《初中生物》真题第29题', '1', '0');
DELETE FROM edu_course_exercise_qa WHERE id='22443879';
INSERT INTO edu_course_exercise_qa (id, course_exercise_id, type, question, cando, answer, total_score) VALUES ('22443879', '198462', '15', '<p>（2）结合材料，指出教学中使用游戏教学法时的注意事项。</p>', '1', '<p>（2）教学中使用游戏教学法时应注意以下几点：</p><p>①教师课前要做充足准备，根据教学内容的特点选择适当的游戏，游戏难易适中，贴近学生生活。本材料中教师选择“猜人”游戏，学生更易理解二歧式检索表。</p><p>②游戏规则和要求要清晰。规则是一个游戏是否能顺利有效开展下去的关键。该材料中游戏规则清晰明了。</p><p>③教师要关注每个学生。游戏活动能充分调动每一个学生的积极性。该材料中，全体学生都可参与其中，争先恐后提问。</p><p>④进行科学的评价。游戏过程中和结束时教师都要给与总结和评价。教师根据“猜人”游戏，最后再次回到教学内容中，学生对教学内容的理解更透彻。</p>', '10');
DELETE FROM edu_course_exercise_comment WHERE id='22443879';
INSERT INTO edu_course_exercise_comment (id, path, course_exercise_qa_id, comment) VALUES ('22443879', ',22443879', '22443879', '<p>（2）教学中使用游戏教学法时应注意以下几点：</p><p>①教师课前要做充足准备，根据教学内容的特点选择适当的游戏，游戏难易适中，贴近学生生活。本材料中教师选择“猜人”游戏，学生更易理解二歧式检索表。</p><p>②游戏规则和要求要清晰。规则是一个游戏是否能顺利有效开展下去的关键。该材料中游戏规则清晰明了。</p><p>③教师要关注每个学生。游戏活动能充分调动每一个学生的积极性。该材料中，全体学生都可参与其中，争先恐后提问。</p><p>④进行科学的评价。游戏过程中和结束时教师都要给与总结和评价。教师根据“猜人”游戏，最后再次回到教学内容中，学生对教学内容的理解更透彻。</p>');
DELETE FROM edu_course_exercise WHERE id='1802302';
INSERT INTO edu_course_exercise (id, question_type, course_id, content, easy_error, source, checked, is_pk) VALUES ('1802302', '1', '80808080', '<p>下列成语中没有错别字的一项是（  ）。</p>', 'B', '2015年福建省教师招聘考试《中学语文》题第1题', '1', '1');
DELETE FROM edu_course_exercise_qa WHERE id='1802302';
INSERT INTO edu_course_exercise_qa (id, course_exercise_id, type, question, cando, answer, total_score) VALUES ('1802302', '1802302', '1', '', '1', '1802302', '2.00');
DELETE FROM edu_course_exercise_comment WHERE id='1802302';
INSERT INTO edu_course_exercise_comment (id, path, course_exercise_qa_id, comment) VALUES ('1802302', ',1802302', '1802302', '<p>本题考查的是成语的正确书写。</p><p>A项：“一愁莫展”应改为“一筹莫展”，“相形见拙”应改为“相形见绌”。有错别字。</p><p>B项：“计日成功”应改为“计日程功”。有错别字。</p><p>C项：“英雄倍出”应改为“英雄辈出”，“以逸代劳”应改为“以逸待劳”。有错别字。</p><p>D项：没有错别字。注意“按部就班”易错写为“按步就班”。</p><p>本题为选非题，故正确答案为D。</p>');
