DELETE FROM edu_course_exercise WHERE id='194299';
INSERT INTO edu_course_exercise (id, question_type, course_id, content, easy_error, source, checked, is_pk) VALUES ('194299', '12', '80808080', '<p>阅读下列古诗，完成第10题。</p><p>                   题西林壁</p><p>                                     苏轼</p><p>横看成岭侧成峰，远近高低各不同。</p><p>不识庐山真面目，只缘身在此山中。</p><p>                  观书有感</p><p>                                     朱熹</p><p>半亩方塘一鉴开，天光云影共徘徊。</p><p>问渠那得清如许？为有源头活水来。</p>', '', '2016年安徽省教师招聘考试《小学语文》题第16题', '1', '0');
DELETE FROM edu_course_exercise_qa WHERE id='2171672';
INSERT INTO edu_course_exercise_qa (id, course_exercise_id, type, question, cando, answer, total_score) VALUES ('2171672', '194299', '12', '<p>分别写出这两首诗要表达的主要意思并指出它们相同的表现手法。</p>', '1', '<p>（1）两首诗表达的主要意思如下。</p><p>        《题西林壁》中游人所处位置不同，看到的庐山景物也各不相同，描写了庐山变化多姿的面貌。比喻人们由于所处的地位不同，看问题的出发点不同，对客观事物的认识难免有一定的片面性。要认识事物的真相与全貌，必须超越狭小的范围，摆脱主观成见。</p><p>       《观书有感》借助池塘水清因有活水注入的现象，比喻要不断接受新事物，才能保持思想的活跃与进步。</p><p>（2）这两首诗歌都是借物喻理。《题西林壁》揭示了“当局者迷，旁观者清”的道理。《观书有感》抒写有关读书的意义和情趣，揭示了人们要想让大脑保持鲜活的思维，就应当不断地从书中汲取知识。</p>', '0');
DELETE FROM edu_course_exercise_comment WHERE id='2171672';
INSERT INTO edu_course_exercise_comment (id, path, course_exercise_qa_id, comment) VALUES ('2171672', ',2171672', '2171672', '<p>（1）《题西林壁》是宋代文学家苏轼的诗作，是一首诗中有画的写景诗，充满了哲理。诗歌前两句描述了庐山不同的形态变化。庐山横看绵延逶迤，崇山峻岭郁郁葱葱，连绵不绝；侧看则峰峦起伏，山峰耸立。从远处和近处看庐山，所看到的山色、感受到的气势又不相同。后两句写感悟，之所以从不同的方位看庐山，会有不同的印象，原来是因为“身在此山中”。也就是说，只有远离庐山，跳出庐山的遮蔽，才能全面了解庐山的真正面目。全诗紧紧扣住游山谈自己独特的感受，借助庐山的形象，用通俗的语言深入浅出地表达了哲理。</p><p>《观书有感》是南宋朱熹的作品，也是一首具有哲理性的小诗。全诗的意思是：半亩大的方形池塘像一面镜子一样展现在眼前，天空的光彩和浮云的影子都在镜子中一起移动。要问为何那方塘的水会这样清澈呢？是因为有那永不枯竭的源头为它源源不断地输送活水啊。诗人借助池塘水清因有活水注入的现象，比喻要不断接受新事物，才能保持思想的活跃与进步。</p><p>（2）借物喻理就是通过对物品的描写和叙述，表达出一种道理。借物喻理是宋代诗歌中非常常见的一种表现手法。它和托物言志有一定区别，托物言志偏于抒情，“志”是心志，是情感。所以做这道题的时候要仔细看题，分析两首诗歌的内容、哲理。</p>');
DELETE FROM edu_course_exercise WHERE id='194305';
INSERT INTO edu_course_exercise (id, question_type, course_id, content, easy_error, source, checked, is_pk) VALUES ('194305', '12', '80808080', '<p>阅读下面的文章，完成第18题。</p><p align="center">珍珠鸟</p><p align="center">                                       冯骥才</p><p>        真好！朋友送我一对珍珠鸟，放在一个简易的竹条编成的笼子里。笼内还有一卷干草，那是小鸟舒适又温暖的巢。</p><p>        有人说，这是一种怕人的鸟。</p><p>        我把它挂在窗前。那儿还有一大盆异常茂盛的法国吊兰。我便用吊兰长长的、串生着小绿叶的垂蔓蒙盖在鸟笼上，它们就像躲进幽深的丛林一样安全，从中传出的笛儿般又细又亮的叫声，也就格外轻松自在了。</p><p>        阳光从窗外射入，透过这里，吊兰那些无数指甲状的小叶，一半成了黑影，一半被照透，如同碧玉，斑斑驳驳，生意葱茏。小鸟的影子就在这中间隐约闪动，看不完整，有时连笼子也看不出来，却见它们可爱的鲜红小嘴从绿叶中伸出来。</p><p>        我很少扒开叶蔓瞧它们，它们便渐渐敢伸出小脑袋瞅瞅我。我们就这样一点点熟悉了。</p><p>        三个月后，那一团越发繁茂的绿蔓里边，发出一种尖细又娇嫩的鸣叫。我猜到，是它们有了雏儿。我呢，决不掀开叶片往里看，连添食加水时也不睁大好奇的眼睛去惊动它们。过不多久，忽然有一个更小的脑袋从叶间探出来，哟，雏儿！正是这个小家伙！</p><p>       它小，就能轻易地由疏格的笼子里钻出来。瞧，多么像它的母亲：红嘴红脚，灰蓝色的毛，只是后背还没生出珍珠似的圆圆的白点。它好肥，整个身子好像一个蓬松的球儿。</p><p>       起先，这小家伙只在笼子四周活动，随后就在屋里飞来飞去，一会儿落在柜顶上，一会儿神气十足地站在书架上，啄着书背上那些大文豪的名字，一会儿把灯绳撞得来回摇动，跟着逃到画框上去了。只要大鸟在笼里生气地叫一声，它就立即飞回笼里去。</p><p>       我不管它。这样久了，打开窗子，它最多只在窗框上站一会儿，决不飞出去。</p><p>       渐渐它胆子大了，就落在我的书桌上。它先是离我较远，见我不去伤害它，便一点点挨近，然后蹦到我的杯子上，俯下头来喝茶，再偏过脸瞧瞧我的反应。我只是微微一笑，依旧写东西，它就放开胆子跑到稿纸上，绕着我的笔尖蹦来蹦去，跳动的小红爪子在纸上发出“嚓嚓”的响声。</p><p>       我不动声色地写，默默享受着这小家伙亲近的情意。这样，它完全放心了。索性用那涂了腊似的小红嘴，“嗒嗒”啄着我颤动的笔尖。我用手抚一抚它细腻的绒毛，它也不怕，反而友好地啄两下我的手指。</p><p>       白天，它这样淘气地陪伴我；天色入暮，它就在父母再三的呼唤声中，飞向笼子，扭动滚圆的身子，挤开那些绿叶钻进去。</p><p>       有一天，我伏案写作时，它居然落到我的肩上。我手中的笔不觉停了，生怕惊跑它。待一会儿，扭头看，这小家伙竟趴在我的肩头睡着了，银灰色的眼睑盖住眸子，小红爪子刚好被胸脯上长长的绒毛盖住。我轻轻抬一抬肩，它没醒，睡得好熟！还咂咂嘴，难道在做梦？</p><p>       我笔尖一动，流泻下一时的感受：</p><p>       信赖，往往创造出美好的境界。</p><p>         （选自苏教版义务教育语文课程标准实验教科书四年级《语文》）</p>', '', '2016年安徽省教师招聘考试《小学语文》题第24题', '1', '0');
DELETE FROM edu_course_exercise_qa WHERE id='2171698';
INSERT INTO edu_course_exercise_qa (id, course_exercise_id, type, question, cando, answer, total_score) VALUES ('2171698', '194305', '12', '<p>“小家伙”是冯骥才《珍珠鸟》中的一个关键词，如何引导学生理解这个词语并</p><p>体会作者要表达的思想感情？请写出教学设计的片段设计和设计意图。</p>', '1', '<p>《珍珠鸟》教学片段</p><p>（1）朗读称呼，体会“喜爱之情”</p><p>       ①珍珠鸟淘气、美丽、可爱，娇小还胆小。作者可喜欢它了。在文中，作者用了三个带“小”的词语形容珍珠鸟。（出示：“小脑袋”“小红嘴”“小家伙”）听老师读读这三个词儿。（读出儿化音）什么感觉？</p><p>       ②课文中还有好几处地方称珍珠鸟为“小家伙”，请大家读一读。（出示文中带“小家伙”的句子）</p><p>       ③“小家伙”是对人的称呼，这儿为什么称珍珠鸟为“小家伙”？不着急，现在把“小家伙”换成“珍珠鸟”，再读一读，比一比，从中你能体会到什么？</p><p>（设计意图：本课教学在深挖教材的基础上，通过语言实践，使学生进入文本，在与文本的对话中体会文本蕴含的感情。如精心玩味三个带“小”的词语，比较诵读“小家伙”的四个句子）</p><p>（2）想象品味，探究“鸟之信赖”</p><p>       ①小家伙很胆小，从胆小到胆大，它是怎样一步一步信赖“我”的呢？请大家读读第四自然段，边读边想象画面。（学生读）</p><p>       ②交流你首先看到的是怎样的画面？请你读读有关的句子。</p><p>       ③珍珠鸟为什么不一下信赖“我”呢？这里肯定有一个心理变化的过程，让我们走进珍珠鸟的内心世界，现在，你就是这只小珍珠鸟。小家伙，愿意和我谈谈心吗？</p><p>       示例：小家伙，起先你为什么只在笼子四周活动，你在担心什么呢？</p><p>       小家伙，有一次，你落到我的小桌子上，俯下头来喝茶时，偏过脸来看我的反应，真是太可爱了！你能告诉我，你在想什么呢？</p><p>       小家伙，你“嗒嗒”啄我的笔尖，啄我的手指，有什么话儿想跟我说呢？</p><p>       小家伙，我轻轻地抚摸你的羽毛时，感觉是那样细腻、柔软、舒服。你有什么感觉呀？</p><p>       小结：同学们的想象力真丰富！在“我”无声的关爱和精心的呵护下，小家伙放心大胆地、一步一步地接近“我”、信赖“我”，甚至和“我”成了形影不离的好朋友。</p><p>（设计意图：品读第十、第十一自然段，边读边想象眼前出现的有趣的画面，引导学生找出值得品味的词语，指导欣赏，并将自己的理解融入朗读；通过角色扮演，采访小家伙，和小家伙谈谈心，在教学过程中充分挖掘课文中的语言实践点，通过多种途径实践语言。这些实践点的落实使语文课有了真正的语文味，学生在细心品味字词、反复诵读句子的过程中，提高了语言的鉴赏和运用能力。）</p><p>      （3）融情入境，感悟“美好境界”</p><p>       ①有一天，出现了这样一幅让人怦然心动的画面。（出示人鸟相亲图）在这幅画面中你看到了些什么？</p><p>       ②这小家伙睡得好熟呀 ！它把我的肩头当作了什么？</p><p>       ③瞧，这小家伙睡得这么熟，这么香，这么甜，那它的梦一定也很美很美，它会梦到什么呢？</p><p>       ④这真是一幅至真至纯的画面。你们瞧，鸟是幸福的，作者也是幸福的。这是多么美好的境界呀！你能给这幅画加上一个题目吗？简单地说说理由。</p><p>       ⑤指导朗读</p><p>       刚才大家给这幅图起了许多富有生活气息，又融入自己独特感受的名字，真好！的确，此情此景感人至深，谁能用自己的朗读赞美这美好的境界？（出示倒数第三自然段，指名读、齐读）</p><p>（设计意图：为了让学生以具体的语言为载体，深层感悟课文所蕴含的人文精神，在感悟“美好境界”这一环节时，出示人鸟相亲图，让学生在充分观察、想象的基础上给画面取题目，学生在欣赏中想象，在想象中感悟，在感悟中创造，从而挖掘出文章的丰富内涵，体会作者的意图。）</p>', '0');
DELETE FROM edu_course_exercise_comment WHERE id='2171698';
INSERT INTO edu_course_exercise_comment (id, path, course_exercise_qa_id, comment) VALUES ('2171698', ',2171698', '2171698', '<p>本题考查的是如何通过关键词句体会文中重要的思想感情。解题时要联系《义务教育语文课程标准（2011年版）》中关于阅读课的教学建议，设计问题要有梯度，能够突出重难点，实现教学目标即可。</p>');
DELETE FROM edu_course_exercise WHERE id='194550';
INSERT INTO edu_course_exercise (id, question_type, course_id, content, easy_error, source, checked, is_pk) VALUES ('194550', '12', '32323232', '<p>       材料一：《义务教育美术课程标准（2011 年版）》“造型 <b>·  </b>表现”学习领域的第二学段阶段目标——初步认识线条、形状、色彩与肌理等造型元素，学习使用各种工具，体验   不同媒材的效果，通过观察、绘画、制作等方法表现所见所闻、所感所想，激发丰富的   想象，唤起创造的欲望。</p><p>       材料二：以下为湘版小学美术四年级上册《剪纸故事》教材内容，教学时间为   1   课时。</p><p>      （以下为第八课 剪纸故事）图片省略</p><p>       要求根据以上材料回答：</p>', '', '2015年福建省教师招聘考试学科专业知识 （小学美术）第48题', '1', '0');
DELETE FROM edu_course_exercise_qa WHERE id='2177796';
INSERT INTO edu_course_exercise_qa (id, course_exercise_id, type, question, cando, answer, total_score) VALUES ('2177796', '194550', '12', '<p>拟定教学目标。</p>', '1', '<p>①知识与技能目标：了解剪纸造型元素，掌握不同的表现方式以及制作剪纸的基本方法和步骤，提高动手能力、语言组织能力和口头表达能力。②过程与方法目标：通过欣赏及动手实践，感受剪纸艺术的美感，提高想象力和设计能力，能够完成一幅剪纸故事作品，并能够尝试用自己的语言表达其中蕴含的意义。③情感、态度和价值观目标：通过学习，能够养成保护环境，热爱生活的意识，树立正确的审美观，提高审美能力。</p>', '0');
DELETE FROM edu_course_exercise_qa WHERE id='2177799';
INSERT INTO edu_course_exercise_qa (id, course_exercise_id, type, question, cando, answer, total_score) VALUES ('2177799', '194550', '12', '<p>确定教学重点、难点。</p>', '1', '<p>①教学重点：了解剪纸的表现形式和艺术特点，掌握剪纸作品的制作技法。②教学难点：运用多种元素制作剪纸，并能用自己的话讲剪纸故事。</p>', '0');
DELETE FROM edu_course_exercise_qa WHERE id='2177803';
INSERT INTO edu_course_exercise_qa (id, course_exercise_id, type, question, cando, answer, total_score) VALUES ('2177803', '194550', '12', '<p>写出“剪、刻人物形象并组合成故事”环节的教学设计。要求字数在 200 字左右。</p>', '1', '<p>通过观看视频，同学们总结出制作剪纸故事的步骤：第一步，剪出人物的大致外形；第二步，根据自己的需要，剪或刻出人物的细节花纹及装饰等，此时老师列举同学们都很喜欢的月牙纹；第三步，组合粘贴。在贴之前请同学们思考粘贴的位置及故事情节，这样能够更好地凸显画面中人物的位置；第四步，在故事创作完毕后，添加上让故事更出彩的道具和背景；第五步，投影仪展示作品。</p>', '0');
DELETE FROM edu_course_exercise_comment WHERE id='2177796';
INSERT INTO edu_course_exercise_comment (id, path, course_exercise_qa_id, comment) VALUES ('2177796', ',2177796', '2177796', '<p>本题考查教学设计能力，通过题目完成教学目标的撰写。</p>');
DELETE FROM edu_course_exercise_comment WHERE id='2177799';
INSERT INTO edu_course_exercise_comment (id, path, course_exercise_qa_id, comment) VALUES ('2177799', ',2177799', '2177799', '<p>本题考查教学设计能力，通过题目完成教学重、难点的撰写。</p>');
DELETE FROM edu_course_exercise_comment WHERE id='2177803';
INSERT INTO edu_course_exercise_comment (id, path, course_exercise_qa_id, comment) VALUES ('2177803', ',2177803', '2177803', '<p>本题考查教学设计能力，通过材料和以上教学目标来完成教学过程中一个环节的撰写。这是教案中的关键，剪、刻都是剪纸的基本技法。通过剪、刻人物形象组合成故事，在《剪纸故事》中为学生提供了方法性的指导。</p>');
DELETE FROM edu_course_exercise WHERE id='198451';
INSERT INTO edu_course_exercise (id, question_type, course_id, content, easy_error, source, checked, is_pk) VALUES ('198451', '12', '40404040', '<p>“细菌的结构与营养方式”一节的课堂提问设计如下：</p><p>（1）课件展示细菌结构示意图，提问：细菌是由细胞构成的吗？它是单细胞生物，还是多细胞生物？</p><p>（2）继续展示动植物细胞示意图，提问：在结构组成上，细菌与动植物的主要区别是什么？</p><p>（3）展示其他几种细菌的显微照片，提问：细菌可能有哪些特殊结构？其功能分别是什么？让学生讨论，总结细菌细胞的结构和特点。</p><p>（4）教师继续提问：根据细菌的细胞特点，能不能准确推测细菌的营养方式？</p>', '', '2014年上半年教师资格证考试《高中生物》真题第29题', '1', '0');
DELETE FROM edu_course_exercise_qa WHERE id='2244232';
INSERT INTO edu_course_exercise_qa (id, course_exercise_id, type, question, cando, answer, total_score) VALUES ('2244232', '198451', '12', '<p>（1）上述提问体现了课堂问题设计应遵循哪些原则？</p>', '1', '<p>（1）该课堂中的提问遵循了以下原则①结合教学内容的实际情况，利用学生已有知识，合理设计问题。②从不同的侧面给予启发和引导，培养他们独立思考的意识和解决问题的能力。③注意明确问题的重点、问题的内容要集中。④问题的表达简明易懂，用学生的语言提问。</p>', '10.0');
DELETE FROM edu_course_exercise_qa WHERE id='2244232370';
INSERT INTO edu_course_exercise_qa (id, course_exercise_id, type, question, cando, answer, total_score) VALUES ('2244232370', '198451', '12', '<p>（2）结合材料，简要说明课堂提问的作用。</p>', '1', '<p>（2）材料中的课堂提问，层层深人，揭示矛盾和解决矛盾，使学生逐步认识事物，抓住问题的本质。展示不同结构示意图，引导学生思考，激发学生学习动机，主动求知。从教师的角度来说，提问能及时了解学生的学习情况，获得改进教学的反馈信息；对学生来说，是参与教学，更是强化学习。</p>', '15');
DELETE FROM edu_course_exercise_comment WHERE id='2244232';
INSERT INTO edu_course_exercise_comment (id, path, course_exercise_qa_id, comment) VALUES ('2244232', ',2244232', '2244232', '<p>（1）在课堂中的提问应遵循以下原则设计适应学生年龄和个人能力特征的多种水平的问题，使多数学生能参与注意明确问题的重点，问题的内容要集中；问题的表达要简明易懂，最好用学生的语言提问；结合教学内容的实际情况，利用学生已有知识，合理设计问题，并预想学生的可能回答及处理方法依照教学的进展和学生的思维进程提出问题，把握提问的时机以与学生一起思考的心情提问，不用强制回答的语气和态度提问；提问后不要随意地解释和重复，有时用词稍微不同问题的意思会发生微妙的变化当学生思考不充分或抓不住重点，对问题不能正确理解时，教师不要轻易代替学生回答。应从不同的侧面给予启发和引导，培养他们独立思考的意识和解决问题的能力教学过程中教师头脑中浮现的问题不要脱口而出，要考虑它在教学中的作用和意义学生回答后，教师要给予分析和确认，使问题有明确结论，强化他们的学习。</p>');
DELETE FROM edu_course_exercise_comment WHERE id='2244232370';
INSERT INTO edu_course_exercise_comment (id, path, course_exercise_qa_id, comment) VALUES ('2244232370', ',2244232370', '2244232370', '<p>（2）巧妙地运用提问，可以激发学习动机，积极思维，主动求知；可以揭示矛盾和解决矛盾、使学生逐步认识事物，抓住问题的本质；可以集中学生的注意，激发学习兴趣，活跃课堂气氛，培养他们语言表达的能力。从教师的角度来说，提问能及时了解学生的学习情况，获得改进教学的反馈信息对学生来说，是参与教学，强化学习。</p>');
DELETE FROM edu_course_exercise WHERE id='199174';
INSERT INTO edu_course_exercise (id, question_type, course_id, content, easy_error, source, checked, is_pk) VALUES ('199174', '12', '70707070', '<p>【材料一】</p><p>       心理学家爱德华·德西曾进行过一次著名的实验，他随机抽调一些学生去单独解一些有趣的智力难题。在实验的第一个阶段，抽调的全部学生在解题时都没有奖励；进入第二个阶段，所有实验组的学生每完成一个难题后，就得到1美元的奖励，而无奖励组的学生仍像原来那样解题：第三阶段，在每个学生想做什么就做什么的自由休息时间，研究人员观察学生是否仍在做题，以此作为判断学生对解题兴趣的指标。结果发现，奖励组对解题的兴趣衰减得快，而无奖励组在进入第三阶段后，仍对解题保持了较大的兴趣。实验证明：当一个人进行一项愉快的活动时，给他提供奖励，结果反而会减少这项活动对他内在的吸引力。这就是所谓的“德西效应”。</p><p>【材料二】</p><p>       法国著名女高音歌唱家迪梅普莱有一个美丽的私人林园。每到周末，总是有人到她的林园摘花，拾蘑菇。有的甚至搭起帐篷，在草地上野营野餐，弄得林园一片狼藉，肮脏不堪：管家曾让人在林园四周围上篱笆，并竖起“私人林园，禁止入内”的木牌，但均无济于事，林园依然不断遭到践踏、破坏。于是，管家只得向主人请示。迪梅普莱让管家做了一些大牌子立在路口，上面醒目的写着：“如果在林中不幸被毒蛇咬伤，最近的医院距此15公里，驾车约半小时即可抵达。”从此，再也没有人闯入她的林园。</p>', '', '2016年8月21日山东省泰安市各县区事业单位教师招聘考试（教育类）题第151题', '1', '0');
DELETE FROM edu_course_exercise_qa WHERE id='2259505';
INSERT INTO edu_course_exercise_qa (id, course_exercise_id, type, question, cando, answer, total_score) VALUES ('2259505', '199174', '12', '<p>（1）结合上述材料谈谈你对奖励和禁止的理解。</p>', '1', '<p>（1）奖励：是一种激励手段，为了调动学生积极性、主动性而设置的，学生在达到老师要求时得到的，体现了斯金纳的正强化原理。材料中，进入第二个阶段，所有实验组的学生每完成一个难题后，就得到1美元的奖励。学生在完成实验达到老师的要求后得到1美元奖励。</p><p>禁止：是指不允许做某事。材料中，管家让人在林园四周围上篱笆，并竖起“私人林园，禁止入内”的木牌，是为了不让其他人进入。</p>', '3');
DELETE FROM edu_course_exercise_qa WHERE id='22595052';
INSERT INTO edu_course_exercise_qa (id, course_exercise_id, type, question, cando, answer, total_score) VALUES ('22595052', '199174', '12', '<p>（2）你认为怎样做才能使鼓励和禁止更有效地影响学生的行为？</p>', '1', '<p>（2）应该从一下几个方面来更有效地影响学生的行为。</p><p>第一：使用正强化原理，正强化是指给予一个愉快刺激，从而增强其行为出现的概率。可以使用有效的奖励方法，来提高学生的积极性、主动性，从而更有效的影响学生的行为。</p><p>第二：使用负强化原理，负强化是指摆脱一个厌恶刺激，从而增强其行为出现的概率。可以使用适当的惩罚措施，来减少学生不好行为的发生，从而更有效的影响学生的行为。</p><p>第三：将正强化和负强化相结合，制定相应的奖励和惩罚措施，促使学生自我约束，从而更有效的影响学生的行为。</p>', '4');
DELETE FROM edu_course_exercise_comment WHERE id='2259505';
INSERT INTO edu_course_exercise_comment (id, path, course_exercise_qa_id, comment) VALUES ('2259505', ',2259505', '2259505', '<p>第一：谈谈理解；第二：将题目涉及相关理论进行完善并完整论述。</p>');
DELETE FROM edu_course_exercise_comment WHERE id='22595052';
INSERT INTO edu_course_exercise_comment (id, path, course_exercise_qa_id, comment) VALUES ('22595052', ',22595052', '22595052', '<p>第一：谈谈理解；第二：将题目涉及相关理论进行完善并完整论述。</p>');
DELETE FROM edu_course_exercise WHERE id='2009424';
INSERT INTO edu_course_exercise (id, question_type, course_id, content, easy_error, source, checked, is_pk) VALUES ('2009424', '12', '81818181', '<p>“严谨性与量力性相结合”是数学教学的基本原则。</p>', '', '2016年上半年教师资格证考试《高中数学》题第15题', '1', '0');
DELETE FROM edu_course_exercise_qa WHERE id='2009424';
INSERT INTO edu_course_exercise_qa (id, course_exercise_id, type, question, cando, answer, total_score) VALUES ('2009424', '2009424', '12', '<p>（1）简述“严谨性与量力性相结合”教学原则的内涵</p>', '1', '<p>（1）数学的严谨性，是指数学具有很强的逻辑性和较高的精确性，即逻辑的严格性和结论的确定性。量力性是指学生的可接受性，这一原则，说明教学中的数学知识的逻辑严谨性与学生的可接受性之间相适应的关系。理论知识的严谨程度要适合学生的一般知识结构与智力发展水平，随着学生知识结构的不断完善，心理发展水平的提高，逐渐增强理论的严谨程度；反过来，又要通过恰当的理论严谨性逐渐促进学生的接受能力。</p><p>    显然，这一原则是根据数学本身的特点及学生心理发展的特点提出的。但是，在学习过程中，学生的心理发展是逐步形成的，不同的年龄阶段，其感知、记忆、想象、思维、能力等心理因素都有不同的发展水平。这种心理发展的渐变性决定了在教学中不可能对数学理论的研究达到完全严密的程度，而应该在不同的教学阶段，依据不同的教学目的和内容而提出不同的严谨要求，即数学教学的严谨性是相对的。</p>', '3');
DELETE FROM edu_course_exercise_qa WHERE id='2009424897';
INSERT INTO edu_course_exercise_qa (id, course_exercise_id, type, question, cando, answer, total_score) VALUES ('2009424897', '2009424', '12', '<p>（2）实数指数幂在数学上如何引入的？</p>', '1', '<p>（2）对于实数指数幂在教学上，首先可以从初中学习的整数指数幂的概念和运算性质出发，比如回顾平方根和立方根的基础上，类比出正数的n次方根的定义，从而把指数推广到分数指数，进而推广到有理数指数，在推广到实数指数，并将幂的运算性质由整数指数幂推广到实数指数幂。</p><p>导入实例：创设情境，引入新课</p><p>首先用多媒体展示图片，让学生完成多媒体上的任务单，体会什么叫做平方根。</p><p><img width="216px" height="125px" src="https://fb.fbstatic.cn/api/tarzan/images/1570da968299c82.jpg?width=700" /></p><p>在上述过程的基础上，让学生联想什么叫做立方根，并让学生填写下列表格（已知，表中已知a、n的值，求x的值）<br></p><p><img width="580px" height="109px" src="https://fb.fbstatic.cn/api/tarzan/images/1570dabfb7b1691.png?width=700" /></p><p>并提出问题：①上表中，对于a=4，n=2，所填写的x叫做什么？</p><p>②当n=4.5时，所填写的x也可叫做什么？</p><p>③当n分别为奇数和偶数时，所填写的x有什么区别？</p><p>用这些问题引入本节课的同时也激发学生对问题产生的兴趣。</p>', '6');
DELETE FROM edu_course_exercise_qa WHERE id='2009424922';
INSERT INTO edu_course_exercise_qa (id, course_exercise_id, type, question, cando, answer, total_score) VALUES ('2009424922', '2009424', '12', '<p>（3）在高中“实数指数幂”概念的教学中，如何体现“严谨性与量力性相结合”的教学原则。</p>', '1', '<p>（3）学生在学习本节内容之前，已经了解了整数指数幂的概念和运算性质，因此本节课在学生回顾平方根和立方根的基础上类比出整数的n次方根的定义，从而把指数推广到分数指数，进而推广到有理数指数，再推广到实数指数，并将幂的运算性质中整数指数幂推广到实数指数幂。在平方根和立方根的基础上类比出正数的n次方根的定义的过程中比较严谨，但是将其进一步推广的过程中，由于中学生的可接受性是有限的，因此在教学中有些内容是避而不谈的，这就体现了严谨性与量力性相结合的原则。</p>', '6');
DELETE FROM edu_course_exercise_comment WHERE id='2009424';
INSERT INTO edu_course_exercise_comment (id, path, course_exercise_qa_id, comment) VALUES ('2009424', ',2009424', '2009424', '<p>本题主要考查严谨性与量力性的教学原则，以及课堂导入技巧的教学技能知识。</p><p>（1） “严谨性与量力性相结合”教学原则的内涵是指数学逻辑的严密性及结论的精确性，在中学的数学理论中也不例外。所谓数学的严谨性，就是指对数学内容结论的叙述必须精确，结论的论证必须严格、周密，整个数学内容被组织成一个严谨的逻辑系统。教材有时对有些内容避而不谈，或用直观说明，或用不完全归纳法验证，或不必说明的作了说明，或扩大公理体系等，这些做法主要是考虑到学生的可接受性，估计降低内容的严谨性，让学生更好地掌握要学的数学内容。当前数学界提出的“淡化形式，注重实质”的口号实质上也是侧面反映出数学必须坚持严谨性与量力性相结合原则的问题。</p>');
DELETE FROM edu_course_exercise_comment WHERE id='2009424715';
INSERT INTO edu_course_exercise_comment (id, path, course_exercise_qa_id, comment) VALUES ('2009424715', ',2009424715', '2009424897', '<p>（2）对于实数指数幂在教学上，首先可以从初中学习的整数指数幂的概念和运算性质出发，比如回顾平方根和立方根的基础上，类比出正数的n次方根的定义，从而把指数推广到分数指数，进而推广到有理数指数，在推广到实数指数，并将幂的运算性质由整数指数幂推广到实数指数幂。</p>');
DELETE FROM edu_course_exercise_comment WHERE id='2009424647';
INSERT INTO edu_course_exercise_comment (id, path, course_exercise_qa_id, comment) VALUES ('2009424647', ',2009424647', '2009424922', '<p>（3）在高中“实数指数幂”的概念教学中，对严谨性要求，设法安排学生逐步适应的过程与机会，逐步提高其严谨程度，做到立论有据。比如学生初学分数指数幂很不适应，教师可以引导学生研究已学习过整数指数幂的概念属性，理解分数指数幂的概念，进而学习指数幂的性质，并学习分数指数幂和根式之间的互化，渗透“转化”的数学思想，最后达到知识点之间的密切联系，达到概念的产生有根有据。</p>');
DELETE FROM edu_course_exercise WHERE id='2020718';
INSERT INTO edu_course_exercise (id, question_type, course_id, content, easy_error, source, checked, is_pk) VALUES ('2020718', '12', '91919191', '<p>一、根据题目要求完成下列任务，用中文作答。 </p><p>推理( inferring)是阅读理解的基本技能之一。请解释“推理”的基本内涵，简述训练推理技能的注意事项，并用英语写出两个可以检测阅读理解的推理性问题。</p>', '', '2015年下半年教师资格证考试《高中英语》题第31题', '1', '0');
DELETE FROM edu_course_exercise_qa WHERE id='2020718';
INSERT INTO edu_course_exercise_qa (id, course_exercise_id, type, question, cando, answer, total_score) VALUES ('2020718', '2020718', '12', '', '1', '<p>（1）“推理”的基本内涵：</p><p>推理是要求读者在阅读时除了需要理解文章的字面语义外，也需要具有把握文章字里行间透露出的语气、态度的能力。推理的前提是阅读到有关文字——可以是短语、句子或整个段落甚至整篇短文。阅读时，读者必须由表及里、由此及彼，从字里行间悟出合乎作者本意的言外之意。推理的结果应是既来自字里行间，又高于字里行间；既符合原文实际内涵，又超越实际内涵；既基于已知事实，又不仅仅是已知事实。</p><p>（2）训练推理技能的注意事项：</p><p>①忠于原文，切忌盲目用自己的观点取代作者原意。</p><p>②注意作者遣词造句的特点和倾向，客观推测作者立场、观点和写作意图。</p><p>③由同一已知事实可推出不止一个正确的结论。</p><p>（3）两个可以检测阅读理解的推理性问题：</p><p>①The last sentence of the first paragraph most probably implies that...</p><p>②This passage would most likely be found in...</p>', '0');
DELETE FROM edu_course_exercise_comment WHERE id='2020718';
INSERT INTO edu_course_exercise_comment (id, path, course_exercise_qa_id, comment) VALUES ('2020718', ',2020718', '2020718', '<p>（1）“推理”的基本内涵：</p><p>推理是要求读者在阅读时除了需要理解文章的字面语义外，也需要具有把握文章字里行间透露出的语气、态度的能力。推理的前提是阅读到有关文字——可以是短语、句子或整个段落甚至整篇短文。阅读时，读者必须由表及里、由此及彼，从字里行间悟出合乎作者本意的言外之意。推理的结果应是既来自字里行间，又高于字里行间；既符合原文实际内涵，又超越实际内涵；既基于已知事实，又不仅仅是已知事实。</p><p>（2）训练推理技能的注意事项：</p><p>①忠于原文，切忌盲目用自己的观点取代作者原意。</p><p>②注意作者遣词造句的特点和倾向，客观推测作者立场、观点和写作意图。</p><p>③由同一已知事实可推出不止一个正确的结论。</p><p>（3）两个可以检测阅读理解的推理性问题：</p><p>①The last sentence of the first paragraph most probably implies that...</p><p>②This passage would most likely be found in...</p>');
DELETE FROM edu_course_exercise WHERE id='2026824';
INSERT INTO edu_course_exercise (id, question_type, course_id, content, easy_error, source, checked, is_pk) VALUES ('2026824', '12', '70707070', '<p>贯彻启发性原则的基本要求？</p>', '', '2016年广东中山市教育系统事业单位教师招聘 《教育理论》题第23题', '1', '0');
DELETE FROM edu_course_exercise_qa WHERE id='2026824';
INSERT INTO edu_course_exercise_qa (id, course_exercise_id, type, question, cando, answer, total_score) VALUES ('2026824', '2026824', '12', '', '1', '<p>启发性教学原则是指教师在教学工作中依据学习过程的客观规律，运用各种教学手段充分调动学生学习主动性、积极性，引导他们独立思考，积极探索，生动活泼地学习，自觉地掌握科学知识和提高分析问题和解决问题的能力。</p><p>贯彻此原则的要求</p><p>1.加强学习的目的性教育，调动学生学习的主动性。</p><p>2.启发学生独立思考，发展学生的逻辑思维能力。</p><p>3.让学生动手实践，培养学生独立解决问题的能力。</p><p>4.发扬教学民主。包括：建立民主平等的师生关系，创造民主和谐的教学气氛，鼓励学生发表不同的见解，允许学生向教师提问、质疑等。</p>', '5.0');
DELETE FROM edu_course_exercise_comment WHERE id='2026824';
INSERT INTO edu_course_exercise_comment (id, path, course_exercise_qa_id, comment) VALUES ('2026824', ',2026824', '2026824', '<p>启发性教学原则是指教师在教学工作中依据学习过程的客观规律，运用各种教学手段充分调动学生学习主动性、积极性，引导他们独立思考，积极探索，生动活泼地学习，自觉地掌握科学知识和提高分析问题和解决问题的能力。</p><p>贯彻此原则的要求</p><p>1.加强学习的目的性教育，调动学生学习的主动性。</p><p>2.启发学生独立思考，发展学生的逻辑思维能力。</p><p>3.让学生动手实践，培养学生独立解决问题的能力。</p><p>4.发扬教学民主。包括：建立民主平等的师生关系，创造民主和谐的教学气氛，鼓励学生发表不同的见解，允许学生向教师提问、质疑等。</p>');
DELETE FROM edu_course_exercise WHERE id='2056246';
INSERT INTO edu_course_exercise (id, question_type, course_id, content, easy_error, source, checked, is_pk) VALUES ('2056246', '12', '70707070', '<p>简述防止遗忘的方法。</p>', '', '2017年安徽省教师招聘考试《教育综合知识》（小学）题第39题', '1', '0');
DELETE FROM edu_course_exercise_qa WHERE id='2056246';
INSERT INTO edu_course_exercise_qa (id, course_exercise_id, type, question, cando, answer, total_score) VALUES ('2056246', '2056246', '12', '', '1', '<p>防止遗忘的方法有：</p><p>（1）明确记忆目的，增强学习的主动性。</p><p>（2）理解材料的意义，少用机械记忆。</p><p>（3）对材料进行精细加工，促进深度理解。</p><p>（4）运用组块化策略，合理组织材料。</p><p>（5）运用多重编码方式，提高加工质量。</p><p>（6）注重复习方法，防止知识遗忘。</p>', '0');
DELETE FROM edu_course_exercise_comment WHERE id='2056246';
INSERT INTO edu_course_exercise_comment (id, path, course_exercise_qa_id, comment) VALUES ('2056246', ',2056246', '2056246', '<p>防止遗忘的方法有：</p><p>（1）明确记忆目的，增强学习的主动性。</p><p>（2）理解材料的意义，少用机械记忆。</p><p>（3）对材料进行精细加工，促进深度理解。</p><p>（4）运用组块化策略，合理组织材料。</p><p>（5）运用多重编码方式，提高加工质量。</p><p>（6）注重复习方法，防止知识遗忘。</p>');
DELETE FROM edu_course_exercise WHERE id='2056250';
INSERT INTO edu_course_exercise (id, question_type, course_id, content, easy_error, source, checked, is_pk) VALUES ('2056250', '12', '70707070', '<p>简述课堂教学中讨论法运用的基本要求。</p>', '', '2017年安徽省教师招聘考试《教育综合知识》（小学）题第41题', '1', '0');
DELETE FROM edu_course_exercise_qa WHERE id='2056250';
INSERT INTO edu_course_exercise_qa (id, course_exercise_id, type, question, cando, answer, total_score) VALUES ('2056250', '2056250', '12', '', '1', '<p>课堂教学中运用讨论法的基本要求有三点：</p><p>（1）讨论前做好充分准备。</p><p>（2）讨论中要对学生进行启发诱导。</p><p>（3）在讨论结束时要做好小结。</p>', '0');
DELETE FROM edu_course_exercise_comment WHERE id='2056250';
INSERT INTO edu_course_exercise_comment (id, path, course_exercise_qa_id, comment) VALUES ('2056250', ',2056250', '2056250', '<p>课堂教学中运用讨论法的基本要求有三点：</p><p>（1）讨论前做好充分准备。</p><p>（2）讨论中要对学生进行启发诱导。</p><p>（3）在讨论结束时要做好小结。</p>');
DELETE FROM edu_course_exercise WHERE id='2056254';
INSERT INTO edu_course_exercise (id, question_type, course_id, content, easy_error, source, checked, is_pk) VALUES ('2056254', '12', '70707070', '<p>简述现阶段我国教育目的的基本精神。</p>', '', '2017年安徽省教师招聘考试《教育综合知识》（小学）题第42题', '1', '0');
DELETE FROM edu_course_exercise_qa WHERE id='2056254';
INSERT INTO edu_course_exercise_qa (id, course_exercise_id, type, question, cando, answer, total_score) VALUES ('2056254', '2056254', '12', '', '1', '<p>现阶段我国教育目的的基本精神包括以下三点：</p><p>（1）我们要求培养的人是社会主义建设者和接班人，因此要坚持思想政治道德素质与科学文化知识能力的统一。</p><p>（2）我们要求学生在德、智、体等方面全面发展，要求坚持脑力劳动与体力劳动两方面的和谐发展。</p><p>（3）适应时代发展的要求，强调学生个性的发展，培养学生的创造精神和实践能力。</p>', '0');
DELETE FROM edu_course_exercise_comment WHERE id='2056254';
INSERT INTO edu_course_exercise_comment (id, path, course_exercise_qa_id, comment) VALUES ('2056254', ',2056254', '2056254', '<p>现阶段我国教育目的的基本精神包括以下三点：</p><p>（1）我们要求培养的人是社会主义建设者和接班人，因此要坚持思想政治道德素质与科学文化知识能力的统一。</p><p>（2）我们要求学生在德、智、体等方面全面发展，要求坚持脑力劳动与体力劳动两方面的和谐发展。</p><p>（3）适应时代发展的要求，强调学生个性的发展，培养学生的创造精神和实践能力。</p>');
DELETE FROM edu_course_exercise WHERE id='2056306';
INSERT INTO edu_course_exercise (id, question_type, course_id, content, easy_error, source, checked, is_pk) VALUES ('2056306', '12', '70707070', '<p>简述教育的科技功能。</p>', '', '2017年安徽省教师招聘考试《教育综合知识》（中学）题第39题', '1', '0');
DELETE FROM edu_course_exercise_qa WHERE id='2056306';
INSERT INTO edu_course_exercise_qa (id, course_exercise_id, type, question, cando, answer, total_score) VALUES ('2056306', '2056306', '12', '', '1', '<p>教育的科技功能主要体现在以下四个方面：</p><p>（1）教育能够完成科学知识的再生产。</p><p>（2）教育推进科学的体制化。</p><p>（3）教育具有科学研究的功能。</p><p>（4）教育促进科研技术成果的开发利用。</p>', '0');
DELETE FROM edu_course_exercise_comment WHERE id='2056306';
INSERT INTO edu_course_exercise_comment (id, path, course_exercise_qa_id, comment) VALUES ('2056306', ',2056306', '2056306', '<p>教育的科技功能主要体现在以下四个方面：</p><p>（1）教育能够完成科学知识的再生产。</p><p>（2）教育推进科学的体制化。</p><p>（3）教育具有科学研究的功能。</p><p>（4）教育促进科研技术成果的开发利用。</p>');
DELETE FROM edu_course_exercise WHERE id='2056308';
INSERT INTO edu_course_exercise (id, question_type, course_id, content, easy_error, source, checked, is_pk) VALUES ('2056308', '12', '70707070', '<p>简述读书指导法及其运用的基本要求。</p>', '', '2017年安徽省教师招聘考试《教育综合知识》（中学）题第40题', '1', '0');
DELETE FROM edu_course_exercise_qa WHERE id='2056308';
INSERT INTO edu_course_exercise_qa (id, course_exercise_id, type, question, cando, answer, total_score) VALUES ('2056308', '2056308', '12', '', '1', '<p>读书指导法是教师指导学生通过阅读教科书和参考书，培养学生自学能力的一种方法。其运用要求包括：</p><p>（1）提出明确的目的、要求和思考题。</p><p>（2）教给学生读书的方法。</p><p>（3）加强评价和辅导。</p><p>（4）适当组织学生交流读书心得。</p>', '0');
DELETE FROM edu_course_exercise_comment WHERE id='2056308';
INSERT INTO edu_course_exercise_comment (id, path, course_exercise_qa_id, comment) VALUES ('2056308', ',2056308', '2056308', '<p>读书指导法是教师指导学生通过阅读教科书和参考书，培养学生自学能力的一种方法。其运用要求包括：</p><p>（1）提出明确的目的、要求和思考题。</p><p>（2）教给学生读书的方法。</p><p>（3）加强评价和辅导。</p><p>（4）适当组织学生交流读书心得。</p>');
DELETE FROM edu_course_exercise WHERE id='2056310';
INSERT INTO edu_course_exercise (id, question_type, course_id, content, easy_error, source, checked, is_pk) VALUES ('2056310', '12', '70707070', '<p>简述教育的巩固性原则及其基本要求。 </p>', '', '2017年安徽省教师招聘考试《教育综合知识》（中学）题第41题', '1', '0');
DELETE FROM edu_course_exercise_qa WHERE id='2056310';
INSERT INTO edu_course_exercise_qa (id, course_exercise_id, type, question, cando, answer, total_score) VALUES ('2056310', '2056310', '12', '', '1', '<p>巩固性教学原则是指教师要引导学生在理解的基础上牢固地掌握知识和基本技能，  而且在需要的时候，能够准确无误地呈现出来，以利于知识、技能的运用。贯彻此原则的要求包括以下三点：</p><p>（1）要在教学的全过程中加强知识的巩固。</p><p>（2）组织好学生的复习工作，教会学生记忆的方法。</p><p>（3）在扩充改组和运用知识中积极巩固。</p>', '0');
DELETE FROM edu_course_exercise_comment WHERE id='2056310';
INSERT INTO edu_course_exercise_comment (id, path, course_exercise_qa_id, comment) VALUES ('2056310', ',2056310', '2056310', '<p>巩固性教学原则是指教师要引导学生在理解的基础上牢固地掌握知识和基本技能，  而且在需要的时候，能够准确无误地呈现出来，以利于知识、技能的运用。贯彻此原则的要求包括以下三点：</p><p>（1）要在教学的全过程中加强知识的巩固。</p><p>（2）组织好学生的复习工作，教会学生记忆的方法。</p><p>（3）在扩充改组和运用知识中积极巩固。</p>');
DELETE FROM edu_course_exercise WHERE id='2056312';
INSERT INTO edu_course_exercise (id, question_type, course_id, content, easy_error, source, checked, is_pk) VALUES ('2056312', '12', '70707070', '<p>简述性格与能力的关系。</p>', '', '2017年安徽省教师招聘考试《教育综合知识》（中学）题第42题', '1', '0');
DELETE FROM edu_course_exercise_qa WHERE id='2056312';
INSERT INTO edu_course_exercise_qa (id, course_exercise_id, type, question, cando, answer, total_score) VALUES ('2056312', '2056312', '12', '', '1', '<p>性格是指人的较稳定的态度与习惯化了的行为方式相结合而形成的人格特征。能力是顺利完成某种活动所必需的，并直接影响活动效率的个性心理特征。二者是在相互制约中发展的。</p><p>（1）能力制约着性格的发展。能力的形成与发展会促使相应性格特征随之发展。</p><p>（2）性格也制约着能力的发展。性格能够影响能力的发展水平，良好的性格特征能弥补某些能力的不足，但不良的性格特征，也会阻碍能力的发展甚至使能力衰退。</p><p>（3）性格与能力的结合是获得成功的必要条件。</p>', '0');
DELETE FROM edu_course_exercise_comment WHERE id='2056312';
INSERT INTO edu_course_exercise_comment (id, path, course_exercise_qa_id, comment) VALUES ('2056312', ',2056312', '2056312', '<p>性格是指人的较稳定的态度与习惯化了的行为方式相结合而形成的人格特征。能力是顺利完成某种活动所必需的，并直接影响活动效率的个性心理特征。二者是在相互制约中发展的。</p><p>（1）能力制约着性格的发展。能力的形成与发展会促使相应性格特征随之发展。</p><p>（2）性格也制约着能力的发展。性格能够影响能力的发展水平，良好的性格特征能弥补某些能力的不足，但不良的性格特征，也会阻碍能力的发展甚至使能力衰退。</p><p>（3）性格与能力的结合是获得成功的必要条件。</p>');
DELETE FROM edu_course_exercise WHERE id='2057328';
INSERT INTO edu_course_exercise (id, question_type, course_id, content, easy_error, source, checked, is_pk) VALUES ('2057328', '12', '70707070', '<p>教师备课应做好哪几方面的工作？</p>', '', '2015年12月天津市实验中学滨海学校《教育综合知识》第35题', '1', '0');
DELETE FROM edu_course_exercise_qa WHERE id='2057328';
INSERT INTO edu_course_exercise_qa (id, course_exercise_id, type, question, cando, answer, total_score) VALUES ('2057328', '2057328', '12', '', '1', '<p>教师教学工作包括五个基本环节：备课、上课、作业的布置和反馈、课外辅导和学业成绩的检查和评定，其中准备环节是备课，发生在课程的开始，备课就是教师根据学科课程标准的要求和本门课程的特点，结合学生的具体情况，选择最合适的表达方法和顺序，以保证学生有效地学习，备好课是教好课的前提。其具体包含以下三个方面：</p><p>（1）研究教材。</p><p>（2）了解学生。</p><p>（3）设计教法。</p>', '0');
DELETE FROM edu_course_exercise_comment WHERE id='2057328';
INSERT INTO edu_course_exercise_comment (id, path, course_exercise_qa_id, comment) VALUES ('2057328', ',2057328', '2057328', '<p>教师教学工作包括五个基本环节：备课、上课、作业的布置和反馈、课外辅导和学业成绩的检查和评定，其中准备环节是备课，发生在课程的开始，备课就是教师根据学科课程标准的要求和本门课程的特点，结合学生的具体情况，选择最合适的表达方法和顺序，以保证学生有效地学习，备好课是教好课的前提。其具体包含以下三个方面：</p><p>（1）研究教材。</p><p>（2）了解学生。</p><p>（3）设计教法。</p>');
DELETE FROM edu_course_exercise WHERE id='2057340';
INSERT INTO edu_course_exercise (id, question_type, course_id, content, easy_error, source, checked, is_pk) VALUES ('2057340', '12', '70707070', '<p>试论教学方法中的讲授法的内涵、特点和运用的基本要求</p>', '', '2015年12月天津市实验中学滨海学校《教育综合知识》第39题', '1', '0');
DELETE FROM edu_course_exercise_qa WHERE id='2057340';
INSERT INTO edu_course_exercise_qa (id, course_exercise_id, type, question, cando, answer, total_score) VALUES ('2057340', '2057340', '12', '', '1', '<p>（1）内涵：</p><p>教师通过口头语言向学生描绘情境、叙述事实、解释概念、论证原理和阐明规律的教学方法。它是教师使用最早的、应用最广的教学方法,可用以传授新知识,也可用于巩固旧知识，其他教学方法的运用，几乎都需要同讲授法结合进行。</p><p>（2）特点：</p><p>①信息量大能使学生通过教师的说明、分析、论证、描述、设疑、解疑等教学语言，短时间内获得大量的系统科学知识，因之适用于传授新知识和阐明学习目的、教会学习方法和进行思想教育等教学范围的运用。</p><p>②灵活性大，适应性强无论在课内教学及课外教学、也无论是地理感性知识或理性知识，讲授法都可运用。它使学生通过感知、理解、应用而达到巩固掌握，在教学进程中便于调控，且随时可与组织教学等环节结合。</p><p>③利于教师主导作用的发挥教师在教学过程中要完成传授知识、培养能力、进行思想教育三项职能，同时要通过说明目的、激发兴趣、教会方法、启发自觉学习等以调动学生的积极性，这些都适用讲授方法来体现自己的意图，表达自己的思想。讲授法也易于反映教师的知识水平、教学能力、人格修养、对学生的态度等，这些又对学生的成长和发展起着不可估量的作用。</p><p>④讲授法缺乏学生直接实践和及时做出反馈的机会，有时会影响学生积极性的发挥和忽视个别差异的存在。</p><p>（3）基本要求：</p><p>①认真备课熟练掌握教材内容，对讲授的知识要点、系统、结构、联系等做到胸有成竹、出口成章、熟能生巧，讲起来才精神饱满、充满信心，同时要注意学生反馈，调控教学活动的进行。</p><p>②教学语言要准确有严密的科学性、逻辑性；精炼：没有非教学语言，用词简要，用地理的科学语言教学；清晰，吐字清楚，音调适中，速度及轻重音适宜；生动，形象，有感染力，注意感情投入。地理教师的语言表达能力直接影响着讲授法的效果，应在平时加强基本功训练，使之规范化。</p><p>③充分贯彻启发式教学原则讲授的内容须是教材中的重点、难点和关键，使学生随着教师的讲解或讲述开动脑筋思考问题，讲中有导，讲中有练。学生主体作用表现突出，表现为愿学、愿想，才能使讲授法进行得生动活泼，而不是注入式。</p><p>④讲授的内容宜具体形象，联系旧知对抽象的概念原理，要尽量结合其他方法，使之形象化，易于理解。对内容要进行精心组织，使之条理清楚，主次分明，重点突出。</p><p>⑤讲授过程中要结合板书与直观教具板书可提示教学要点，显示教学进程，使讲授内容形象化具体化。直观教具如地图、图片、图表、模型等，可边讲边演示，以加深对讲授内容的理解</p>', '0');
DELETE FROM edu_course_exercise_comment WHERE id='2057340';
INSERT INTO edu_course_exercise_comment (id, path, course_exercise_qa_id, comment) VALUES ('2057340', ',2057340', '2057340', '<p>第一：明确考点，教学方法中讲授法，而不是教学方法，注意审题；第二：将题目涉及相关理论进行完善并完整论述；第三：分条缕析，阐明清楚。</p>');
DELETE FROM edu_course_exercise WHERE id='2057584';
INSERT INTO edu_course_exercise (id, question_type, course_id, content, easy_error, source, checked, is_pk) VALUES ('2057584', '12', '70707070', '<p>加涅的信息加工学习理论提出的学习过程包括哪八个阶段？</p>', '', '2015年12月天津市实验中学滨海学校《教育综合知识》第37题', '1', '0');
DELETE FROM edu_course_exercise_qa WHERE id='2057584';
INSERT INTO edu_course_exercise_qa (id, course_exercise_id, type, question, cando, answer, total_score) VALUES ('2057584', '2057584', '12', '', '1', '<p>加涅根据信息加工理论提出了学习过程的基本模式，认为学习过程就是一个信息加工的过程，即学习者将来自环境刺激的信息进行内在的认知加工的过程。根据信息加工的流程，加涅进一步认为，学习包括外部条件和内部条件，学习过程实际上就是学习者头脑中的内部活动。他把学习过程划分为八个阶段：</p><p>①动机阶段——期望 1/2 激发动机</p><p>②领会阶段——注意：选择性知觉 1/2 告知目标</p><p>③习得阶段——编码：储存登记 2/3 指导注意</p><p>④保持阶段——记忆贮存 3/4 刺激回忆</p><p>⑤回忆阶段——提取 3/4 提供学习指导</p><p>⑥概括阶段——迁移 4/5 增强保持</p><p>⑦作业阶段——反应 6 促进学习迁移</p><p>⑧反馈阶段——强化 7/8 布置作业提供反馈</p>', '0');
DELETE FROM edu_course_exercise_comment WHERE id='2057584';
INSERT INTO edu_course_exercise_comment (id, path, course_exercise_qa_id, comment) VALUES ('2057584', ',2057584', '2057584', '<p>加涅根据信息加工理论提出了学习过程的基本模式，认为学习过程就是一个信息加工的过程，即学习者将来自环境刺激的信息进行内在的认知加工的过程。根据信息加工的流程，加涅进一步认为，学习包括外部条件和内部条件，学习过程实际上就是学习者头脑中的内部活动。他把学习过程划分为八个阶段：</p><p>①动机阶段——期望 1/2 激发动机</p><p>②领会阶段——注意：选择性知觉 1/2 告知目标</p><p>③习得阶段——编码：储存登记 2/3 指导注意</p><p>④保持阶段——记忆贮存 3/4 刺激回忆</p><p>⑤回忆阶段——提取 3/4 提供学习指导</p><p>⑥概括阶段——迁移 4/5 增强保持</p><p>⑦作业阶段——反应 6 促进学习迁移</p><p>⑧反馈阶段——强化 7/8 布置作业提供反馈</p>');
DELETE FROM edu_course_exercise WHERE id='2057590';
INSERT INTO edu_course_exercise (id, question_type, course_id, content, easy_error, source, checked, is_pk) VALUES ('2057590', '12', '70707070', '<p>联系实际分析论述班主任的职责？</p>', '', '2014年5月四川自贡荣县人社局事业单位《教育公共基础笔试》第33题', '1', '0');
DELETE FROM edu_course_exercise_qa WHERE id='2057590';
INSERT INTO edu_course_exercise_qa (id, course_exercise_id, type, question, cando, answer, total_score) VALUES ('2057590', '2057590', '12', '', '1', '<p>班主任是班集体的组织者、教育者和指导者，是学校领导实施教育、教学工作计划的得力助手，班主任的基本任务是按照德、智、体、美、劳全面发展的要求，开展班级工作，全面教育、管理、指导学生，使他们成为有理想、有道德、有文化、有纪律、体魄健康和人格健全的公民。因此，班主任有以下职责：</p><p>（1）制定班级德育工作计划，并组织力量抓落实，做好德育工作总结。</p><p>（2）建立健全班集体，培养正确的集体舆论和优良的班风。</p><p>（3）全面掌握学生的学习和思想动态，做好分类指导和个别教育工作，促进差生转化。</p><p>（4）选拔和培养班、团、队干部，形成班级领导核心，提高学生自治处理能力。</p><p>（5）根据学校要求和班级实际，备好、上好班会课，积极开展班集体活动。</p><p>（6）协调本班任课教师、家长及社会各方面力量，形成齐抓共管的合力。</p><p>（7）指导班内团队开展活动。</p><p>（8）做好学生操行的评定和&quot;三好学生&quot;、优秀班干部、优秀团员、优秀少先队员的评选工作。</p>', '0');
DELETE FROM edu_course_exercise_comment WHERE id='2057590';
INSERT INTO edu_course_exercise_comment (id, path, course_exercise_qa_id, comment) VALUES ('2057590', ',2057590', '2057590', '<p>班主任是指在学校中全面负责一个教学班学生的思想、学习、健康与生活的教师，是班级的组织者、领导者和教育者，是学校办学思想的贯彻者。班主任职责阐明清楚，注意联系实际。</p>');
DELETE FROM edu_course_exercise WHERE id='2057596';
INSERT INTO edu_course_exercise (id, question_type, course_id, content, easy_error, source, checked, is_pk) VALUES ('2057596', '12', '70707070', '<p>结合实际谈谈如何培养学生解决问题的能力？</p>', '', '2014年5月四川自贡荣县人社局事业单位《教育公共基础笔试》第34题', '1', '0');
DELETE FROM edu_course_exercise_qa WHERE id='2057596';
INSERT INTO edu_course_exercise_qa (id, course_exercise_id, type, question, cando, answer, total_score) VALUES ('2057596', '2057596', '12', '', '1', '<p>在实际教学中，教师要培养学生解决问题的能力，主要从以下几方面着手：</p><p>（1）鼓励质疑。教师要鼓励学生在课堂上主动提问，减少这样那样的限制，形成一种自由探究的气氛。</p><p>（2）设置难度适当的问题。教师要了解学生学该知识点的起点行为，即要对已有知识、原则进行重新组合，而不是重新学习。题目过难，不易为学生理解，就不能期待学生去解答；反之，过分容易，也起不到应有的作用。</p><p>（3）帮助学生正确表征问题。学生用所学知识解释问题，或者画草图、列表、写方程式等，这对回忆相关信息有很好的作用。</p><p>（4）帮助学生养成分析问题的习惯。教师要帮助学生发展系统考虑问题的方式，系统分析的习惯。</p><p>（5）辅导学生从记忆中提取信息。因为解决问题需要对原有知识、原则进行重新组合，所以教师要帮助学生从记忆中迅速提取与解决问题有关的信息，并能很快找出可利用的信息，明确问题情境与欲达到的目的，迅速作出判断。</p><p>（6）训练学生陈述自己的假设及其步骤。教师要培养学生从引来别人的言语指导到自行指导思考，然后再要他们自己用言语表达出来。</p>', '0');
DELETE FROM edu_course_exercise_comment WHERE id='2057596';
INSERT INTO edu_course_exercise_comment (id, path, course_exercise_qa_id, comment) VALUES ('2057596', ',2057596', '2057596', '<p>问题解决是指为了从问题的初始状态达到目标状态，而采取的一系列具有目标指向性的认知操作过程。在实际教学中可以通过提高学生知识储备的数量与质量、教授与训练解决问题的方法与策略、提供多种练习机会、培养思考问题习惯来培养学生解决问题的能力。</p>');
DELETE FROM edu_course_exercise WHERE id='2057600';
INSERT INTO edu_course_exercise (id, question_type, course_id, content, easy_error, source, checked, is_pk) VALUES ('2057600', '12', '70707070', '<p>班主任工作的主要内容有哪些？</p>', '', '2015年天津河东区教育系统补充招聘教师岗《教育综合知识》第63题', '1', '0');
DELETE FROM edu_course_exercise_qa WHERE id='2057600';
INSERT INTO edu_course_exercise_qa (id, course_exercise_id, type, question, cando, answer, total_score) VALUES ('2057600', '2057600', '12', '', '1', '<p>班主任的常规工作：</p><p>（1）了解和研究学生，是班主任工作的前提和基础。</p><p>（2）组织和培养班集体，是班主任工作的中心环节。</p><p>（3）建立学生成长档案。</p><p>（4）组织班会活动和课外活动。</p><p>（5）协调各种教育影响。</p><p>（6）操行评定。</p><p>（7）班主任工作计划与总结。</p><p>个别教育工作:关注优等生的个别教育；中等生的个别教育；后进生的个别教育。</p>', '0');
DELETE FROM edu_course_exercise_comment WHERE id='2057600';
INSERT INTO edu_course_exercise_comment (id, path, course_exercise_qa_id, comment) VALUES ('2057600', ',2057600', '2057600', '<p>班主任的常规工作：</p><p>（1）了解和研究学生，是班主任工作的前提和基础。</p><p>（2）组织和培养班集体，是班主任工作的中心环节。</p><p>（3）建立学生成长档案。</p><p>（4）组织班会活动和课外活动。</p><p>（5）协调各种教育影响。</p><p>（6）操行评定。</p><p>（7）班主任工作计划与总结。</p><p>个别教育工作:关注优等生的个别教育；中等生的个别教育；后进生的个别教育。</p>');
DELETE FROM edu_course_exercise WHERE id='2057956';
INSERT INTO edu_course_exercise (id, question_type, course_id, content, easy_error, source, checked, is_pk) VALUES ('2057956', '12', '70707070', '<p>根据班杜拉的学习理论，影响自我效能感的因素主要有哪些？</p>', '', '2014年湖南岳阳市直学校教师招聘题第30题', '1', '0');
DELETE FROM edu_course_exercise_qa WHERE id='2057956';
INSERT INTO edu_course_exercise_qa (id, course_exercise_id, type, question, cando, answer, total_score) VALUES ('2057956', '2057956', '12', '', '1', '<p>影响自我效能感的因素有：</p><p>①成败经验（最重要）；</p><p>②替代性经验；</p><p>③言语信息；</p><p>④情感状态等。</p>', '0');
DELETE FROM edu_course_exercise_comment WHERE id='2057956';
INSERT INTO edu_course_exercise_comment (id, path, course_exercise_qa_id, comment) VALUES ('2057956', ',2057956', '2057956', '<p>影响自我效能感的因素有：</p><p>①成败经验（最重要）；</p><p>②替代性经验；</p><p>③言语信息；</p><p>④情感状态等。</p>');
DELETE FROM edu_course_exercise WHERE id='2058436';
INSERT INTO edu_course_exercise (id, question_type, course_id, content, easy_error, source, checked, is_pk) VALUES ('2058436', '12', '70707070', '<p>班级平行管理</p>', '', '2016天津和平区教师招聘题第62题', '1', '0');
DELETE FROM edu_course_exercise_qa WHERE id='2058436';
INSERT INTO edu_course_exercise_qa (id, course_exercise_id, type, question, cando, answer, total_score) VALUES ('2058436', '2058436', '12', '', '1', '<p>班级平行管理是指班主任既通过对集体的管理去影响个人，又通过对个人的直接管理去影响集体，从而把对集体和个人的管理结合起来的管理方式。</p>', '0');
DELETE FROM edu_course_exercise_comment WHERE id='2058436';
INSERT INTO edu_course_exercise_comment (id, path, course_exercise_qa_id, comment) VALUES ('2058436', ',2058436', '2058436', '<p>班级平行管理是指班主任既通过对集体的管理去影响个人，又通过对个人的直接管理去影响集体，从而把对集体和个人的管理结合起来的管理方式。</p>');
DELETE FROM edu_course_exercise WHERE id='2058532';
INSERT INTO edu_course_exercise (id, question_type, course_id, content, easy_error, source, checked, is_pk) VALUES ('2058532', '12', '70707070', '<p>教学中如何贯彻启发性教学原则。</p>', '', '2016年1月河南省周口联营中专教师招聘 《教育基础知识》第54题', '1', '0');
DELETE FROM edu_course_exercise_qa WHERE id='2058532';
INSERT INTO edu_course_exercise_qa (id, course_exercise_id, type, question, cando, answer, total_score) VALUES ('2058532', '2058532', '12', '', '1', '<p>教学中贯彻启发性教学原则的要求如下：</p><p>（1）加强学习的目的性教育，调动学生学习的主动性。</p><p>（2）启发学生独立思考，发展学生的逻辑思维能力。</p><p>（3）让学生动手实践，培养学生独立解决问题的能力。</p><p>（4）发扬教学民主，包括：建立民主平等的师生关系，创造民主和谐的教学气氛，鼓励学生发表不同的见解，允许学生向教师提问、质疑等。</p>', '0');
DELETE FROM edu_course_exercise_comment WHERE id='2058532';
INSERT INTO edu_course_exercise_comment (id, path, course_exercise_qa_id, comment) VALUES ('2058532', ',2058532', '2058532', '<p>教学中贯彻启发性教学原则的要求如下：</p><p>（1）加强学习的目的性教育，调动学生学习的主动性。</p><p>（2）启发学生独立思考，发展学生的逻辑思维能力。</p><p>（3）让学生动手实践，培养学生独立解决问题的能力。</p><p>（4）发扬教学民主，包括：建立民主平等的师生关系，创造民主和谐的教学气氛，鼓励学生发表不同的见解，允许学生向教师提问、质疑等。</p>');
DELETE FROM edu_course_exercise WHERE id='2059372';
INSERT INTO edu_course_exercise (id, question_type, course_id, content, easy_error, source, checked, is_pk) VALUES ('2059372', '12', '70707070', '<p>学校教学工作包括哪几个基本程序？</p>', '', '2016年1月山西省太原市尖草坪区教师招聘考试题第145题', '1', '0');
DELETE FROM edu_course_exercise_qa WHERE id='2059372';
INSERT INTO edu_course_exercise_qa (id, course_exercise_id, type, question, cando, answer, total_score) VALUES ('2059372', '2059372', '12', '', '1', '<p>（1）备课——上课前的准备工作，是教好课的前提。</p><p>（2）上课——教学工作的中心环节。</p><p>（3）课外作业的布置与批改。</p><p>（4）课外辅导——上课必要的补充。</p><p>（5）学生学业成绩的评价。</p>', '0');
DELETE FROM edu_course_exercise_comment WHERE id='2059372';
INSERT INTO edu_course_exercise_comment (id, path, course_exercise_qa_id, comment) VALUES ('2059372', ',2059372', '2059372', '<p>（1）备课——上课前的准备工作，是教好课的前提。</p><p>（2）上课——教学工作的中心环节。</p><p>（3）课外作业的布置与批改。</p><p>（4）课外辅导——上课必要的补充。</p><p>（5）学生学业成绩的评价。</p>');
DELETE FROM edu_course_exercise WHERE id='2059652';
INSERT INTO edu_course_exercise (id, question_type, course_id, content, easy_error, source, checked, is_pk) VALUES ('2059652', '12', '70707070', '<p>讲授法</p>', '', '2016年4月25日天津滨海高新区管委会教师招聘《教师综合知识测试》第31题', '1', '0');
DELETE FROM edu_course_exercise_qa WHERE id='2059652';
INSERT INTO edu_course_exercise_qa (id, course_exercise_id, type, question, cando, answer, total_score) VALUES ('2059652', '2059652', '12', '', '1', '<p>讲授法</p><p>（1）定义：讲授法是教师运用口头语言系统地向学生传授知识的一种方法。</p><p>（2）讲授法的方式主要有讲述、讲解、讲读、讲演四种方式。</p><p>（3）讲授法的优缺点：能在短时间内系统传授知识，但不利于学生主动性的发挥。</p><p>（4）运用的基本要求</p><p>第一，讲授内容要有科学性、系统性、思想性。既要突出重点、难点，又要系统、</p><p>全面；既要使学生获得可靠知识，又要使学生在思想上有所提高。</p><p>第二，注意启发。在讲授中善于诘问并引导学生分析和思考问题，使学生的认识活</p><p>动积极开展，从而使学生自觉地领悟知识。</p><p>第三，讲究语言艺术。力图语言清晰、准确、简练、形象、条理清楚、通俗易懂，</p><p>讲授的音量、速度要适度，注意音调的抑扬顿挫；以姿势助说话，提高语言的感染力。</p><p>第四，要组织学生听讲。</p>', '0');
DELETE FROM edu_course_exercise_comment WHERE id='2059652';
INSERT INTO edu_course_exercise_comment (id, path, course_exercise_qa_id, comment) VALUES ('2059652', ',2059652', '2059652', '<p>讲授法</p><p>（1）定义：讲授法是教师运用口头语言系统地向学生传授知识的一种方法。</p><p>（2）讲授法的方式主要有讲述、讲解、讲读、讲演四种方式。</p><p>（3）讲授法的优缺点：能在短时间内系统传授知识，但不利于学生主动性的发挥。</p><p>（4）运用的基本要求</p><p>第一，讲授内容要有科学性、系统性、思想性。既要突出重点、难点，又要系统、</p><p>全面；既要使学生获得可靠知识，又要使学生在思想上有所提高。</p><p>第二，注意启发。在讲授中善于诘问并引导学生分析和思考问题，使学生的认识活</p><p>动积极开展，从而使学生自觉地领悟知识。</p><p>第三，讲究语言艺术。力图语言清晰、准确、简练、形象、条理清楚、通俗易懂，</p><p>讲授的音量、速度要适度，注意音调的抑扬顿挫；以姿势助说话，提高语言的感染力。</p><p>第四，要组织学生听讲。</p>');
DELETE FROM edu_course_exercise WHERE id='2059890';
INSERT INTO edu_course_exercise (id, question_type, course_id, content, easy_error, source, checked, is_pk) VALUES ('2059890', '12', '70707070', '<p>请简述一堂课的基本组成部分。</p>', '', '2016年1月江苏省徐州铜山区教师招聘考试题（精编）第38题', '1', '0');
DELETE FROM edu_course_exercise_qa WHERE id='2059890';
INSERT INTO edu_course_exercise_qa (id, course_exercise_id, type, question, cando, answer, total_score) VALUES ('2059890', '2059890', '12', '', '1', '<p>课堂教学环节是指一堂课的基本组成部分，通常又称为课的结构，其主要包括：</p><p>（1）组织教学。组织教学是在老师的引导下，组织利用各种教学手段和措施，创设一个注意力高度集中，使学生的潜能和主观能动性得到充分发挥的课堂情境。</p><p>（2）检查复习。此过程包含两个环节，一方面是对上节课所学内容的检查和复习，另一方面是检查与本节课密切相关的资料知识。</p><p>（3）讲授新教材。这是课堂教学的主要环节，它要求在教师的引导下，充分发挥学生在课堂中的主观能动性，获得必要的基础知识和基本技能，培养学生正确的思想观点和良好的品德。</p><p>（4）巩固新教材；强化巩固是课堂教学的重要环节。巩固一般发生在新授教材之后。巩固的目的就是为了强化所学的新知识。</p><p>（5）布置课外作业。课外作业作为课堂教学任务之外的有效延伸，是巩固教师的教和学生的学的一个重要支持点。</p>', '0');
DELETE FROM edu_course_exercise_comment WHERE id='2059890';
INSERT INTO edu_course_exercise_comment (id, path, course_exercise_qa_id, comment) VALUES ('2059890', ',2059890', '2059890', '<p>课堂教学环节是指一堂课的基本组成部分，通常又称为课的结构，其主要包括：</p><p>（1）组织教学。组织教学是在老师的引导下，组织利用各种教学手段和措施，创设一个注意力高度集中，使学生的潜能和主观能动性得到充分发挥的课堂情境。</p><p>（2）检查复习。此过程包含两个环节，一方面是对上节课所学内容的检查和复习，另一方面是检查与本节课密切相关的资料知识。</p><p>（3）讲授新教材。这是课堂教学的主要环节，它要求在教师的引导下，充分发挥学生在课堂中的主观能动性，获得必要的基础知识和基本技能，培养学生正确的思想观点和良好的品德。</p><p>（4）巩固新教材；强化巩固是课堂教学的重要环节。巩固一般发生在新授教材之后。巩固的目的就是为了强化所学的新知识。</p><p>（5）布置课外作业。课外作业作为课堂教学任务之外的有效延伸，是巩固教师的教和学生的学的一个重要支持点。</p>');
DELETE FROM edu_course_exercise WHERE id='2059982';
INSERT INTO edu_course_exercise (id, question_type, course_id, content, easy_error, source, checked, is_pk) VALUES ('2059982', '12', '70707070', '<p>联系实际情况谈谈一个合格教师的职业素质有哪些？</p>', '', '2016年5月江苏南通市崇川区教育系统招聘《专业知识（教育理论）》(精编）第41题', '1', '0');
DELETE FROM edu_course_exercise_qa WHERE id='2059982';
INSERT INTO edu_course_exercise_qa (id, course_exercise_id, type, question, cando, answer, total_score) VALUES ('2059982', '2059982', '12', '', '1', '<p>（一）道德素养</p><p>1. 对待事业：忠诚于人民的教育事业</p><p>2. 对待学生：热爱学生</p><p>3. 对待集体：具有团结协作的精神</p><p>4. 对待自己：以身作则，为人师表</p><p>（二）知识素养</p><p>1. 政治理论修养</p><p>2. 精深的学科专业知识</p><p>3. 广博的科学文化知识</p><p>4. 必备的教育科学知识</p><p>5. 先进的教育理念</p><p>（三）能力素养</p><p>1. 语言表达能力</p><p>2. 教育教学能力</p><p>3. 组织管理能力</p><p>4. 自我调控和自我反思能力（较高的教育机智）</p><p>此外，教师还应该具备教育科研能力、学习能力、观察学生的能力、创新能力以及运用现代教育技术手段的能力。</p><p>（四）职业心理素养</p><p>1. 高尚的师德</p><p>2. 愉悦的情感</p><p>3. 良好的人际关系</p><p>4. 健康的人格</p>', '0');
DELETE FROM edu_course_exercise_comment WHERE id='2059982';
INSERT INTO edu_course_exercise_comment (id, path, course_exercise_qa_id, comment) VALUES ('2059982', ',2059982', '2059982', '<p>（一）道德素养</p><p>1. 对待事业：忠诚于人民的教育事业</p><p>2. 对待学生：热爱学生</p><p>3. 对待集体：具有团结协作的精神</p><p>4. 对待自己：以身作则，为人师表</p><p>（二）知识素养</p><p>1. 政治理论修养</p><p>2. 精深的学科专业知识</p><p>3. 广博的科学文化知识</p><p>4. 必备的教育科学知识</p><p>5. 先进的教育理念</p><p>（三）能力素养</p><p>1. 语言表达能力</p><p>2. 教育教学能力</p><p>3. 组织管理能力</p><p>4. 自我调控和自我反思能力（较高的教育机智）</p><p>此外，教师还应该具备教育科研能力、学习能力、观察学生的能力、创新能力以及运用现代教育技术手段的能力。</p><p>（四）职业心理素养</p><p>1. 高尚的师德</p><p>2. 愉悦的情感</p><p>3. 良好的人际关系</p><p>4. 健康的人格</p>');
DELETE FROM edu_course_exercise WHERE id='2060058';
INSERT INTO edu_course_exercise (id, question_type, course_id, content, easy_error, source, checked, is_pk) VALUES ('2060058', '12', '70707070', '<p>根据你的专业学习或所获得的信息，谈谈我国新一轮基础教育课程改革对教师提出的新要求。</p>', '', '2014年湖南岳阳市直学校公开招聘教师《教育学》（精编）第25题', '1', '0');
DELETE FROM edu_course_exercise_qa WHERE id='2060058';
INSERT INTO edu_course_exercise_qa (id, course_exercise_id, type, question, cando, answer, total_score) VALUES ('2060058', '2060058', '12', '', '1', '<p>新课改背景下对教师提出的新要求，包括新课改背景下的教师观、教师教学行为的转变与教学观：</p><p>新课改下的教师观：（1）从教师与学生的关系看，新课程要求教师应该是学生学习的促进者；（2）从教学与研究的关系看，新课程要求教师应该是教育教学的研究者；（3）从教学与课程的关系看，新课程要求教师应该是课程的建设者和开发者；（4）从学校与社区的关系来看，新课程要求教师应该是社区型的开放教师。作为一名教师，我认为这就要求教师不单单是会教书，更要掌握一些提升自身专业素质的能力。同时，也会鞭策我在今后的教学中多去关注自身的成长，要处理好多方面的关系。</p><p>新课改背景下教师教学行为的转变：（1）在对待师生关系上新课程强调尊重、赞赏；（2）在对待教学关系上，新课程强调帮助、引导；（3）在对待自我上，新课程强调反思；（4）在对待与其他教育者的关系上，新课程强调合作。这些告诉我，在今后的教学过程中，既要学会反思，提升自己；又要学会尊重他人，不管是学生还是同事，都有我学习的地位。</p><p>新课改下的教学观：（1）教学从“教育者为中心”转向“学习者为中心”；（2）教学从“教会学生知识”转向“教会学生学习”；（3）教学从“重结论轻过程”转向“重结论的同时更重过程”；（4）教学从“关注学科”转向“关注人”。这些教学观也是我在日后教学中要注重的地方。它们告诉我教学不是教师的独舞，而是要做好一个引导者的角色，去探索、激发学生的潜力。</p>', '0');
DELETE FROM edu_course_exercise_comment WHERE id='2060058';
INSERT INTO edu_course_exercise_comment (id, path, course_exercise_qa_id, comment) VALUES ('2060058', ',2060058', '2060058', '<p>第一，本题回答的角度明确，是谈谈新课改对教师的新要求；第二，注意要结合自身，进行简单的阐述。</p>');
DELETE FROM edu_course_exercise WHERE id='2060278';
INSERT INTO edu_course_exercise (id, question_type, course_id, content, easy_error, source, checked, is_pk) VALUES ('2060278', '12', '70707070', '<p>《中小学教师职业道德规范》中，对教师为人师表方面做出了哪些要求。</p>', '', '2014年湖南衡阳市南岳区教师招聘考试（教育理论）（精编）第63题', '1', '0');
DELETE FROM edu_course_exercise_qa WHERE id='2060278';
INSERT INTO edu_course_exercise_qa (id, course_exercise_id, type, question, cando, answer, total_score) VALUES ('2060278', '2060278', '12', '', '1', '<p>为人师表的要求包括：</p><p>（1）语言规范健康</p><p>①教师的语言要纯洁、文明、健康。</p><p>②教师的语言要准确、鲜明、简练。</p><p>③教师的语言要热情、诚恳，富于激励性。</p><p>④教师的语言要含蓄、幽默，富于启发性。</p><p>（2）教态高雅自如</p><p>①教师的站态，既要端庄稳重，又要富有活力。</p><p>②教师的手势要简洁、适度、准确、有力。</p><p>③教师的表情要丰富、自然、亲切。</p><p>④教师的坐态应保持上身相对直立，双腿自然并放，给人以端庄和谐之感。</p><p>（3）仪表朴实大方</p><p>①教师的仪表应具有美感（基本要求）。</p><p>②教师的仪表应具有职业感。</p><p>③仪表应适合自己的性格特点。</p><p>④教师的仪表还应具有时代感。</p><p>（4）身教重于言教</p><p>①言行一致，表里如一。</p><p>②以身作则，起榜样示范作用。</p><p>③坚持“身教重于言教”。正如叶圣陶所说：身教最可贵，行知不可分。”</p>', '0');
DELETE FROM edu_course_exercise_comment WHERE id='2060278';
INSERT INTO edu_course_exercise_comment (id, path, course_exercise_qa_id, comment) VALUES ('2060278', ',2060278', '2060278', '<p>为人师表的要求包括：</p><p>（1）语言规范健康</p><p>①教师的语言要纯洁、文明、健康。</p><p>②教师的语言要准确、鲜明、简练。</p><p>③教师的语言要热情、诚恳，富于激励性。</p><p>④教师的语言要含蓄、幽默，富于启发性。</p><p>（2）教态高雅自如</p><p>①教师的站态，既要端庄稳重，又要富有活力。</p><p>②教师的手势要简洁、适度、准确、有力。</p><p>③教师的表情要丰富、自然、亲切。</p><p>④教师的坐态应保持上身相对直立，双腿自然并放，给人以端庄和谐之感。</p><p>（3）仪表朴实大方</p><p>①教师的仪表应具有美感（基本要求）。</p><p>②教师的仪表应具有职业感。</p><p>③仪表应适合自己的性格特点。</p><p>④教师的仪表还应具有时代感。</p><p>（4）身教重于言教</p><p>①言行一致，表里如一。</p><p>②以身作则，起榜样示范作用。</p><p>③坚持“身教重于言教”。正如叶圣陶所说：身教最可贵，行知不可分。”</p>');
DELETE FROM edu_course_exercise WHERE id='2060914';
INSERT INTO edu_course_exercise (id, question_type, course_id, content, easy_error, source, checked, is_pk) VALUES ('2060914', '12', '70707070', '<p>简述课程在学校教育中的作用。</p>', '', '2015年4月25日天津市红桥区教育系统招聘第47题', '1', '0');
DELETE FROM edu_course_exercise_qa WHERE id='2060914';
INSERT INTO edu_course_exercise_qa (id, course_exercise_id, type, question, cando, answer, total_score) VALUES ('2060914', '2060914', '12', '', '1', '<p>（1）课程是学校培养人才蓝图的具体表现。</p><p>（2）课程是教师从事教育活动的基本依据</p><p>（3）课程是学生吸取知识的主要来源</p><p>（4）合理的课程设置对学生全面发展起着决定作用</p><p>（5）课程是评估教学质量的主要依据和标准</p>', '0');
DELETE FROM edu_course_exercise_comment WHERE id='2060914';
INSERT INTO edu_course_exercise_comment (id, path, course_exercise_qa_id, comment) VALUES ('2060914', ',2060914', '2060914', '<p>（1）课程是学校培养人才蓝图的具体表现。</p><p>（2）课程是教师从事教育活动的基本依据</p><p>（3）课程是学生吸取知识的主要来源</p><p>（4）合理的课程设置对学生全面发展起着决定作用</p><p>（5）课程是评估教学质量的主要依据和标准</p>');
DELETE FROM edu_course_exercise WHERE id='2061362';
INSERT INTO edu_course_exercise (id, question_type, course_id, content, easy_error, source, checked, is_pk) VALUES ('2061362', '12', '70707070', '<p>提问是课堂教学中常用的教学策略，问题的认知水平与学生回答的认知水平之间存在正相关，请从下列问题归类到相应的认知水平栏目中（只需填写序号即可）。</p><p><img width="237px" height="75px" src="https://fb.fbstatic.cn/api/tarzan/images/15c9b8315c3a08e.png?width=700" /></p><p>A.光合作用的定义是什么？</p><p>B.航海图上有几种颜色？</p><p>C.你认为这篇小说的情节安排得怎么样？</p><p>D.南京与北京两地的气候有什么不同？</p>', '', '2016年1月2日江苏南京四城区教师招聘《公共知识》（精编）第22题', '1', '0');
DELETE FROM edu_course_exercise_qa WHERE id='2061362';
INSERT INTO edu_course_exercise_qa (id, course_exercise_id, type, question, cando, answer, total_score) VALUES ('2061362', '2061362', '12', '', '1', '<p>提问是课堂教学中一种常用的教学方法，也叫问答法。它是教师根据教学目的和教学要求向学生提出一些问题，要求学生回答，即通过问答这种形式引导帮助学生获取巩固知识的方法。提问得当，对增强课堂效果有着十分明显的促进作用。关于问题的认知水平由于人们普遍相信问题的认知水平与学生回答的认知水平之间存在正相关，并且认为较高认知水平的学习活动能带来较好的成绩，因而，了解问题的认知水平就成为人们提高提问技巧的一个前提。（1）认知—识记。学生通过诸如再认、机械记忆以及有选择的回忆等过程在思想上重现事实、公式或其他需记起的内容。（2）分析提问。分析提问要求学生通过分析知识结构，弄清概念之间的关系进而得出结论的提问。这类提问多用于分析事物的构成要素、事物之间的关系和组织原理等方面。（3）评价提问。评价提问是让学生运用一定的准则和标准对观念、作品等作出价值判断的提问。评价提问是最高层次的提问，目的在于训练学生对人、事、物进行比较、鉴赏和评价的能力。题干中A、B两项的问题需要学生通过再认、记忆及有选择回忆重现事实和公式，属于识记性问题；D选项“南京与北京两地的气候有什么不同？”需要学生对提供或回忆的材料进行分析，属于分析性问题；C选项“你认为这篇小说的情节安排得怎么样？”需要学生对材料进行评价，属于评价性问题。</p>', '0');
DELETE FROM edu_course_exercise_comment WHERE id='2061362';
INSERT INTO edu_course_exercise_comment (id, path, course_exercise_qa_id, comment) VALUES ('2061362', ',2061362', '2061362', '<p>提问是课堂教学中一种常用的教学方法，也叫问答法。它是教师根据教学目的和教学要求向学生提出一些问题，要求学生回答，即通过问答这种形式引导帮助学生获取巩固知识的方法。提问得当，对增强课堂效果有着十分明显的促进作用。关于问题的认知水平由于人们普遍相信问题的认知水平与学生回答的认知水平之间存在正相关，并且认为较高认知水平的学习活动能带来较好的成绩，因而，了解问题的认知水平就成为人们提高提问技巧的一个前提。（1）认知—识记。学生通过诸如再认、机械记忆以及有选择的回忆等过程在思想上重现事实、公式或其他需记起的内容。（2）分析提问。分析提问要求学生通过分析知识结构，弄清概念之间的关系进而得出结论的提问。这类提问多用于分析事物的构成要素、事物之间的关系和组织原理等方面。（3）评价提问。评价提问是让学生运用一定的准则和标准对观念、作品等作出价值判断的提问。评价提问是最高层次的提问，目的在于训练学生对人、事、物进行比较、鉴赏和评价的能力。题干中A、B两项的问题需要学生通过再认、记忆及有选择回忆重现事实和公式，属于识记性问题；D选项“南京与北京两地的气候有什么不同？”需要学生对提供或回忆的材料进行分析，属于分析性问题；C选项“你认为这篇小说的情节安排得怎么样？”需要学生对材料进行评价，属于评价性问题。</p>');
DELETE FROM edu_course_exercise WHERE id='2068768';
INSERT INTO edu_course_exercise (id, question_type, course_id, content, easy_error, source, checked, is_pk) VALUES ('2068768', '12', '70707070', '<p>简述学习策略的特征。</p>', '', '2013年山东省淄博市博山区教师招聘考试题第44题', '1', '0');
DELETE FROM edu_course_exercise_qa WHERE id='2068768';
INSERT INTO edu_course_exercise_qa (id, course_exercise_id, type, question, cando, answer, total_score) VALUES ('2068768', '2068768', '12', '', '1', '<p>学习策略是指学习者在学习活动中，为了达到有效的学习目的而采用的规则、方法、技巧及其调控方式的综合。它既可以是内隐的规则系统，也可以是外显的操作程序与步骤。学习策略的基本特征有以下几个方面：</p><p>（1）操作性和监控性的有机统一。操作性和监控性是学习策略最基本的特性。学习策略的操作性体现在学生认知过程的各阶段，监控性则体现在内隐的认知操作之中。</p><p>（2）外显性和内隐性的有机统一。在学习中使用的一些学习操作可以直接被观察到，足见其外显性的特点。而学习策略又是在头脑中借助内部语言进行的内部意向活动，因此又具有内隐性的特点。</p><p>（3）主动性和迁移性的有机统一。学习策略的主动性是指学习策略可以根据学习材料和学习情境的特点以及学习的变化，进行自我调整。迁移性则是指从某种学习情境中获得的学习策略，能够有效地迁移到类似或不同的学习情境中去。</p><p> </p>', '0');
DELETE FROM edu_course_exercise_comment WHERE id='2068768';
INSERT INTO edu_course_exercise_comment (id, path, course_exercise_qa_id, comment) VALUES ('2068768', ',2068768', '2068768', '<p>学习策略是指学习者在学习活动中，为了达到有效的学习目的而采用的规则、方法、技巧及其调控方式的综合。它既可以是内隐的规则系统，也可以是外显的操作程序与步骤。学习策略的基本特征有以下几个方面：</p><p>（1）操作性和监控性的有机统一。操作性和监控性是学习策略最基本的特性。学习策略的操作性体现在学生认知过程的各阶段，监控性则体现在内隐的认知操作之中。</p><p>（2）外显性和内隐性的有机统一。在学习中使用的一些学习操作可以直接被观察到，足见其外显性的特点。而学习策略又是在头脑中借助内部语言进行的内部意向活动，因此又具有内隐性的特点。</p><p>（3）主动性和迁移性的有机统一。学习策略的主动性是指学习策略可以根据学习材料和学习情境的特点以及学习的变化，进行自我调整。迁移性则是指从某种学习情境中获得的学习策略，能够有效地迁移到类似或不同的学习情境中去。</p><p> </p>');
DELETE FROM edu_course_exercise WHERE id='2069530';
INSERT INTO edu_course_exercise (id, question_type, course_id, content, easy_error, source, checked, is_pk) VALUES ('2069530', '12', '70707070', '<p>简述维持课堂纪律的策略。</p>', '', '2014年山东省淄博市淄川区教师招聘考试题第26题', '1', '0');
DELETE FROM edu_course_exercise_qa WHERE id='2069530';
INSERT INTO edu_course_exercise_qa (id, course_exercise_id, type, question, cando, answer, total_score) VALUES ('2069530', '2069530', '12', '', '1', '<p>维持课堂纪律有以下四个策略：</p><p>（1）建立有效的课堂规则。</p><p>（2）合理组织课堂教学。</p><p>（3）做好课堂监控。</p><p>（4）培养学生的自律品质。</p>', '0');
DELETE FROM edu_course_exercise_comment WHERE id='2069530';
INSERT INTO edu_course_exercise_comment (id, path, course_exercise_qa_id, comment) VALUES ('2069530', ',2069530', '2069530', '<p>维持课堂纪律有以下四个策略：</p><p>（1）建立有效的课堂规则。</p><p>（2）合理组织课堂教学。</p><p>（3）做好课堂监控。</p><p>（4）培养学生的自律品质。</p>');
DELETE FROM edu_course_exercise WHERE id='2070700';
INSERT INTO edu_course_exercise (id, question_type, course_id, content, easy_error, source, checked, is_pk) VALUES ('2070700', '12', '70707070', '<p>专家型教师</p>', '', '2015年浙江省教师招聘考试《教育基础知识·中学》题第22题', '1', '0');
DELETE FROM edu_course_exercise_qa WHERE id='2070700';
INSERT INTO edu_course_exercise_qa (id, course_exercise_id, type, question, cando, answer, total_score) VALUES ('2070700', '2070700', '12', '', '1', '<p>专家型教师是指具有丰富的和组织化了的专门知识，能高效率地解决教学中的各种问题、富有职业洞察力和创造力的教师，具体是指全国骨干教师、省级骨干教师中从教15年以上的高级教师。专家型教师是教师成长与发展的最高目标。</p>', '0');
DELETE FROM edu_course_exercise_comment WHERE id='2070700';
INSERT INTO edu_course_exercise_comment (id, path, course_exercise_qa_id, comment) VALUES ('2070700', ',2070700', '2070700', '<p>专家型教师是指具有丰富的和组织化了的专门知识，能高效率地解决教学中的各种问题、富有职业洞察力和创造力的教师，具体是指全国骨干教师、省级骨干教师中从教15年以上的高级教师。专家型教师是教师成长与发展的最高目标。</p>');
DELETE FROM edu_course_exercise WHERE id='2070744';
INSERT INTO edu_course_exercise (id, question_type, course_id, content, easy_error, source, checked, is_pk) VALUES ('2070744', '12', '70707070', '<p>创造力</p>', '', '2016年浙江省教师招聘考试《教育基础知识·中学》题第22题', '1', '0');
DELETE FROM edu_course_exercise_qa WHERE id='2070744';
INSERT INTO edu_course_exercise_qa (id, course_exercise_id, type, question, cando, answer, total_score) VALUES ('2070744', '2070744', '12', '', '1', '<p>创造力是人类特有的一种综合性本领。一个人是否具有创造力，是一流人才和三流人才的分水岭。它是知识、智力、能力及优良的个性品质等复杂多因素综合优化构成的。创造力是指产生新思想，发现和创造新事物的能力。它是成功地完成某种创造性活动所必需的心理品质。</p>', '0');
DELETE FROM edu_course_exercise_comment WHERE id='2070744';
INSERT INTO edu_course_exercise_comment (id, path, course_exercise_qa_id, comment) VALUES ('2070744', ',2070744', '2070744', '<p>创造力是人类特有的一种综合性本领。一个人是否具有创造力，是一流人才和三流人才的分水岭。它是知识、智力、能力及优良的个性品质等复杂多因素综合优化构成的。创造力是指产生新思想，发现和创造新事物的能力。它是成功地完成某种创造性活动所必需的心理品质。</p>');
DELETE FROM edu_course_exercise WHERE id='2070750';
INSERT INTO edu_course_exercise (id, question_type, course_id, content, easy_error, source, checked, is_pk) VALUES ('2070750', '12', '70707070', '<p>简述中学生自我意识发展的特点。</p>', '', '2016年浙江省教师招聘考试《教育基础知识·中学》题第25题', '1', '0');
DELETE FROM edu_course_exercise_qa WHERE id='2070750';
INSERT INTO edu_course_exercise_qa (id, course_exercise_id, type, question, cando, answer, total_score) VALUES ('2070750', '2070750', '12', '', '1', '<p>中学生正处于青春期，青春期是自我意识发展的第二个飞跃期。</p><p>（1）初中生的自我体验随着年龄的增长而不断发展。主要表现为出现成人感，自尊感增强。</p><p>（2）自我开始分化，开始分成“主我”“客我”或“理想的自我”和“现实的自我”。初中生对自己的内心品质产生兴趣，开始要求自己了解自身个性特点，关心自己的形象，想按自己的意愿来塑造自己。</p><p>（3）能够更自觉地评价别人和自己的个性品质。</p>', '0');
DELETE FROM edu_course_exercise_comment WHERE id='2070750';
INSERT INTO edu_course_exercise_comment (id, path, course_exercise_qa_id, comment) VALUES ('2070750', ',2070750', '2070750', '<p>中学生正处于青春期，青春期是自我意识发展的第二个飞跃期。</p><p>（1）初中生的自我体验随着年龄的增长而不断发展。主要表现为出现成人感，自尊感增强。</p><p>（2）自我开始分化，开始分成“主我”“客我”或“理想的自我”和“现实的自我”。初中生对自己的内心品质产生兴趣，开始要求自己了解自身个性特点，关心自己的形象，想按自己的意愿来塑造自己。</p><p>（3）能够更自觉地评价别人和自己的个性品质。</p>');
DELETE FROM edu_course_exercise WHERE id='2070998';
INSERT INTO edu_course_exercise (id, question_type, course_id, content, easy_error, source, checked, is_pk) VALUES ('2070998', '12', '70707070', '<p>“教学永远具有教育性”，你如何理解？请结合实例说明。</p>', '', '2015年浙江省教师招聘考试《教育基础知识·中学》题第27题', '1', '0');
DELETE FROM edu_course_exercise_qa WHERE id='2070998';
INSERT INTO edu_course_exercise_qa (id, course_exercise_id, type, question, cando, answer, total_score) VALUES ('2070998', '2070998', '12', '', '1', '<p>教学是教师的教与学生的学共同组成的传递和掌握社会经验的双边活动，二者是相辅相成的。赫尔巴特说“我想不到有任何无教学的教育，正如相反方面，我不承认有任何无教育的教学”，也就是教学永远具有教育性。在课堂上除了传授知识，还要培养学生能力和技能技巧，并引导学生形成良好思想道德。</p><p>（1）知识是思想品德形成的基础。学生思想品德的提高有赖于其对科学文化知识的掌握。首先，科学的世界观和先进的思想都要有一定的科学文化知识作基础；其次，知识学习的本身是艰苦的劳动，这个学习过程可以培养学生的优秀品质。</p><p>（2）思想品德的提高为学生积极地学习知识提供动力。学习活动是一项十分艰苦的脑力劳动，在学习过程中必然会遇到各种各样的困难，这就需要学习者必须有明确的学习目的、强烈的学习欲望和较高的思想觉悟。在教学中，教师要不断培养、提高学生的思想品德水平，引导他们将个人的学习与社会发展、祖国前途联系起来，充分调动他们学习的主动性、积极性，这是学生获取知识的重要保证。</p><p>（3）贯彻传授知识与思想品德教育相统一的规律时，要防止两种倾向：一种是脱离知识进行思想品德教育，一种是只强调传授知识，忽视思想品德教育。在教学过程中要注意把二者有机结合起来。</p><p>综上所述，“教学永远具有教育性”体现了教学过程中教书和育人的统一，科学性和思想性的统一。教育是以知识为载体，具体、自然、有效地体现在教学过程之中。</p>', '0');
DELETE FROM edu_course_exercise_comment WHERE id='2070998';
INSERT INTO edu_course_exercise_comment (id, path, course_exercise_qa_id, comment) VALUES ('2070998', ',2070998', '2070998', '<p>教学是教师的教与学生的学共同组成的传递和掌握社会经验的双边活动，二者是相辅相成的。赫尔巴特说“我想不到有任何无教学的教育，正如相反方面，我不承认有任何无教育的教学”，也就是教学永远具有教育性。在课堂上除了传授知识，还要培养学生能力和技能技巧，并引导学生形成良好思想道德。</p><p>（1）知识是思想品德形成的基础。学生思想品德的提高有赖于其对科学文化知识的掌握。首先，科学的世界观和先进的思想都要有一定的科学文化知识作基础；其次，知识学习的本身是艰苦的劳动，这个学习过程可以培养学生的优秀品质。</p><p>（2）思想品德的提高为学生积极地学习知识提供动力。学习活动是一项十分艰苦的脑力劳动，在学习过程中必然会遇到各种各样的困难，这就需要学习者必须有明确的学习目的、强烈的学习欲望和较高的思想觉悟。在教学中，教师要不断培养、提高学生的思想品德水平，引导他们将个人的学习与社会发展、祖国前途联系起来，充分调动他们学习的主动性、积极性，这是学生获取知识的重要保证。</p><p>（3）贯彻传授知识与思想品德教育相统一的规律时，要防止两种倾向：一种是脱离知识进行思想品德教育，一种是只强调传授知识，忽视思想品德教育。在教学过程中要注意把二者有机结合起来。</p><p>综上所述，“教学永远具有教育性”体现了教学过程中教书和育人的统一，科学性和思想性的统一。教育是以知识为载体，具体、自然、有效地体现在教学过程之中。</p>');
DELETE FROM edu_course_exercise WHERE id='2071972';
INSERT INTO edu_course_exercise (id, question_type, course_id, content, easy_error, source, checked, is_pk) VALUES ('2071972', '12', '70707070', '<p>最近发展区</p>', '', '2013年山东省淄博市淄川区教师招聘考试题第8题', '1', '0');
DELETE FROM edu_course_exercise_qa WHERE id='2071972';
INSERT INTO edu_course_exercise_qa (id, course_exercise_id, type, question, cando, answer, total_score) VALUES ('2071972', '2071972', '12', '', '1', '<p>最近发展区是维果斯基提出来的。维果斯基认为，儿童有两种发展水平：一是儿童的现有水平，即由一定的已经完成的发展系统所形成的儿童心理机能的发展水平；二是即将达到的发展水平。这两种水平之间的差异就是最近发展区。也就是说，儿童在有指导的情况下，借助成人帮助所能达到的解决问题的水平与独自解决问题所达到的水平之间的差异，实际上是两个邻近发展阶段间的过渡。</p>', '0');
DELETE FROM edu_course_exercise_comment WHERE id='2071972';
INSERT INTO edu_course_exercise_comment (id, path, course_exercise_qa_id, comment) VALUES ('2071972', ',2071972', '2071972', '<p>最近发展区是维果斯基提出来的。维果斯基认为，儿童有两种发展水平：一是儿童的现有水平，即由一定的已经完成的发展系统所形成的儿童心理机能的发展水平；二是即将达到的发展水平。这两种水平之间的差异就是最近发展区。也就是说，儿童在有指导的情况下，借助成人帮助所能达到的解决问题的水平与独自解决问题所达到的水平之间的差异，实际上是两个邻近发展阶段间的过渡。</p>');
DELETE FROM edu_course_exercise WHERE id='2071976';
INSERT INTO edu_course_exercise (id, question_type, course_id, content, easy_error, source, checked, is_pk) VALUES ('2071976', '12', '70707070', '<p>简述当代教学观的转变。</p>', '', '2013年山东省淄博市淄川区教师招聘考试题第10题', '1', '0');
DELETE FROM edu_course_exercise_qa WHERE id='2071976';
INSERT INTO edu_course_exercise_qa (id, course_exercise_id, type, question, cando, answer, total_score) VALUES ('2071976', '2071976', '12', '', '1', '<p>现代教学观的转变主要有以下几方面：</p><p>（1）教学从“以教育者为中心”转向“以学习者为中心”。</p><p>①鼓励学生参与教学。</p><p>②创设智力操作活动。</p><p>③教给学生思维的方法并加强训练。</p><p>（2）教学从“教会学生知识”转向“教会学生学习”。</p><p>①指导学生掌握基本的学习过程。</p><p>②指导学生了解学科特征，掌握学科研究方法。</p><p>③培养学生良好的学习习惯。</p><p>（3）教学从“重结论轻过程”转向“重结论的同时更重过程”。</p><p>①结论和过程的关系：教学相长。</p><p>②提倡重结论的同时更重过程的意义。</p><p>（4）教学从“关注学科”转向“关注人”。</p><p>①以学科为本位的教学理念的局限：重认知轻情感，重教书轻育人。</p><p>②关注人的教学理念的表现：关注每一位学生，关注学生的情绪生活和情感体验，关注学生的道德生活和人格养成。</p>', '0');
DELETE FROM edu_course_exercise_comment WHERE id='2071976';
INSERT INTO edu_course_exercise_comment (id, path, course_exercise_qa_id, comment) VALUES ('2071976', ',2071976', '2071976', '<p>现代教学观的转变主要有以下几方面：</p><p>（1）教学从“以教育者为中心”转向“以学习者为中心”。</p><p>①鼓励学生参与教学。</p><p>②创设智力操作活动。</p><p>③教给学生思维的方法并加强训练。</p><p>（2）教学从“教会学生知识”转向“教会学生学习”。</p><p>①指导学生掌握基本的学习过程。</p><p>②指导学生了解学科特征，掌握学科研究方法。</p><p>③培养学生良好的学习习惯。</p><p>（3）教学从“重结论轻过程”转向“重结论的同时更重过程”。</p><p>①结论和过程的关系：教学相长。</p><p>②提倡重结论的同时更重过程的意义。</p><p>（4）教学从“关注学科”转向“关注人”。</p><p>①以学科为本位的教学理念的局限：重认知轻情感，重教书轻育人。</p><p>②关注人的教学理念的表现：关注每一位学生，关注学生的情绪生活和情感体验，关注学生的道德生活和人格养成。</p>');
DELETE FROM edu_course_exercise WHERE id='2071982';
INSERT INTO edu_course_exercise (id, question_type, course_id, content, easy_error, source, checked, is_pk) VALUES ('2071982', '12', '70707070', '<p>试述良好师生关系建构的基本策略。</p>', '', '2013年山东省淄博市淄川区教师招聘考试题第13题', '1', '0');
DELETE FROM edu_course_exercise_qa WHERE id='2071982';
INSERT INTO edu_course_exercise_qa (id, course_exercise_id, type, question, cando, answer, total_score) VALUES ('2071982', '2071982', '12', '', '1', '<p>良好师生关系建构的基本策略可以从以下几方面入手：</p><p>（1）教师方面</p><p>①了解和研究学生</p><p>教师可以通过观察、谈话，更全面地了解学生的思想、个性、兴趣、知识水平、学习态度和方法、身体状况等，以便更好地教育学生。</p><p>②树立正确的学生观</p><p>教师的作用不再是传递知识的简单工具，或是供学生利用的资料库，教师应当是帮助学生在自学的道路上迅速前进的向导，教会学生怎样学习。</p><p>③提高教师自身素质</p><p>教师的道德素养、知识素养和能力素养是学生尊重教师的重要条件，也是教师提高教育影响力的保证。</p><p>④发扬教育民主</p><p>教师对学生应一视同仁，特别是教师能与学生心理换位，设身处地为学生着想，善于理解学生，这是解决师生之间矛盾的关键所在。</p><p>⑤热爱、尊重学生，公平对待学生</p><p>教师应牢固树立民主思想，热爱所有学生，尊重学生的人格，维护学生的合法权益，公正地处理问题，用更为宽容的态度去接纳学生的独特个性行为表现，满足学生的合理需要。</p><p>⑥主动与学生沟通，善于与学生交往</p><p>良好的师生关系是在交往中形成的，一般师生之间的联系与交往要经历四步：接触—亲近—共鸣—信赖。</p><p>⑦正确处理师生矛盾</p><p>教师要善于驾驭自己的情绪，冷静全面地分析矛盾，正视自身的问题，敢于作自我批评，对学生的错误进行耐心的说服教育或必要的等待、解释等。</p><p>⑧提高法制意识，保护学生的合法权利</p><p>教师一定要提高法制意识，明确师生的权利义务关系。同时，也要加强教育制度伦理建设，使师生之间的权利义务关系更加明晰并转化为具体的制度规定，切实保护学生的合法权利。</p><p>（2）学生方面</p><p>①正确认识自己</p><p>学生如果能够正确认识自己的优缺点以及应该努力的目标，对于形成良好师生关系有很大的促进作用。</p><p>②正确认识教师</p><p>学生应该摒弃对教师的固有成见，要学会客观地认识和理解教师的付出，积极主动地和教师沟通，这样互相理解的师生双方才是良好师生关系的形成基础。</p><p>（3）其他方面</p><p>①加强校园文化建设，确保校园文化的相对独立性、完整性和纯洁性。</p><p>②加强学风教育，促进良好学风养成，使学生在一个良好的学风氛围下健康地学习，这对于良好师生关系的形成也具有一定的作用和价值。</p>', '0');
DELETE FROM edu_course_exercise_comment WHERE id='2071982';
INSERT INTO edu_course_exercise_comment (id, path, course_exercise_qa_id, comment) VALUES ('2071982', ',2071982', '2071982', '<p>良好师生关系建构的基本策略可以从以下几方面入手：</p><p>（1）教师方面</p><p>①了解和研究学生</p><p>教师可以通过观察、谈话，更全面地了解学生的思想、个性、兴趣、知识水平、学习态度和方法、身体状况等，以便更好地教育学生。</p><p>②树立正确的学生观</p><p>教师的作用不再是传递知识的简单工具，或是供学生利用的资料库，教师应当是帮助学生在自学的道路上迅速前进的向导，教会学生怎样学习。</p><p>③提高教师自身素质</p><p>教师的道德素养、知识素养和能力素养是学生尊重教师的重要条件，也是教师提高教育影响力的保证。</p><p>④发扬教育民主</p><p>教师对学生应一视同仁，特别是教师能与学生心理换位，设身处地为学生着想，善于理解学生，这是解决师生之间矛盾的关键所在。</p><p>⑤热爱、尊重学生，公平对待学生</p><p>教师应牢固树立民主思想，热爱所有学生，尊重学生的人格，维护学生的合法权益，公正地处理问题，用更为宽容的态度去接纳学生的独特个性行为表现，满足学生的合理需要。</p><p>⑥主动与学生沟通，善于与学生交往</p><p>良好的师生关系是在交往中形成的，一般师生之间的联系与交往要经历四步：接触—亲近—共鸣—信赖。</p><p>⑦正确处理师生矛盾</p><p>教师要善于驾驭自己的情绪，冷静全面地分析矛盾，正视自身的问题，敢于作自我批评，对学生的错误进行耐心的说服教育或必要的等待、解释等。</p><p>⑧提高法制意识，保护学生的合法权利</p><p>教师一定要提高法制意识，明确师生的权利义务关系。同时，也要加强教育制度伦理建设，使师生之间的权利义务关系更加明晰并转化为具体的制度规定，切实保护学生的合法权利。</p><p>（2）学生方面</p><p>①正确认识自己</p><p>学生如果能够正确认识自己的优缺点以及应该努力的目标，对于形成良好师生关系有很大的促进作用。</p><p>②正确认识教师</p><p>学生应该摒弃对教师的固有成见，要学会客观地认识和理解教师的付出，积极主动地和教师沟通，这样互相理解的师生双方才是良好师生关系的形成基础。</p><p>（3）其他方面</p><p>①加强校园文化建设，确保校园文化的相对独立性、完整性和纯洁性。</p><p>②加强学风教育，促进良好学风养成，使学生在一个良好的学风氛围下健康地学习，这对于良好师生关系的形成也具有一定的作用和价值。</p>');
DELETE FROM edu_course_exercise WHERE id='2072964';
INSERT INTO edu_course_exercise (id, question_type, course_id, content, easy_error, source, checked, is_pk) VALUES ('2072964', '12', '70707070', '<p>简述遗忘的规律，并结合遗忘规律谈一下如何有效组织复习。</p>', '', '2015年山东省潍坊市临朐县教师招聘考试题第122题', '1', '0');
DELETE FROM edu_course_exercise_qa WHERE id='2072964';
INSERT INTO edu_course_exercise_qa (id, course_exercise_id, type, question, cando, answer, total_score) VALUES ('2072964', '2072964', '12', '', '1', '<p>本题考查的是艾宾浩斯遗忘曲线。19世纪末德国心理学家艾宾浩斯最早对遗忘进行了实验研究，并绘制了“遗忘曲线”。这条曲线表明，遗忘在学习之后立即开始，最初遗忘速度很快，随着时间的推移，遗忘的速度逐渐下降。由此可以看出，遗忘是有规律的，即遗忘的进程是不均衡的，其趋势是先快后慢、先多后少，呈负加速，并且到一定的程度就几乎不再遗忘了。</p><p>有效的进行复习的方式：</p><p>（1）及时复习，经常复习。这里根据艾宾浩斯遗忘规律来进行复习。</p><p>（2）合理分配时间。</p><p>（3）做到分散复习与集中复习相结合。</p><p>（4）反复阅读与试图回忆相结合。</p><p>（5）复习方法要多样化。</p><p>（6）运用多种感官参与复习。</p>', '0');
DELETE FROM edu_course_exercise_comment WHERE id='2072964';
INSERT INTO edu_course_exercise_comment (id, path, course_exercise_qa_id, comment) VALUES ('2072964', ',2072964', '2072964', '<p>本题考查的是艾宾浩斯遗忘曲线。19世纪末德国心理学家艾宾浩斯最早对遗忘进行了实验研究，并绘制了“遗忘曲线”。这条曲线表明，遗忘在学习之后立即开始，最初遗忘速度很快，随着时间的推移，遗忘的速度逐渐下降。由此可以看出，遗忘是有规律的，即遗忘的进程是不均衡的，其趋势是先快后慢、先多后少，呈负加速，并且到一定的程度就几乎不再遗忘了。</p><p>有效的进行复习的方式：</p><p>（1）及时复习，经常复习。这里根据艾宾浩斯遗忘规律来进行复习。</p><p>（2）合理分配时间。</p><p>（3）做到分散复习与集中复习相结合。</p><p>（4）反复阅读与试图回忆相结合。</p><p>（5）复习方法要多样化。</p><p>（6）运用多种感官参与复习。</p>');
DELETE FROM edu_course_exercise WHERE id='2074498';
INSERT INTO edu_course_exercise (id, question_type, course_id, content, easy_error, source, checked, is_pk) VALUES ('2074498', '12', '70707070', '<p>教师的职业角色有哪些?</p>', '', '2014年贵州省黔东南镇远县教师招聘考试题第48题', '1', '0');
DELETE FROM edu_course_exercise_qa WHERE id='2074498';
INSERT INTO edu_course_exercise_qa (id, course_exercise_id, type, question, cando, answer, total_score) VALUES ('2074498', '2074498', '12', '', '1', '<p>教师职业的最大特点在于职业角色的多样化，教师的职业角色包括以下几点：</p><p>（1）传道者的角色；</p><p>（2）授业解惑者的角色；</p><p>（3）示范者的角色（榜样角色）；</p><p>（4）教育教学活动的设计者、组织者和管理者；</p><p>（5）朋友的角色；</p><p>（6）研究者的角色。</p>', '0');
DELETE FROM edu_course_exercise_comment WHERE id='2074498';
INSERT INTO edu_course_exercise_comment (id, path, course_exercise_qa_id, comment) VALUES ('2074498', ',2074498', '2074498', '<p>教师职业的最大特点在于职业角色的多样化，教师的职业角色包括以下几点：</p><p>（1）传道者的角色；</p><p>（2）授业解惑者的角色；</p><p>（3）示范者的角色（榜样角色）；</p><p>（4）教育教学活动的设计者、组织者和管理者；</p><p>（5）朋友的角色；</p><p>（6）研究者的角色。</p>');
DELETE FROM edu_course_exercise WHERE id='2074644';
INSERT INTO edu_course_exercise (id, question_type, course_id, content, easy_error, source, checked, is_pk) VALUES ('2074644', '12', '70707070', '<p>新课改背景下，教师的教学行为发生哪些变化?</p>', '', '2014年湖南省长沙市市直、高新区教师招聘考试教育综合第32题', '1', '0');
DELETE FROM edu_course_exercise_qa WHERE id='2074644';
INSERT INTO edu_course_exercise_qa (id, course_exercise_id, type, question, cando, answer, total_score) VALUES ('2074644', '2074644', '12', '', '1', '<p>（1）在对待师生关系上，强调尊重、赞赏。教师必须尊重每一位学生做人的尊严和价值，教师在尊重学生的同时，还要学会赞赏每一位学生。</p><p>（2）在对待教学关系上，强调帮助、引导。教师要帮助学生检视和反思自我，帮助学生寻找、搜集和利用学习资源，帮助学生对学习过程和结果进行评价，帮助学生发现自己的潜能等。</p><p>（3）在对待自我上，强调反思。教师只有对自己的教学不断地进行反思，才能在此基础上进一步发展；教学反思会促使教师形成自我反思的意识，增强自我监控的能力。</p><p>（4）在对待与其他教育者的关系上，强调合作。教师之间一定要相互尊重、相互学习、团结互助，只有这样才能搞好教学，最终促进教育的发展。</p>', '0');
DELETE FROM edu_course_exercise_comment WHERE id='2074644';
INSERT INTO edu_course_exercise_comment (id, path, course_exercise_qa_id, comment) VALUES ('2074644', ',2074644', '2074644', '<p>（1）在对待师生关系上，强调尊重、赞赏。教师必须尊重每一位学生做人的尊严和价值，教师在尊重学生的同时，还要学会赞赏每一位学生。</p><p>（2）在对待教学关系上，强调帮助、引导。教师要帮助学生检视和反思自我，帮助学生寻找、搜集和利用学习资源，帮助学生对学习过程和结果进行评价，帮助学生发现自己的潜能等。</p><p>（3）在对待自我上，强调反思。教师只有对自己的教学不断地进行反思，才能在此基础上进一步发展；教学反思会促使教师形成自我反思的意识，增强自我监控的能力。</p><p>（4）在对待与其他教育者的关系上，强调合作。教师之间一定要相互尊重、相互学习、团结互助，只有这样才能搞好教学，最终促进教育的发展。</p>');
DELETE FROM edu_course_exercise WHERE id='2074730';
INSERT INTO edu_course_exercise (id, question_type, course_id, content, easy_error, source, checked, is_pk) VALUES ('2074730', '12', '70707070', '<p>素质教育的含义是什么？对教学方法改革提出了哪些新要求？</p>', '', '2014年天津市北辰区教师招聘考试题第46题', '1', '0');
DELETE FROM edu_course_exercise_qa WHERE id='2074730';
INSERT INTO edu_course_exercise_qa (id, course_exercise_id, type, question, cando, answer, total_score) VALUES ('2074730', '2074730', '12', '', '1', '<p>素质教育的含义：素质教育是依据人的发展和社会发展的需要，以全面提高全体学生的基本素质为根本目的，以尊重学生主体性和主动精神，注重开发人的智慧潜能，形成人的健全个性为根本特征的教育。</p><p>对教学方法改革提出了以下新要求：</p><p>（1）突出“启发式”教学思想。坚持“启发式”教学指导思想，按照引导学生主动积极学习的要求来选用和设计教学方法，是实施素质教育进行教学方法改革的一个重点。</p><p>（2）强调教学生学会学习。学会学习是当今改革教学方法的重要理念。教会学生学习是学生素质发展的内在策略，是提高学业成绩的根本途径之一，也是教育面向现代化、面向世界、面向未来的重要对策之一。</p><p>（3）注重研究学法。教学方法包括教师的教法和学生的学法两个方面。实施素质教育，改革教学方法就应以过去只研究教法逐步过渡到既研究教法又研究学法，使教与学统一起来。</p><p>（4）促使学生知情意和谐发展。教学方法改革要注意培养学生学习的积极情感和良好学习态度，注重激情引趣。为了健全人格的发展，在实施素质教育中进行教学方法改革，必须重视学生在学习过程中的情意因素，促使学生知情意和谐发展。</p><p>（5）实现教学方法最优化。教学方法的改革或优化不在于剔除或偏爱哪些方法，而在于如何依据不同的制约因素对教学方法做出最佳选择。</p>', '0');
DELETE FROM edu_course_exercise_comment WHERE id='2074730';
INSERT INTO edu_course_exercise_comment (id, path, course_exercise_qa_id, comment) VALUES ('2074730', ',2074730', '2074730', '<p>素质教育的含义：素质教育是依据人的发展和社会发展的需要，以全面提高全体学生的基本素质为根本目的，以尊重学生主体性和主动精神，注重开发人的智慧潜能，形成人的健全个性为根本特征的教育。</p><p>对教学方法改革提出了以下新要求：</p><p>（1）突出“启发式”教学思想。坚持“启发式”教学指导思想，按照引导学生主动积极学习的要求来选用和设计教学方法，是实施素质教育进行教学方法改革的一个重点。</p><p>（2）强调教学生学会学习。学会学习是当今改革教学方法的重要理念。教会学生学习是学生素质发展的内在策略，是提高学业成绩的根本途径之一，也是教育面向现代化、面向世界、面向未来的重要对策之一。</p><p>（3）注重研究学法。教学方法包括教师的教法和学生的学法两个方面。实施素质教育，改革教学方法就应以过去只研究教法逐步过渡到既研究教法又研究学法，使教与学统一起来。</p><p>（4）促使学生知情意和谐发展。教学方法改革要注意培养学生学习的积极情感和良好学习态度，注重激情引趣。为了健全人格的发展，在实施素质教育中进行教学方法改革，必须重视学生在学习过程中的情意因素，促使学生知情意和谐发展。</p><p>（5）实现教学方法最优化。教学方法的改革或优化不在于剔除或偏爱哪些方法，而在于如何依据不同的制约因素对教学方法做出最佳选择。</p>');
DELETE FROM edu_course_exercise WHERE id='2075758';
INSERT INTO edu_course_exercise (id, question_type, course_id, content, easy_error, source, checked, is_pk) VALUES ('2075758', '12', '70707070', '<p>党的十八大倡导的社会主义核心价值观的基本内容有哪些?</p>', '', '2015年湖南省长沙市岳麓区教师招聘考试题第37题', '1', '0');
DELETE FROM edu_course_exercise_qa WHERE id='2075758';
INSERT INTO edu_course_exercise_qa (id, course_exercise_id, type, question, cando, answer, total_score) VALUES ('2075758', '2075758', '12', '', '1', '<p>本题考查社会主义核心价值观。党的十八大提出倡导富强、民主、文明、和谐，倡导自由、平等、公正、法治，倡导爱国、敬业、诚信、友善，积极培育和践行社会主义核心价值观。富强、民主、文明、和谐是国家层面的价值目标，自由、平等、公正、法治是社会层面的价值取向，爱国、敬业、诚信、友善是公民个人层面的价值准则，这24个字是社会主义核心价值观的基本内容</p>', '6');
DELETE FROM edu_course_exercise_comment WHERE id='2075758';
INSERT INTO edu_course_exercise_comment (id, path, course_exercise_qa_id, comment) VALUES ('2075758', ',2075758', '2075758', '<p>本题考查社会主义核心价值观。党的十八大提出倡导富强、民主、文明、和谐，倡导自由、平等、公正、法治，倡导爱国、敬业、诚信、友善，积极培育和践行社会主义核心价值观。富强、民主、文明、和谐是国家层面的价值目标，自由、平等、公正、法治是社会层面的价值取向，爱国、敬业、诚信、友善是公民个人层面的价值准则，这24个字是社会主义核心价值观的基本内容</p>');
DELETE FROM edu_course_exercise WHERE id='2076820';
INSERT INTO edu_course_exercise (id, question_type, course_id, content, easy_error, source, checked, is_pk) VALUES ('2076820', '12', '70707070', '<p>简述备课的基本步骤。</p>', '', '2014年浙江省教师招聘考试题 《教育基础知识•中学》第20题', '1', '0');
DELETE FROM edu_course_exercise_qa WHERE id='2076820';
INSERT INTO edu_course_exercise_qa (id, course_exercise_id, type, question, cando, answer, total_score) VALUES ('2076820', '2076820', '12', '', '1', '<p>备课是上课前的准备工作，是教好课的前提。</p><p>（一）备课要做好三方面的工作：</p><p>（1）钻研教材</p><p>（2）了解学生</p><p>（3）设计教法</p><p>（二）备课要写好三种计划：</p><p>（1）学期（学年）教学进度计划</p><p>（2）单元计划（课题计划）</p><p>（3）课时计划（教案）</p>', '0');
DELETE FROM edu_course_exercise_comment WHERE id='2076820';
INSERT INTO edu_course_exercise_comment (id, path, course_exercise_qa_id, comment) VALUES ('2076820', ',2076820', '2076820', '<p>备课是上课前的准备工作，是教好课的前提。</p><p>（一）备课要做好三方面的工作：</p><p>（1）钻研教材</p><p>（2）了解学生</p><p>（3）设计教法</p><p>（二）备课要写好三种计划：</p><p>（1）学期（学年）教学进度计划</p><p>（2）单元计划（课题计划）</p><p>（3）课时计划（教案）</p>');
DELETE FROM edu_course_exercise WHERE id='2076830';
INSERT INTO edu_course_exercise (id, question_type, course_id, content, easy_error, source, checked, is_pk) VALUES ('2076830', '12', '70707070', '<p>简述初中生人际关系的特点。</p>', '', '2014年浙江省教师招聘考试题 《教育基础知识•中学》第22题', '1', '0');
DELETE FROM edu_course_exercise_qa WHERE id='2076830';
INSERT INTO edu_course_exercise_qa (id, course_exercise_id, type, question, cando, answer, total_score) VALUES ('2076830', '2076830', '12', '', '1', '<p>初中生人际交往特点：</p><p>（1）逐渐克服了团伙的交往，交友的范围逐渐缩小了，初中生最要好的朋友一般是一至两个。</p><p>（2）朋友关系在初中生的生活中日益重要。观点和行动上的一致，也是初中生朋友之间心理接近的重要条件之一。</p><p>（3）出现异性朋友间的交往。</p><p>（4）与父母关系发生了变化，在心理上逐渐与父母脱离。</p><p>（5）与教师间的关系发生变化，不再盲目接受任何一位教师。</p>', '0');
DELETE FROM edu_course_exercise_comment WHERE id='2076830';
INSERT INTO edu_course_exercise_comment (id, path, course_exercise_qa_id, comment) VALUES ('2076830', ',2076830', '2076830', '<p>初中生人际交往特点：</p><p>（1）逐渐克服了团伙的交往，交友的范围逐渐缩小了，初中生最要好的朋友一般是一至两个。</p><p>（2）朋友关系在初中生的生活中日益重要。观点和行动上的一致，也是初中生朋友之间心理接近的重要条件之一。</p><p>（3）出现异性朋友间的交往。</p><p>（4）与父母关系发生了变化，在心理上逐渐与父母脱离。</p><p>（5）与教师间的关系发生变化，不再盲目接受任何一位教师。</p>');
DELETE FROM edu_course_exercise WHERE id='2076838';
INSERT INTO edu_course_exercise (id, question_type, course_id, content, easy_error, source, checked, is_pk) VALUES ('2076838', '12', '70707070', '<p>结合实例试述教师与学生的关系。</p>', '', '2014年浙江省教师招聘考试题 《教育基础知识•中学》第24题', '1', '0');
DELETE FROM edu_course_exercise_qa WHERE id='2076838';
INSERT INTO edu_course_exercise_qa (id, course_exercise_id, type, question, cando, answer, total_score) VALUES ('2076838', '2076838', '12', '', '1', '<p>师生关系是指教师和学生在教育教学活动中结成的相互关系，包括彼此所处的地位、作用和相互对待的态度。师生关系是教育活动过程中人与人关系中最基本、最重要的关系。师生关系是师生之间在教育过程中所发生的直接交往和联系，包括为完成教育任务而形成的工作关系，为交往而形成的人际关系，以组织结构的形式表现的组织关系，以情感认识为表现形式的心理关系。</p><p>因此，教师与学生的关系包含：</p><p>（一）教学上的授受关系，如课堂上教师讲授新知识，学生听老师的讲解。</p><p>（1）从教育内容的角度说，教师是传授者，学生是接受者。</p><p>（2）学生主体的形成既是教育的目的，也是教育成功的条件。</p><p>（3）对学生指导、引导的目的是促进学生的自主发展。</p><p>（二）人格上的平等关系，如现在很多老师在课下会主动与学生交谈，了解他们的所思所想，或者是与学生在微信、QQ等现代通讯工具上进行情感交流，做学生的良师益友。</p><p>（1）学生作为一个独立的社会个体，在人格上与教师是平等的。</p><p>（2）真正的民主的师生关系是一种朋友式的友好与帮助的关系。</p><p>（三）社会道德上的相互促进关系，如老师尊重学生，对每位学生都客气礼貌、关爱，学生受此感染也会尊重老师，学会去关爱老师、长辈及同伴。</p><p>（1）师生关系从本质上讲是一种“人—人”关系。</p><p>（2）教师对学生的影响不仅体现在知识和智力上，还体现在思想和人格上。</p>', '0');
DELETE FROM edu_course_exercise_comment WHERE id='2076838';
INSERT INTO edu_course_exercise_comment (id, path, course_exercise_qa_id, comment) VALUES ('2076838', ',2076838', '2076838', '<p>师生关系是指教师和学生在教育教学活动中结成的相互关系，包括彼此所处的地位、作用和相互对待的态度。师生关系是教育活动过程中人与人关系中最基本、最重要的关系。师生关系是师生之间在教育过程中所发生的直接交往和联系，包括为完成教育任务而形成的工作关系，为交往而形成的人际关系，以组织结构的形式表现的组织关系，以情感认识为表现形式的心理关系。</p><p>因此，教师与学生的关系包含：</p><p>（一）教学上的授受关系，如课堂上教师讲授新知识，学生听老师的讲解。</p><p>（1）从教育内容的角度说，教师是传授者，学生是接受者。</p><p>（2）学生主体的形成既是教育的目的，也是教育成功的条件。</p><p>（3）对学生指导、引导的目的是促进学生的自主发展。</p><p>（二）人格上的平等关系，如现在很多老师在课下会主动与学生交谈，了解他们的所思所想，或者是与学生在微信、QQ等现代通讯工具上进行情感交流，做学生的良师益友。</p><p>（1）学生作为一个独立的社会个体，在人格上与教师是平等的。</p><p>（2）真正的民主的师生关系是一种朋友式的友好与帮助的关系。</p><p>（三）社会道德上的相互促进关系，如老师尊重学生，对每位学生都客气礼貌、关爱，学生受此感染也会尊重老师，学会去关爱老师、长辈及同伴。</p><p>（1）师生关系从本质上讲是一种“人—人”关系。</p><p>（2）教师对学生的影响不仅体现在知识和智力上，还体现在思想和人格上。</p>');
DELETE FROM edu_course_exercise WHERE id='2076982';
INSERT INTO edu_course_exercise (id, question_type, course_id, content, easy_error, source, checked, is_pk) VALUES ('2076982', '12', '70707070', '<p>作为一个学科老师，了解学生的基本途径有哪些？</p>', '', '2014年江苏省南通市崇川区教师招聘考试题第56题', '1', '0');
DELETE FROM edu_course_exercise_qa WHERE id='2076982';
INSERT INTO edu_course_exercise_qa (id, course_exercise_id, type, question, cando, answer, total_score) VALUES ('2076982', '2076982', '12', '', '1', '<p>学科教师任可以采取四种方法了解和研究学生：</p><p>（1）观察法。这是班主任了解学生最基本的方法。</p><p>（2）谈话法。这是班主任了解学生、管理班级时常用的一种方法。通过集体谈话和个别谈话深入了解真实可靠的信息。</p><p>（3）书面材料和学生作品分析法。班主任可以通过问卷调查、心理测验等书面材料以及学生的作业了解学生。</p><p>（4）调查访问。这是一种间接了解学生的方法。班主任可以通过家访、走访学生前任班主任或任课教师等，了解学生个体或群体的成长经历，深入了解有关背景原因。</p>', '0');
DELETE FROM edu_course_exercise_comment WHERE id='2076982';
INSERT INTO edu_course_exercise_comment (id, path, course_exercise_qa_id, comment) VALUES ('2076982', ',2076982', '2076982', '<p>学科教师任可以采取四种方法了解和研究学生：</p><p>（1）观察法。这是班主任了解学生最基本的方法。</p><p>（2）谈话法。这是班主任了解学生、管理班级时常用的一种方法。通过集体谈话和个别谈话深入了解真实可靠的信息。</p><p>（3）书面材料和学生作品分析法。班主任可以通过问卷调查、心理测验等书面材料以及学生的作业了解学生。</p><p>（4）调查访问。这是一种间接了解学生的方法。班主任可以通过家访、走访学生前任班主任或任课教师等，了解学生个体或群体的成长经历，深入了解有关背景原因。</p>');
DELETE FROM edu_course_exercise WHERE id='2076990';
INSERT INTO edu_course_exercise (id, question_type, course_id, content, easy_error, source, checked, is_pk) VALUES ('2076990', '12', '70707070', '<p>何为观察？如何培养小学生的观察力？</p>', '', '2014年江苏省南通市崇川区教师招聘考试题第58题', '1', '0');
DELETE FROM edu_course_exercise_qa WHERE id='2076990';
INSERT INTO edu_course_exercise_qa (id, course_exercise_id, type, question, cando, answer, total_score) VALUES ('2076990', '2076990', '12', '', '1', '<p>观察是人的一种有目的、有计划、持久的知觉活动，是知觉的高级形式，又叫“思维的知觉”。</p><p>培养小学生的观察力需要：</p><p>（1）引导学生明确观察的目的和内容，是培养良好观察力的重要条件。</p><p>（2）充分的准备、周密的计划，提出观察的具体方法。</p><p>（3）在实际观察中应该加强对学生的个别指导。</p><p>（4）引导学生学会记录整理观察结果，在分析研究的基础上，写出观察报告、日记和作文。</p><p>（5）引导学生开展讨论、交流并汇报观察成果，不断提高学生的观察能力，培养良好的观察品质。</p>', '0');
DELETE FROM edu_course_exercise_comment WHERE id='2076990';
INSERT INTO edu_course_exercise_comment (id, path, course_exercise_qa_id, comment) VALUES ('2076990', ',2076990', '2076990', '<p>观察是人的一种有目的、有计划、持久的知觉活动，是知觉的高级形式，又叫“思维的知觉”。</p><p>培养小学生的观察力需要：</p><p>（1）引导学生明确观察的目的和内容，是培养良好观察力的重要条件。</p><p>（2）充分的准备、周密的计划，提出观察的具体方法。</p><p>（3）在实际观察中应该加强对学生的个别指导。</p><p>（4）引导学生学会记录整理观察结果，在分析研究的基础上，写出观察报告、日记和作文。</p><p>（5）引导学生开展讨论、交流并汇报观察成果，不断提高学生的观察能力，培养良好的观察品质。</p>');
DELETE FROM edu_course_exercise WHERE id='2077750';
INSERT INTO edu_course_exercise (id, question_type, course_id, content, easy_error, source, checked, is_pk) VALUES ('2077750', '12', '70707070', '<p>简述小学生亲子关系发展的特点。</p>', '', '2015年浙江省教师招聘考试题《教育基础知识·小学》第25题', '1', '0');
DELETE FROM edu_course_exercise_qa WHERE id='2077750';
INSERT INTO edu_course_exercise_qa (id, course_exercise_id, type, question, cando, answer, total_score) VALUES ('2077750', '2077750', '12', '', '1', '<p>小学生亲子关系发展的特点有：</p><p>（1）双方交往的时间减少。</p><p>（2）发生冲突的数量也减少，并开始具有解决冲突的多种不同的方式。</p><p>（3）父母对儿童的关注也有所减少。</p><p>（4）对儿童的控制由直接控制逐步转变为引导、教育儿童自我控制、自我监督。</p>', '0');
DELETE FROM edu_course_exercise_comment WHERE id='2077750';
INSERT INTO edu_course_exercise_comment (id, path, course_exercise_qa_id, comment) VALUES ('2077750', ',2077750', '2077750', '<p>小学生亲子关系发展的特点有：</p><p>（1）双方交往的时间减少。</p><p>（2）发生冲突的数量也减少，并开始具有解决冲突的多种不同的方式。</p><p>（3）父母对儿童的关注也有所减少。</p><p>（4）对儿童的控制由直接控制逐步转变为引导、教育儿童自我控制、自我监督。</p>');
DELETE FROM edu_course_exercise WHERE id='2077862';
INSERT INTO edu_course_exercise (id, question_type, course_id, content, easy_error, source, checked, is_pk) VALUES ('2077862', '12', '70707070', '<p>简述《中华人民共和国教师法》规定的教师法律责任。</p>', '', '2015年浙江省教师招聘考试题《教育基础知识·小学》第26题', '1', '0');
DELETE FROM edu_course_exercise_qa WHERE id='2077862';
INSERT INTO edu_course_exercise_qa (id, course_exercise_id, type, question, cando, answer, total_score) VALUES ('2077862', '2077862', '12', '', '1', '<p>法律责任是指因违反了法定义务或契约义务，或不当行使法律权利、权力所产生的，由行为人承担的不利后果。</p><p>一、教师职责。《中华人民共和国教师法》第一章总则第三条指出：“教师是履行教育教学职责的专业人员，承担教书育人，培养社会主义事业建设者和接班人、提高民族素质的使命。教师应当忠诚于人民的教育事业。”</p><p>二、教师义务。《中华人民共和国教师法》第八条指出：教师应当履行下列义务：</p><p>（1）遵守宪法、法律和职业道德，为人师表；</p><p>（2）贯彻国家的教育方针，遵守规章制度，执行学校的教学计划，履行教师聘约，完成教育教学工作任务；</p><p>（3）对学生进行宪法所确定的基本原则的教育和爱国主义、民族团结的教育，法制教育以及思想品德、文化、科学技术教育，组织、带领学生开展有益的社会活动；</p><p>（4）关心、爱护全体学生，尊重学生人格，促进学生在品德、智力、体质等方面全面发展；</p><p>（5）制止有害于学生的行为或者其他侵犯学生合法权益的行为，批评和抵制有害于学生健康成长的现象；</p><p>（6）不断提高思想政治觉悟和教育教学业务水平。</p>', '0');
DELETE FROM edu_course_exercise_comment WHERE id='2077862';
INSERT INTO edu_course_exercise_comment (id, path, course_exercise_qa_id, comment) VALUES ('2077862', ',2077862', '2077862', '<p>法律责任是指因违反了法定义务或契约义务，或不当行使法律权利、权力所产生的，由行为人承担的不利后果。</p><p>一、教师职责。《中华人民共和国教师法》第一章总则第三条指出：“教师是履行教育教学职责的专业人员，承担教书育人，培养社会主义事业建设者和接班人、提高民族素质的使命。教师应当忠诚于人民的教育事业。”</p><p>二、教师义务。《中华人民共和国教师法》第八条指出：教师应当履行下列义务：</p><p>（1）遵守宪法、法律和职业道德，为人师表；</p><p>（2）贯彻国家的教育方针，遵守规章制度，执行学校的教学计划，履行教师聘约，完成教育教学工作任务；</p><p>（3）对学生进行宪法所确定的基本原则的教育和爱国主义、民族团结的教育，法制教育以及思想品德、文化、科学技术教育，组织、带领学生开展有益的社会活动；</p><p>（4）关心、爱护全体学生，尊重学生人格，促进学生在品德、智力、体质等方面全面发展；</p><p>（5）制止有害于学生的行为或者其他侵犯学生合法权益的行为，批评和抵制有害于学生健康成长的现象；</p><p>（6）不断提高思想政治觉悟和教育教学业务水平。</p>');
DELETE FROM edu_course_exercise WHERE id='2083782';
INSERT INTO edu_course_exercise (id, question_type, course_id, content, easy_error, source, checked, is_pk) VALUES ('2083782', '12', '30303030', '<p>情境教学法是思想政治课教学的主要方法之一。简述思想政治课情境创设的基本要求。</p>', '', '2016年下半年教师资格考试《高中政治》题第13题', '1', '0');
DELETE FROM edu_course_exercise_qa WHERE id='2083782';
INSERT INTO edu_course_exercise_qa (id, course_exercise_id, type, question, cando, answer, total_score) VALUES ('2083782', '2083782', '12', '', '1', '<p>教学情境是课堂教学的基本要素，其根本任务是服务于学生掌握知识、提高技能，既要为学生的学习提供认知停靠点，又要激发学生的学习欲望，在创设时应注意：</p><p>（1）情境创设的标准是学生，情境创设要符合学生的实际情况。思想政治课中应选择那些学生感兴趣、能理解、可想象的情境，才能引起学生的注意，为教学内容的展开提供良好的条件。如讲解世界文化多样性时，可以从学生生活就地取材，通过图片展示春节与圣诞节，帮助学生初步感知文化的多样。</p><p>（2）情境创设要有序和有效。教师要善于选择相应而合适的情境，巧妙设计问题、寻找依据、促进学生心智结构的发展。有序原则是指课堂教学的组织结构和程序安排。力求使教学内容的组织能立足于揭示和呈现教材自身的知识传授、能力培养的节奏，以培养学生正确的逻辑思维。</p><p>（3）在情境创设中，问题的设置应该有张力。教学情境中要设置部分存在冲突的问题，让学生自主选择，鼓励学生进行自主探究或者合作探究。如果问题的设置没有张力，学生只有一种选择，就不能对学生的探究能力、合作能力进行培养与锻炼。如学习中华传统文化时，可设置辩论活动，以“传统文化与流行文化哪个价值更大”为辩题，给予学生两种选择，发散思维，感知文化的价值。</p><p>情境创设要注重时代性。教师在情境教学中应尽可能选择当下发生的、学生关注的事件、材料等。注重材料的时效性、时代性。面对自己熟知的事例，学生在学习中产生强烈的情感共鸣，增强学生的情感体验，对于提高学习效果有重要的积极作用。如讲解时代主题时，可添加“朝鲜半岛问题”、“中东局势”、“战狼2”中非洲战乱镜头，学生可对当前国际形势有更加直观的认识和感受。</p>', '12.0');
DELETE FROM edu_course_exercise_comment WHERE id='2083782';
INSERT INTO edu_course_exercise_comment (id, path, course_exercise_qa_id, comment) VALUES ('2083782', ',2083782', '2083782', '<p>教学情境是课堂教学的基本要素，其根本任务是服务于学生掌握知识、提高技能，既要为学生的学习提供认知停靠点，又要激发学生的学习欲望，在创设时应注意：</p><p>（1）情境创设的标准是学生，情境创设要符合学生的实际情况。思想政治课中应选择那些学生感兴趣、能理解、可想象的情境，才能引起学生的注意，为教学内容的展开提供良好的条件。如讲解世界文化多样性时，可以从学生生活就地取材，通过图片展示春节与圣诞节，帮助学生初步感知文化的多样。</p><p>（2）情境创设要有序和有效。教师要善于选择相应而合适的情境，巧妙设计问题、寻找依据、促进学生心智结构的发展。有序原则是指课堂教学的组织结构和程序安排。力求使教学内容的组织能立足于揭示和呈现教材自身的知识传授、能力培养的节奏，以培养学生正确的逻辑思维。</p><p>（3）在情境创设中，问题的设置应该有张力。教学情境中要设置部分存在冲突的问题，让学生自主选择，鼓励学生进行自主探究或者合作探究。如果问题的设置没有张力，学生只有一种选择，就不能对学生的探究能力、合作能力进行培养与锻炼。如学习中华传统文化时，可设置辩论活动，以“传统文化与流行文化哪个价值更大”为辩题，给予学生两种选择，发散思维，感知文化的价值。</p><p>情境创设要注重时代性。教师在情境教学中应尽可能选择当下发生的、学生关注的事件、材料等。注重材料的时效性、时代性。面对自己熟知的事例，学生在学习中产生强烈的情感共鸣，增强学生的情感体验，对于提高学习效果有重要的积极作用。如讲解时代主题时，可添加“朝鲜半岛问题”、“中东局势”、“战狼2”中非洲战乱镜头，学生可对当前国际形势有更加直观的认识和感受。</p>');
DELETE FROM edu_course_exercise WHERE id='2085960';
INSERT INTO edu_course_exercise (id, question_type, course_id, content, easy_error, source, checked, is_pk) VALUES ('2085960', '12', '20202020', '<p>简述《义务教育地理课程标准（2011年版）》课程目标中的总目标。</p>', '', '2015年上半年教师资格证考试《初中地理》题第26题', '1', '0');
DELETE FROM edu_course_exercise_qa WHERE id='2085960';
INSERT INTO edu_course_exercise_qa (id, course_exercise_id, type, question, cando, answer, total_score) VALUES ('2085960', '2085960', '12', '', '1', '<p>义务教育地理课程的总目标是：掌握基础的地理知识，获得基本的地理技能和方法，了解环境与发展问题，增强爱国主义情感，初步形成全球意识和可持续发展观念。</p><p>下面从知识与技能、过程与方法、情感态度与价值观三个方面来表述，这三个方面在实施过程中是一个有机的整体。</p><p>(一)知识与技能</p><p>1.掌握地球与地图的基础知识，能初步说明地形、气候等自然地理要素在地理环境形成中的作用以及对人类活动的影响；初步认识人口、经济和文化发展的区域差异。</p><p>2.了解家乡、中国和世界的地理概貌，了解家乡与祖国、中国与世界的联系。</p><p>3.了解人类所面临的人口、资源、环境和发展等重大问题，初步认识环境与人类活动的相互关系。</p><p>4.掌握阅读和使用地球仪、地图的基本技能；掌握获取地理信息并利用文字、图像等形式表达地理信息的基本技能；掌握简单的地理观测、地理实验、地理调查等技能。</p><p>(二)过程与方法</p><p>1.通过各种途径感知身边的地理事物，积累丰富的地理表象；初步学会根据收集到的地理信息，通过比较、分析、归纳等思维过程，形成地理概念，归纳地理特征，理解地理规律。</p><p>2.运用已获得的地理基本概念和地理基本原理，对地理事物和现象进行分析，作出判断。</p><p>3.具有创新意识和实践能力，善于发现地理问题，收集相关信息，运用有关知识和方法，提出解决问题的设想。</p><p>4.运用适当的方式方法，表达、交流地理学习的体会、想法和成果。</p><p>(三)情感态度价值观</p><p>1.增强对地理事物和现象的好奇心，提高学习地理的兴趣以及对地理环境的审美情趣。</p><p>2.关心家乡的环境与发展，关心我国的基本地理国情，增强热爱家乡、热爱祖国的情感。</p><p>3.尊重世界不同国家的文化和传统，增强民族自尊心、自信心和自豪感，理解国际合作的意义，初步形成全球意识。</p><p>4.初步形成尊重自然、与自然和谐相处、因地制宜的意识及可持续发展的观念，增强防范自然灾害、保护环境与资源和遵守相关法律法规的意识，养成关心和爱护地理环境的行为习惯。</p>', '0');
DELETE FROM edu_course_exercise_comment WHERE id='2085960';
INSERT INTO edu_course_exercise_comment (id, path, course_exercise_qa_id, comment) VALUES ('2085960', ',2085960', '2085960', '<p>义务教育地理课程的总目标是：掌握基础的地理知识，获得基本的地理技能和方法，了解环境与发展问题，增强爱国主义情感，初步形成全球意识和可持续发展观念。</p><p>下面从知识与技能、过程与方法、情感态度与价值观三个方面来表述，这三个方面在实施过程中是一个有机的整体。</p><p>(一)知识与技能</p><p>1.掌握地球与地图的基础知识，能初步说明地形、气候等自然地理要素在地理环境形成中的作用以及对人类活动的影响；初步认识人口、经济和文化发展的区域差异。</p><p>2.了解家乡、中国和世界的地理概貌，了解家乡与祖国、中国与世界的联系。</p><p>3.了解人类所面临的人口、资源、环境和发展等重大问题，初步认识环境与人类活动的相互关系。</p><p>4.掌握阅读和使用地球仪、地图的基本技能；掌握获取地理信息并利用文字、图像等形式表达地理信息的基本技能；掌握简单的地理观测、地理实验、地理调查等技能。</p><p>(二)过程与方法</p><p>1.通过各种途径感知身边的地理事物，积累丰富的地理表象；初步学会根据收集到的地理信息，通过比较、分析、归纳等思维过程，形成地理概念，归纳地理特征，理解地理规律。</p><p>2.运用已获得的地理基本概念和地理基本原理，对地理事物和现象进行分析，作出判断。</p><p>3.具有创新意识和实践能力，善于发现地理问题，收集相关信息，运用有关知识和方法，提出解决问题的设想。</p><p>4.运用适当的方式方法，表达、交流地理学习的体会、想法和成果。</p><p>(三)情感态度价值观</p><p>1.增强对地理事物和现象的好奇心，提高学习地理的兴趣以及对地理环境的审美情趣。</p><p>2.关心家乡的环境与发展，关心我国的基本地理国情，增强热爱家乡、热爱祖国的情感。</p><p>3.尊重世界不同国家的文化和传统，增强民族自尊心、自信心和自豪感，理解国际合作的意义，初步形成全球意识。</p><p>4.初步形成尊重自然、与自然和谐相处、因地制宜的意识及可持续发展的观念，增强防范自然灾害、保护环境与资源和遵守相关法律法规的意识，养成关心和爱护地理环境的行为习惯。</p>');
DELETE FROM edu_course_exercise WHERE id='2086036';
INSERT INTO edu_course_exercise (id, question_type, course_id, content, easy_error, source, checked, is_pk) VALUES ('2086036', '12', '20202020', '<p>简述讲解“近百多年来全球年平均气温变化图”(下图)的教学要点。</p><p><img width="547px" height="330px" src="https://fb.fbstatic.cn/api/tarzan/images/15e28001527ff9f.png?width=700" /></p>', '', '2015年上半年教师资格证考试《高中地理》题第27题', '1', '0');
DELETE FROM edu_course_exercise_qa WHERE id='2086036';
INSERT INTO edu_course_exercise_qa (id, course_exercise_id, type, question, cando, answer, total_score) VALUES ('2086036', '2086036', '12', '', '1', '<p>（1）1860年至今，全球气候变化总趋势：虽然有波动，但是总体趋势在变暖；</p><p>（2）1860年至今，全球气候变化最大幅度：0.8℃；</p><p>（3）近半个世纪以来，全球气温升高的主要原因：可能是人为排放温室气体数量增加所致；</p><p>（4）减少温室气体排放的途径：增加绿化面积、开发使用清洁能源、减少废弃物排放、多使用公共交通工具等。</p>', '0');
DELETE FROM edu_course_exercise_comment WHERE id='2086036';
INSERT INTO edu_course_exercise_comment (id, path, course_exercise_qa_id, comment) VALUES ('2086036', ',2086036', '2086036', '<p>本题主要考察气温曲线图的阅读，答题思路——归纳气温变化总趋势→数据说明变化趋势→分析变化原因→提出解决措施。</p>');
DELETE FROM edu_course_exercise WHERE id='2086216';
INSERT INTO edu_course_exercise (id, question_type, course_id, content, easy_error, source, checked, is_pk) VALUES ('2086216', '12', '20202020', '<p>绘制澳大利亚轮廓图，设置图例并填绘主要气候类型，简述澳大利亚轮廓图和气候特点的教学过程要点。</p>', '', '2015年下半年教师资格证考试《初中地理》题（精选）第23题', '1', '0');
DELETE FROM edu_course_exercise_qa WHERE id='2086216';
INSERT INTO edu_course_exercise_qa (id, course_exercise_id, type, question, cando, answer, total_score) VALUES ('2086216', '2086216', '12', '', '0', '<p>（1）轮廓图：</p><p><img width="209px" height="116px" src="https://fb.fbstatic.cn/api/tarzan/images/15e285afe3f2a83.png?width=700" /></p><p>（2）教学过程要点：</p><p>①绘制澳大利亚轮廓图时，首先要引导学生掌握澳大利亚的领土组成和经纬度位置，了解其轮廓特征后再进行绘制；</p><p>②讲授气候特点时要引导学生掌握影响澳大利亚地形、盛行风、洋流等因素，从这些因素分析澳大利亚的气候特点。</p><p>澳大利亚气候呈半环状分布，北部受西北季风与东南信风影响，降水季节性变化形成热带草原气候；东部位于东南信风的迎风坡且受东澳大利亚暖流的增温增湿作用的影响，降水丰富，低纬度形成热带雨林气候，南部为亚热带湿润气候。背风坡降水减少，草原向沙漠过渡，西风带控制区形成温带海洋性气候。南部受副热带高气压带与西风带交替控制形成地中海气候，向内陆过渡为草原、沙漠，草原景观地区属热带草原气候。西部常年受副高影响，降水稀少，形成沙漠气候。</p>', '12.0');
DELETE FROM edu_course_exercise_comment WHERE id='2086216';
INSERT INTO edu_course_exercise_comment (id, path, course_exercise_qa_id, comment) VALUES ('2086216', ',2086216', '2086216', '<p>（1）轮廓图：</p><p><img width="209px" height="116px" src="https://fb.fbstatic.cn/api/tarzan/images/15e285afe3f2a83.png?width=700" /></p><p>（2）教学过程要点：</p><p>①绘制澳大利亚轮廓图时，首先要引导学生掌握澳大利亚的领土组成和经纬度位置，了解其轮廓特征后再进行绘制；</p><p>②讲授气候特点时要引导学生掌握影响澳大利亚地形、盛行风、洋流等因素，从这些因素分析澳大利亚的气候特点。</p><p>澳大利亚气候呈半环状分布，北部受西北季风与东南信风影响，降水季节性变化形成热带草原气候；东部位于东南信风的迎风坡且受东澳大利亚暖流的增温增湿作用的影响，降水丰富，低纬度形成热带雨林气候，南部为亚热带湿润气候。背风坡降水减少，草原向沙漠过渡，西风带控制区形成温带海洋性气候。南部受副热带高气压带与西风带交替控制形成地中海气候，向内陆过渡为草原、沙漠，草原景观地区属热带草原气候。西部常年受副高影响，降水稀少，形成沙漠气候。</p>');
DELETE FROM edu_course_exercise WHERE id='2086518';
INSERT INTO edu_course_exercise (id, question_type, course_id, content, easy_error, source, checked, is_pk) VALUES ('2086518', '12', '20202020', '<p>根据《义务教育地理课程标准（2011年版）》，简述“乡土”范围和你对乡土地理教学价值的理解。</p>', '', '2016年下半年教师资格证考试《初中地理》题第26题', '1', '0');
DELETE FROM edu_course_exercise_qa WHERE id='2086518';
INSERT INTO edu_course_exercise_qa (id, course_exercise_id, type, question, cando, answer, total_score) VALUES ('2086518', '2086518', '12', '', '1', '<p>（1）“乡土”范围一般指县一级行政区域，根据各地实际情况，乡土地理的教学也可以讲授本地区（省辖市）地理，或者（直辖市、自治区）地理。</p><p>乡土地理内容包括本乡的地理位置、地形、气候、河湖、土壤、植被的特征及其相互联系，各种自然资源的利用以及改造自然的成就和当地的工农业生产、交通运输、名胜古迹、人民生活情况等。</p><p>（2）对乡土地理教学价值的理解：</p><p>①乡土地理具有更贴近学生生活的特点，有助于激发学生热爱家乡、热爱祖国的情感，家乡的故土情结可以激发学生树立改造家乡、建设家乡的崇高志向，这就有助于促进学生将爱家乡、爱祖国的情感付诸实践。</p><p>②乡土地理的学习因其可紧密联系当地社会和经济建设的实践从而能有力的促进课本知识与实践活动的联系。</p><p>③乡土地理打破封闭式的传统课堂教学模式，使学生可以在家乡的社会环境和自然环境中，通过自由选择家乡地理环境某几个要素或某一个要素开展综合或专题的研究，这对培养他们的探究学习能力无疑是极为有益的。</p><p>④通过这样的地理实践，不仅有助于培养、增强学生的学习能力，而且还可以在考察、调查等实践中培养学生的社会责任感、与他人合作共事的精神和实事求是的科学态度等。</p>', '0');
DELETE FROM edu_course_exercise_comment WHERE id='2086518';
INSERT INTO edu_course_exercise_comment (id, path, course_exercise_qa_id, comment) VALUES ('2086518', ',2086518', '2086518', '<p>（1）“乡土”范围一般指县一级行政区域，根据各地实际情况，乡土地理的教学也可以讲授本地区（省辖市）地理，或者（直辖市、自治区）地理。</p><p>乡土地理内容包括本乡的地理位置、地形、气候、河湖、土壤、植被的特征及其相互联系，各种自然资源的利用以及改造自然的成就和当地的工农业生产、交通运输、名胜古迹、人民生活情况等。</p><p>（2）对乡土地理教学价值的理解：</p><p>①乡土地理具有更贴近学生生活的特点，有助于激发学生热爱家乡、热爱祖国的情感，家乡的故土情结可以激发学生树立改造家乡、建设家乡的崇高志向，这就有助于促进学生将爱家乡、爱祖国的情感付诸实践。</p><p>②乡土地理的学习因其可紧密联系当地社会和经济建设的实践从而能有力的促进课本知识与实践活动的联系。</p><p>③乡土地理打破封闭式的传统课堂教学模式，使学生可以在家乡的社会环境和自然环境中，通过自由选择家乡地理环境某几个要素或某一个要素开展综合或专题的研究，这对培养他们的探究学习能力无疑是极为有益的。</p><p>④通过这样的地理实践，不仅有助于培养、增强学生的学习能力，而且还可以在考察、调查等实践中培养学生的社会责任感、与他人合作共事的精神和实事求是的科学态度等。</p>');
DELETE FROM edu_course_exercise WHERE id='2086882';
INSERT INTO edu_course_exercise (id, question_type, course_id, content, easy_error, source, checked, is_pk) VALUES ('2086882', '12', '60606060', '<p>依据《普通高中美术课程标准（实验）》中绘画模块“学习活动建议”，从美术鉴赏、美术知识、材料工具、创作实践等方面，谈谈你对开展绘画教学活动的想法。</p>', '', '2014年下半年教师资格证考试《高中美术》题第28题', '1', '0');
DELETE FROM edu_course_exercise_qa WHERE id='2086882';
INSERT INTO edu_course_exercise_qa (id, course_exercise_id, type, question, cando, answer, total_score) VALUES ('2086882', '2086882', '12', '', '1', '<p>绘画是以一定的材料和工具，运用造型的方法和手段进行美术创造的活动。接下来从美术鉴赏、美术知识、材料工具、创作实践等方面，谈谈对开展绘画教学活动的想法。</p><p>(1)美术鉴赏：鉴赏具有鲜明艺术特色、文化内涵以及与生活经验相关联的绘画作品，用美术术语表达自己的感受与理解。</p><p>  (2)美术知识：感受和认识形体的明暗、虚实和色彩的冷暖以及空间等现象，通过绘画活动学习和运用比例、构图、明暗、透视和色彩等知识。</p><p>(3)材料工具：使用多种工具、材料，体验不同的艺术效果；选择具象或抽象的绘画语言和方式表达自己的思想、情感和生活经验。</p><p>(4)创作实践：选择学习中国画、素描、水粉画、水彩画、油画、版画及卡通等绘画类别中的某种基本技法、表现形式，并进行创作实践。</p>', '0');
DELETE FROM edu_course_exercise_comment WHERE id='2086882';
INSERT INTO edu_course_exercise_comment (id, path, course_exercise_qa_id, comment) VALUES ('2086882', ',2086882', '2086882', '<p>绘画是以一定的材料和工具，运用造型的方法和手段进行美术创造的活动。接下来从美术鉴赏、美术知识、材料工具、创作实践等方面，谈谈对开展绘画教学活动的想法。</p><p>(1)美术鉴赏：鉴赏具有鲜明艺术特色、文化内涵以及与生活经验相关联的绘画作品，用美术术语表达自己的感受与理解。</p><p>  (2)美术知识：感受和认识形体的明暗、虚实和色彩的冷暖以及空间等现象，通过绘画活动学习和运用比例、构图、明暗、透视和色彩等知识。</p><p>(3)材料工具：使用多种工具、材料，体验不同的艺术效果；选择具象或抽象的绘画语言和方式表达自己的思想、情感和生活经验。</p><p>(4)创作实践：选择学习中国画、素描、水粉画、水彩画、油画、版画及卡通等绘画类别中的某种基本技法、表现形式，并进行创作实践。</p>');
DELETE FROM edu_course_exercise WHERE id='2087084';
INSERT INTO edu_course_exercise (id, question_type, course_id, content, easy_error, source, checked, is_pk) VALUES ('2087084', '12', '60606060', '<p>列举三种美术学习评价的方法。</p>', '', '2014年下半年教师资格证考试《初中美术》题第30题', '1', '0');
DELETE FROM edu_course_exercise_qa WHERE id='2087084';
INSERT INTO edu_course_exercise_qa (id, course_exercise_id, type, question, cando, answer, total_score) VALUES ('2087084', '2087084', '12', '', '1', '<p>（1）注重美术学习表现的评价。不仅依据美术作业评价学生美术学习的结果，而且通过考查学生在美术学习过程中的表现，评价其在美术学习能力、学习态度、情感和价值观等方面的发展，突出评价的整体性和综合性。评价可以采用个人、小组或团体的方式，在学习过程中进行或在学习结束后进行，并以适当的方式向学生反馈评价的结果，以鼓励多样化的学习方式。</p><p>（2）采用多种评价方式评价美术作业。鼓励采用学生自评、互评、教师评以及座谈等方式对学生的美术作业进行评价。评价结果可以是分数、等级或评语，也可以是评语与等级相结合的方式。对学生美术作业的评价可以从创作构思、表现方式及技能等方面进行，既要充分肯定学生的进步和发展，也要使学生明确需要克服的弱点并找到发展的方向。</p><p>（3）鼓励运用美术学习档案袋、展示和课堂讨论等质性评价方法。美术学习档案袋是一种用来记录学生整个美术成长过程的资料夹。学生在档案袋中汇集美术学习全过程的资料，包括研习记录、构想草图、设计方案、创作过程的说明、自我反思（如对自己的学习历程与作品特征的描述、评价、改进的设想）、他人（如教师、同学、家长）的评价等。</p>', '0');
DELETE FROM edu_course_exercise_comment WHERE id='2087084';
INSERT INTO edu_course_exercise_comment (id, path, course_exercise_qa_id, comment) VALUES ('2087084', ',2087084', '2087084', '<p>（1）注重美术学习表现的评价。不仅依据美术作业评价学生美术学习的结果，而且通过考查学生在美术学习过程中的表现，评价其在美术学习能力、学习态度、情感和价值观等方面的发展，突出评价的整体性和综合性。评价可以采用个人、小组或团体的方式，在学习过程中进行或在学习结束后进行，并以适当的方式向学生反馈评价的结果，以鼓励多样化的学习方式。</p><p>（2）采用多种评价方式评价美术作业。鼓励采用学生自评、互评、教师评以及座谈等方式对学生的美术作业进行评价。评价结果可以是分数、等级或评语，也可以是评语与等级相结合的方式。对学生美术作业的评价可以从创作构思、表现方式及技能等方面进行，既要充分肯定学生的进步和发展，也要使学生明确需要克服的弱点并找到发展的方向。</p><p>（3）鼓励运用美术学习档案袋、展示和课堂讨论等质性评价方法。美术学习档案袋是一种用来记录学生整个美术成长过程的资料夹。学生在档案袋中汇集美术学习全过程的资料，包括研习记录、构想草图、设计方案、创作过程的说明、自我反思（如对自己的学习历程与作品特征的描述、评价、改进的设想）、他人（如教师、同学、家长）的评价等。</p>');
DELETE FROM edu_course_exercise WHERE id='2087152';
INSERT INTO edu_course_exercise (id, question_type, course_id, content, easy_error, source, checked, is_pk) VALUES ('2087152', '12', '60606060', '<p>简述中国绘画史中的“徐黄异体”。</p>', '', '2013年下半年教师资格证考试《初中美术》题第27题', '1', '0');
DELETE FROM edu_course_exercise_qa WHERE id='2087152';
INSERT INTO edu_course_exercise_qa (id, course_exercise_id, type, question, cando, answer, total_score) VALUES ('2087152', '2087152', '12', '', '1', '<p>“徐黄异体”是指宋代郭若虚对五代画家徐熙、黄筌两位画家画风不同的评价。徐熙、黄筌同是花鸟画家，因此常被后人加以比较。</p><p>（1）徐熙，五代南唐杰出画家。作品多表现山野风物，追求写意画法，画风恣肆潇洒。绘画取材多为民间汀花水鸟，所作花木禽鸟，形骨轻秀，朴素自然，清新淡雅，独创“落墨法”，风格&quot;清新洒脱&quot;。用笔注重墨骨勾勒，淡施色彩，流露潇洒的风格，故后人以“徐熙野逸”称之。</p><p>（2）黄荃，五代时西蜀画院的宫廷画家，多描绘宫廷苑囿中的珍禽奇花，画法精细，以轻色渲染而成。所画禽鸟造型正确，骨肉兼备，形象丰满，赋色浓丽，钩勒精细，几乎不见笔迹。所作花鸟妙在赋色，似轻色染成，用笔极新细，以色彩多次渲染，细致而华丽。人称“黄家富贵”。</p>', '0');
DELETE FROM edu_course_exercise_comment WHERE id='2087152';
INSERT INTO edu_course_exercise_comment (id, path, course_exercise_qa_id, comment) VALUES ('2087152', ',2087152', '2087152', '<p>“徐黄异体”是指宋代郭若虚对五代画家徐熙、黄筌两位画家画风不同的评价。徐熙、黄筌同是花鸟画家，因此常被后人加以比较。</p><p>（1）徐熙，五代南唐杰出画家。作品多表现山野风物，追求写意画法，画风恣肆潇洒。绘画取材多为民间汀花水鸟，所作花木禽鸟，形骨轻秀，朴素自然，清新淡雅，独创“落墨法”，风格&quot;清新洒脱&quot;。用笔注重墨骨勾勒，淡施色彩，流露潇洒的风格，故后人以“徐熙野逸”称之。</p><p>（2）黄荃，五代时西蜀画院的宫廷画家，多描绘宫廷苑囿中的珍禽奇花，画法精细，以轻色渲染而成。所画禽鸟造型正确，骨肉兼备，形象丰满，赋色浓丽，钩勒精细，几乎不见笔迹。所作花鸟妙在赋色，似轻色染成，用笔极新细，以色彩多次渲染，细致而华丽。人称“黄家富贵”。</p>');
DELETE FROM edu_course_exercise WHERE id='2087164';
INSERT INTO edu_course_exercise (id, question_type, course_id, content, easy_error, source, checked, is_pk) VALUES ('2087164', '12', '60606060', '<p>《义务教育美术课程标准(2011年版)》在“评价建议”中提出，“采用多种评价方式评价美术作业”。其中，“多种”指的是什么?</p>', '', '2013年下半年教师资格证考试《初中美术》题第30题', '1', '0');
DELETE FROM edu_course_exercise_qa WHERE id='2087164';
INSERT INTO edu_course_exercise_qa (id, course_exercise_id, type, question, cando, answer, total_score) VALUES ('2087164', '2087164', '12', '', '1', '<p>“采用多种评价方式评价美术作业”中的“多种”是指鼓励采用学生自评、互评、教师评以及座谈等方式对学生的美术作业进行评价。评价结果可以是分数、等级或评语，也可以是评语与等级相结合的方式。对学生美术作业的评价可以从创作构思、表现方式及技能等方面进行，既要充分肯定学生的进步和发展，也要使学生明确需要克服的弱点并找到发展的方向。</p>', '0');
DELETE FROM edu_course_exercise_comment WHERE id='2087164';
INSERT INTO edu_course_exercise_comment (id, path, course_exercise_qa_id, comment) VALUES ('2087164', ',2087164', '2087164', '<p>“采用多种评价方式评价美术作业”中的“多种”是指鼓励采用学生自评、互评、教师评以及座谈等方式对学生的美术作业进行评价。评价结果可以是分数、等级或评语，也可以是评语与等级相结合的方式。对学生美术作业的评价可以从创作构思、表现方式及技能等方面进行，既要充分肯定学生的进步和发展，也要使学生明确需要克服的弱点并找到发展的方向。</p>');
DELETE FROM edu_course_exercise WHERE id='2087382';
INSERT INTO edu_course_exercise (id, question_type, course_id, content, easy_error, source, checked, is_pk) VALUES ('2087382', '12', '60606060', '<p>简述“海上画派”。</p>', '', '2013年上半年教师资格证考试《初中美术》题第27题', '1', '0');
DELETE FROM edu_course_exercise_qa WHERE id='2087382';
INSERT INTO edu_course_exercise_qa (id, course_exercise_id, type, question, cando, answer, total_score) VALUES ('2087382', '2087382', '12', '', '1', '<p>（1）海上画派，国画画派之一，又称“海派”，或“沪派”，一般指的是发生于十九世纪中至二十世纪初期，一群画家活跃于上海地区，并从事绘画创作的人物。</p><p>（2）“海派”善于把诗书画一体的文人画传统与民间美术传统结合起来，又从古代刚健雄强的金石艺术中吸取营养，描写民间喜闻乐见的题材，将明清以来大写意水墨画技艺和强烈的色彩相结合，形成雅俗共赏的新风貌。</p><p>（3）主要代表人物有：虚谷、任伯年、吴昌硕和蒲华等。</p>', '0');
DELETE FROM edu_course_exercise_comment WHERE id='2087382';
INSERT INTO edu_course_exercise_comment (id, path, course_exercise_qa_id, comment) VALUES ('2087382', ',2087382', '2087382', '<p>（1）海上画派，国画画派之一，又称“海派”，或“沪派”，一般指的是发生于十九世纪中至二十世纪初期，一群画家活跃于上海地区，并从事绘画创作的人物。</p><p>（2）“海派”善于把诗书画一体的文人画传统与民间美术传统结合起来，又从古代刚健雄强的金石艺术中吸取营养，描写民间喜闻乐见的题材，将明清以来大写意水墨画技艺和强烈的色彩相结合，形成雅俗共赏的新风貌。</p><p>（3）主要代表人物有：虚谷、任伯年、吴昌硕和蒲华等。</p>');
DELETE FROM edu_course_exercise WHERE id='2087398';
INSERT INTO edu_course_exercise (id, question_type, course_id, content, easy_error, source, checked, is_pk) VALUES ('2087398', '12', '60606060', '<p>简述美术合作学习的分组原则。</p>', '', '2013年上半年教师资格证考试《初中美术》题第29题', '1', '0');
DELETE FROM edu_course_exercise_qa WHERE id='2087398';
INSERT INTO edu_course_exercise_qa (id, course_exercise_id, type, question, cando, answer, total_score) VALUES ('2087398', '2087398', '12', '', '1', '<p>合作学习，首先需要考虑就是学生分组的问题，这也是合作学习是否取得成功的前提。良好的分组合作可以使的同学之间相互学习、共同进步。具体分组原则有以下几方面：</p><p>（1）同组异质：将不同层次的学生搭配分组，这样有利于同学之间互帮互助、共同进步。结合美术学科特点，分组可以从以下几个因素考虑：美术基础、性格差异、性别、班干部、学习态度等。</p><p>（2）异组同质：保持组与组之间的相对均衡性，不仅有利于组际间的交流和竞争，还有利于对各组学习活动的评价。所以在分组后要使的各个美术活动小组的综合实力相对统一。</p>', '0');
DELETE FROM edu_course_exercise_comment WHERE id='2087398';
INSERT INTO edu_course_exercise_comment (id, path, course_exercise_qa_id, comment) VALUES ('2087398', ',2087398', '2087398', '<p>合作学习，首先需要考虑就是学生分组的问题，这也是合作学习是否取得成功的前提。良好的分组合作可以使的同学之间相互学习、共同进步。具体分组原则有以下几方面：</p><p>（1）同组异质：将不同层次的学生搭配分组，这样有利于同学之间互帮互助、共同进步。结合美术学科特点，分组可以从以下几个因素考虑：美术基础、性格差异、性别、班干部、学习态度等。</p><p>（2）异组同质：保持组与组之间的相对均衡性，不仅有利于组际间的交流和竞争，还有利于对各组学习活动的评价。所以在分组后要使的各个美术活动小组的综合实力相对统一。</p>');
DELETE FROM edu_course_exercise WHERE id='2087414';
INSERT INTO edu_course_exercise (id, question_type, course_id, content, easy_error, source, checked, is_pk) VALUES ('2087414', '12', '60606060', '<p>“元四家”是指哪四位画家？他们在艺术上的共同特点是什么？</p>', '', '2014年上半年教师资格证考试《初中美术》题第27题', '1', '0');
DELETE FROM edu_course_exercise_qa WHERE id='2087414';
INSERT INTO edu_course_exercise_qa (id, course_exercise_id, type, question, cando, answer, total_score) VALUES ('2087414', '2087414', '12', '', '1', '<p>“元四家”是指黄公望、吴镇、倪瓒和王蒙。</p><p>他们都是江浙一带的文人，都擅长水墨山水，又兼工竹石，以绘画作品鲜明地表现自己的心境和生活情趣，强调以画“自娱”，注重主观性。情的抒发，突出绘画的文学趣味，诗书画的结合达到统一和谐。在笔墨方面各有独特创造，使画面效果更加符合文人的理想，从而开创了一代新风，形成了以“文人画”为主流的山水画派。</p>', '0');
DELETE FROM edu_course_exercise_comment WHERE id='2087414';
INSERT INTO edu_course_exercise_comment (id, path, course_exercise_qa_id, comment) VALUES ('2087414', ',2087414', '2087414', '<p>“元四家”是指黄公望、吴镇、倪瓒和王蒙。</p><p>他们都是江浙一带的文人，都擅长水墨山水，又兼工竹石，以绘画作品鲜明地表现自己的心境和生活情趣，强调以画“自娱”，注重主观性。情的抒发，突出绘画的文学趣味，诗书画的结合达到统一和谐。在笔墨方面各有独特创造，使画面效果更加符合文人的理想，从而开创了一代新风，形成了以“文人画”为主流的山水画派。</p>');
DELETE FROM edu_course_exercise WHERE id='2087418';
INSERT INTO edu_course_exercise (id, question_type, course_id, content, easy_error, source, checked, is_pk) VALUES ('2087418', '12', '60606060', '<p>一节美术欣赏课的教学要点有哪些？</p>', '', '2014年上半年教师资格证考试《初中美术》题第29题', '1', '0');
DELETE FROM edu_course_exercise_qa WHERE id='2087418';
INSERT INTO edu_course_exercise_qa (id, course_exercise_id, type, question, cando, answer, total_score) VALUES ('2087418', '2087418', '12', '', '1', '<p>1、“欣赏·评述”学习领域是指学生通过对自然美、美术作品和美术现象等进行观察、描述和分析，逐步形成审美趣味和美术欣赏能力的学习领域。</p><p>2、欣赏·评述是学生终身的事情，因此，欣赏课的教学要点应该放在鉴赏能力和方法的培养上。</p><p>3、学生除了通过欣赏获得审美愉悦之外，还应认知作品的思想内涵、形式与风格特征，相关的历史与社会背景，以及作者的思想、情感和创造性的劳动，并用语言、文字、动作等多种方式表达自己的感受与认识。</p>', '0');
DELETE FROM edu_course_exercise_comment WHERE id='2087418';
INSERT INTO edu_course_exercise_comment (id, path, course_exercise_qa_id, comment) VALUES ('2087418', ',2087418', '2087418', '<p>1、“欣赏·评述”学习领域是指学生通过对自然美、美术作品和美术现象等进行观察、描述和分析，逐步形成审美趣味和美术欣赏能力的学习领域。</p><p>2、欣赏·评述是学生终身的事情，因此，欣赏课的教学要点应该放在鉴赏能力和方法的培养上。</p><p>3、学生除了通过欣赏获得审美愉悦之外，还应认知作品的思想内涵、形式与风格特征，相关的历史与社会背景，以及作者的思想、情感和创造性的劳动，并用语言、文字、动作等多种方式表达自己的感受与认识。</p>');
DELETE FROM edu_course_exercise WHERE id='2089228';
INSERT INTO edu_course_exercise (id, question_type, course_id, content, easy_error, source, checked, is_pk) VALUES ('2089228', '12', '70707070', '<p>前不久，教育部提出《小学生减负十条规定》，并公开征求意见。其中“小学不留书面式家庭作业”“一至三年级不举行任何形式的统一考试”等规定引发了杜会广泛讨论。有人认为这会从根本上削弱基础教育的质量。</p><p>请从“减轻学生过重的课业负担”和“提高教育教学质量”的角度，谈谈你对上述规定的看法。</p>', '', '2013年江苏省徐州市教师招聘考试题第40题', '1', '0');
DELETE FROM edu_course_exercise_qa WHERE id='2089228';
INSERT INTO edu_course_exercise_qa (id, course_exercise_id, type, question, cando, answer, total_score) VALUES ('2089228', '2089228', '12', '', '1', '<p>结合案例，材料中有人认为这样的规定会从根本上削弱基础教育的质量的看法是错误的。《小学生减负十条规定》有助于减轻小学生课业方面的负担，对学生进行素质教育，以提高教育教学质量为手段，促进学生全方面发展。</p><p>素质教育观要求我们促进学生的全面发展。材料中有人认为“减负”会削弱基础教育质量，是错误的将作业、考试与教育质量相结合。“减负”的目的是要全面提高教育教学质量，培养面向21世纪的具有高素质的一代新人。素质教育是依据人的发展和社会发展的实际需要，以全面提高全体学生的基本素质为根本目的，促进学生全面发展的教育，也是促进学生个性发展的教育。“不留书面式家庭作业”“一至三年级不举行任何形式的统一考试”是对切实将素质教育观的要求落到了实处，，更有助于学生自身的全面发展，实现素质教育的要求。</p><p>新课程改革的评价体系要求发展性评价，不要只注重学生的作业情况。不留作业、不进行统一考试并非意味着不对学生进行评价。新课程改革强调建立与素质教育理念相一致的评价与考试制度：（1）评价主体的多元化；（2）评价内容综合化；（3）评价过程的动态化；（4）评价方式的多样化。评价与考试制度的改革改变了传统的以完成作业的数量和考试成绩的高低判定学生的优秀与否的情况，而是多元化的评价学生，这样能够帮助家长和教师正确的看待学生，促进学生的全面发展。</p><p>综上所述，《小学生减负十条规定》并非是在削弱基础教育的质量，反而是从根本上解决学生课业负担重的问题，同时也能够促进教育教学质量的提升，将学生培养成为全面发展的具有高素质的一代新人。</p>', '5');
DELETE FROM edu_course_exercise_comment WHERE id='2089228';
INSERT INTO edu_course_exercise_comment (id, path, course_exercise_qa_id, comment) VALUES ('2089228', ',2089228', '2089228', '<p>第一：根据问题回归材料；第二：结合材料和问题进行分析。</p>');
DELETE FROM edu_course_exercise WHERE id='2089302';
INSERT INTO edu_course_exercise (id, question_type, course_id, content, easy_error, source, checked, is_pk) VALUES ('2089302', '12', '70707070', '<p>教育目的</p>', '', '2014年河北省沧州市运河区教师招聘考试题第11题', '1', '0');
DELETE FROM edu_course_exercise_qa WHERE id='2089302';
INSERT INTO edu_course_exercise_qa (id, course_exercise_id, type, question, cando, answer, total_score) VALUES ('2089302', '2089302', '12', '', '1', '<p>广义的教育目的是指人们对受教育者的期望，即人们希望受教育者通过教育在身心诸方面发生什么样的变化，或者产生怎样的结果。</p><p>狭义的教育目的是指各级各类学校在国家对受教育者培养的总的要求指导下，对人才培养的质量和规格上的具体要求。</p>', '0');
DELETE FROM edu_course_exercise_comment WHERE id='2089302';
INSERT INTO edu_course_exercise_comment (id, path, course_exercise_qa_id, comment) VALUES ('2089302', ',2089302', '2089302', '<p>广义的教育目的是指人们对受教育者的期望，即人们希望受教育者通过教育在身心诸方面发生什么样的变化，或者产生怎样的结果。</p><p>狭义的教育目的是指各级各类学校在国家对受教育者培养的总的要求指导下，对人才培养的质量和规格上的具体要求。</p>');
DELETE FROM edu_course_exercise WHERE id='2089326';
INSERT INTO edu_course_exercise (id, question_type, course_id, content, easy_error, source, checked, is_pk) VALUES ('2089326', '12', '70707070', '<p>学习迁移</p>', '', '2014年河北省沧州市运河区教师招聘考试题第14题', '1', '0');
DELETE FROM edu_course_exercise_qa WHERE id='2089326';
INSERT INTO edu_course_exercise_qa (id, course_exercise_id, type, question, cando, answer, total_score) VALUES ('2089326', '2089326', '12', '', '1', '<p>学习迁移也称训练迁移，是指一种学习对另一种学习的影响，或习得的经验对完成其他活动的影响，如通常所说的“举一反三”“触类旁通”。</p>', '0');
DELETE FROM edu_course_exercise_comment WHERE id='2089326';
INSERT INTO edu_course_exercise_comment (id, path, course_exercise_qa_id, comment) VALUES ('2089326', ',2089326', '2089326', '<p>学习迁移也称训练迁移，是指一种学习对另一种学习的影响，或习得的经验对完成其他活动的影响，如通常所说的“举一反三”“触类旁通”。</p>');
DELETE FROM edu_course_exercise WHERE id='2089340';
INSERT INTO edu_course_exercise (id, question_type, course_id, content, easy_error, source, checked, is_pk) VALUES ('2089340', '12', '70707070', '<p>教学任务有哪些？</p>', '', '2014年河北省沧州市运河区教师招聘考试题第16题', '1', '0');
DELETE FROM edu_course_exercise_qa WHERE id='2089340';
INSERT INTO edu_course_exercise_qa (id, course_exercise_id, type, question, cando, answer, total_score) VALUES ('2089340', '2089340', '12', '', '1', '<p>教学任务有：</p><p>（1）引导学生掌握科学文化基础知识和基本技能；</p><p>（2）发展学生智力，培养学生的创造力和实践能力；</p><p>（3）发展学生体力，提高学生的健康水平；</p><p>（4）培养小学生高尚的审美情趣，养成良好的思想品德，形成科学的世界观和良好的个性心理品质。</p>', '0');
DELETE FROM edu_course_exercise_comment WHERE id='2089340';
INSERT INTO edu_course_exercise_comment (id, path, course_exercise_qa_id, comment) VALUES ('2089340', ',2089340', '2089340', '<p>教学任务有：</p><p>（1）引导学生掌握科学文化基础知识和基本技能；</p><p>（2）发展学生智力，培养学生的创造力和实践能力；</p><p>（3）发展学生体力，提高学生的健康水平；</p><p>（4）培养小学生高尚的审美情趣，养成良好的思想品德，形成科学的世界观和良好的个性心理品质。</p>');
DELETE FROM edu_course_exercise WHERE id='2089542';
INSERT INTO edu_course_exercise (id, question_type, course_id, content, easy_error, source, checked, is_pk) VALUES ('2089542', '12', '70707070', '<p>请简述组织教学过程中需要设计的程序性事项有哪些？并举实例说明其中的任一程序性事项。</p>', '', '2014年江苏省连云港市海州区教师招聘考试题第53题', '1', '0');
DELETE FROM edu_course_exercise_qa WHERE id='2089542';
INSERT INTO edu_course_exercise_qa (id, course_exercise_id, type, question, cando, answer, total_score) VALUES ('2089542', '2089542', '12', '', '1', '<p>（1）教学是有一定程序结构的。在教学程序中，学生的学习随事先设计的教学情境而进行，教师安排的程序性事项就是教学事项。加涅指出，在教学中，要依次完成以下九大教学事项。</p><p>①引起学生注意。</p><p>②提示教学目标。</p><p>③唤起先前经验。</p><p>④呈现教学内容。</p><p>⑤提供学习指导。</p><p>⑥展现学习行为。</p><p>⑦适时给予反馈。</p><p>⑧评定学习结果。</p><p>⑨加强记忆与学习迁移。</p><p>（2）举例：以引起学生注意教学事项为例。</p><p>引起学生注意是教学过程中的首要事件。教师可以通过三种方式来引起学生的注意：第一，激发求知欲，即由教师提出问题，学生们为了知道问题的答案，就会集中注意于教师的讲解以及其他相关的教学活动。第二，变化教学情境，即通过教学媒体，提高教学的直观性和形象性，促进学生的感知和思维活动。第三，配合学生经验，即从学生最关心的问题入手，结合日常生活经验，然后转到所教主题之上。</p><p>例子：地理课，老师讲自然灾害，为了引起学生的注意，增强主观感受，可以播放关于九寨沟地震或者汶川地震的视频，增强主观感受，激发学生注意力和思考。</p>', '9');
DELETE FROM edu_course_exercise_comment WHERE id='2089542';
INSERT INTO edu_course_exercise_comment (id, path, course_exercise_qa_id, comment) VALUES ('2089542', ',2089542', '2089542', '<p>（1）教学是有一定程序结构的。在教学程序中，学生的学习随事先设计的教学情境而进行，教师安排的程序性事项就是教学事项。加涅指出，在教学中，要依次完成以下九大教学事项。</p><p>①引起学生注意。</p><p>②提示教学目标。</p><p>③唤起先前经验。</p><p>④呈现教学内容。</p><p>⑤提供学习指导。</p><p>⑥展现学习行为。</p><p>⑦适时给予反馈。</p><p>⑧评定学习结果。</p><p>⑨加强记忆与学习迁移。</p><p>（2）举例：以引起学生注意教学事项为例。</p><p>引起学生注意是教学过程中的首要事件。教师可以通过三种方式来引起学生的注意：第一，激发求知欲，即由教师提出问题，学生们为了知道问题的答案，就会集中注意于教师的讲解以及其他相关的教学活动。第二，变化教学情境，即通过教学媒体，提高教学的直观性和形象性，促进学生的感知和思维活动。第三，配合学生经验，即从学生最关心的问题入手，结合日常生活经验，然后转到所教主题之上。</p><p>例子：地理课，老师讲自然灾害，为了引起学生的注意，增强主观感受，可以播放关于九寨沟地震或者汶川地震的视频，增强主观感受，激发学生注意力和思考。</p>');
DELETE FROM edu_course_exercise WHERE id='2089708';
INSERT INTO edu_course_exercise (id, question_type, course_id, content, easy_error, source, checked, is_pk) VALUES ('2089708', '12', '70707070', '<p>校本课程</p>', '', '2014年江苏省泰州市海陵区教师招聘考试题第22题', '1', '0');
DELETE FROM edu_course_exercise_qa WHERE id='2089708';
INSERT INTO edu_course_exercise_qa (id, course_exercise_id, type, question, cando, answer, total_score) VALUES ('2089708', '2089708', '12', '', '1', '<p>校本课程是学校在确保国家课程和地方课程有效实施的前提下，针对学生的兴趣和需要，结合学校的传统和优势及办学理念，充分利用学校和社区的课程资源，自主开发或选用的课程。其主导价值在于通过课程展示学校的办学宗旨和特色。</p>', '0');
DELETE FROM edu_course_exercise_comment WHERE id='2089708';
INSERT INTO edu_course_exercise_comment (id, path, course_exercise_qa_id, comment) VALUES ('2089708', ',2089708', '2089708', '<p>校本课程是学校在确保国家课程和地方课程有效实施的前提下，针对学生的兴趣和需要，结合学校的传统和优势及办学理念，充分利用学校和社区的课程资源，自主开发或选用的课程。其主导价值在于通过课程展示学校的办学宗旨和特色。</p>');
DELETE FROM edu_course_exercise WHERE id='2089720';
INSERT INTO edu_course_exercise (id, question_type, course_id, content, easy_error, source, checked, is_pk) VALUES ('2089720', '12', '70707070', '<p>性格</p>', '', '2014年江苏省泰州市海陵区教师招聘考试题第23题', '1', '0');
DELETE FROM edu_course_exercise_qa WHERE id='2089720';
INSERT INTO edu_course_exercise_qa (id, course_exercise_id, type, question, cando, answer, total_score) VALUES ('2089720', '2089720', '12', '', '1', '<p>性格是指人的较稳定的态度与习惯化了的行为方式相结合而形成的人格特征。性格是个性的核心，具有独特性，在个性心理特征中具有核心意义。它是一个人心理面貌本质属性的独特结合，是人与人相互区别的主要方面。</p>', '0');
DELETE FROM edu_course_exercise_comment WHERE id='2089720';
INSERT INTO edu_course_exercise_comment (id, path, course_exercise_qa_id, comment) VALUES ('2089720', ',2089720', '2089720', '<p>性格是指人的较稳定的态度与习惯化了的行为方式相结合而形成的人格特征。性格是个性的核心，具有独特性，在个性心理特征中具有核心意义。它是一个人心理面貌本质属性的独特结合，是人与人相互区别的主要方面。</p>');
DELETE FROM edu_course_exercise WHERE id='210327440792';
INSERT INTO edu_course_exercise (id, question_type, course_id, content, easy_error, source, checked, is_pk) VALUES ('210327440792', '12', '91919191', '<p>下面是某初中课堂教学片段。</p><p><img width="700px" height="274px" src="https://fb.fbstatic.cn/api/tarzan/images/15f04269e05e53b.png?width=700" /></p><p>根据上面所提供的信息，从下面四个方面作答：</p>', '', '2016年上半年教师资格证考试《初中英语》题第32题', '1', '0');
DELETE FROM edu_course_exercise_qa WHERE id='2103274';
INSERT INTO edu_course_exercise_qa (id, course_exercise_id, type, question, cando, answer, total_score) VALUES ('2103274', '210327440792', '12', '<p>（1）此教学片段的教学目标是什么？</p>', '1', '<p>（1）此教学片段的教学目标</p><p>知识目标：学生能够熟练运用have/has been to 以及have/has gone to，并能够听懂会用重要句型：How many times has he/she been to…? 以及用He/ She has gone to / been to… 进行应答。能力目标：通过师生交流，能够提高学生的听说读等能力并且能够提高语言思维能力和初步运用英语进行交际的能力，并能够在相似的生活情境中运用所学语言的能力。情感目标：通过师生回答，学生能够了解和关心他人。</p>', '5');
DELETE FROM edu_course_exercise_qa WHERE id='210327454';
INSERT INTO edu_course_exercise_qa (id, course_exercise_id, type, question, cando, answer, total_score) VALUES ('210327454', '210327440792', '12', '<p>（2）教师采用了何种教学方法？</p>', '1', '<p>（2）教师采用了情境教学法</p><p>在课堂中，教师通过展示图片，导入情境，引起学生的情感体验，帮助学生理解重要句型，并让学生在情景中运用主要句型，从而实现教学目标。</p>', '5');
DELETE FROM edu_course_exercise_qa WHERE id='210327454545';
INSERT INTO edu_course_exercise_qa (id, course_exercise_id, type, question, cando, answer, total_score) VALUES ('210327454545', '210327440792', '12', '<p>（4）提出两条主要建议，解决该教学方法可能带来的问题。</p>', '1', '<p>（4）建议</p><p>① 加大对语义的关注，可以在完成对话以后运用归纳法帮助学生归纳出语法规则，使其真正理解和运用所学知识。</p><p>② 改善情境设计的虚构特点，在课堂上可以通过同桌或小组练习让学生真正融入到情境中去，从而内化成自己的知识。</p>', '10');
DELETE FROM edu_course_exercise_qa WHERE id='21032745458';
INSERT INTO edu_course_exercise_qa (id, course_exercise_id, type, question, cando, answer, total_score) VALUES ('21032745458', '210327440792', '12', '<p>（3）该教学方法有何优缺点？</p>', '1', '<p>（3）情境教学法的优缺点</p><p>优点：</p><p>① 情境教学法能够激发学生学习的兴趣和欲望，改变以往陈旧的单一的教学方式，有利于提高学习效率。</p><p>② 情境教学法在语法教学中的应用，改变了以往单纯记忆语法规则的学习方式，将枯燥的语法规则融入到一定的语言情境中，使教学呈现更加真实化和生动化，有利于学生的消化理解。</p><p>③ 情境教学法针对性强。这种方式更有利于教师发现教学中存在的问题，及时掌握教学效果，并对教学内容作出相应的调整，提高效率。</p><p>缺点：</p><p>① 学生被动接受老师提供的语言情境。</p><p>② 过分强调目的语的机械训练，对语义的重视不足。</p><p>③ 虚拟的情境，不能满足学生语言交际的实际需要。</p>', '10');
DELETE FROM edu_course_exercise_comment WHERE id='2103274';
INSERT INTO edu_course_exercise_comment (id, path, course_exercise_qa_id, comment) VALUES ('2103274', ',2103274', '2103274', '<p>第一题是教学目标，教学目标要从三维目标：知识目标、技能目标、情感目标来回答；第二题根据师生对话能够看出是教师设置了一个情境，运用了情境教学法；第三题情境教学法的优缺点，这里要分开来答；第四题主要针对情境教学法的缺点来提出两条建议，这里可以展开来说建议。</p>');
DELETE FROM edu_course_exercise_comment WHERE id='210327454';
INSERT INTO edu_course_exercise_comment (id, path, course_exercise_qa_id, comment) VALUES ('210327454', ',210327454', '210327454', '<p>第一题是教学目标，教学目标要从三维目标：知识目标、技能目标、情感目标来回答；第二题根据师生对话能够看出是教师设置了一个情境，运用了情境教学法；第三题情境教学法的优缺点，这里要分开来答；第四题主要针对情境教学法的缺点来提出两条建议，这里可以展开来说建议。</p>');
DELETE FROM edu_course_exercise_comment WHERE id='210327454545';
INSERT INTO edu_course_exercise_comment (id, path, course_exercise_qa_id, comment) VALUES ('210327454545', ',210327454545', '210327454545', '<p>第一题是教学目标，教学目标要从三维目标：知识目标、技能目标、情感目标来回答；第二题根据师生对话能够看出是教师设置了一个情境，运用了情境教学法；第三题情境教学法的优缺点，这里要分开来答；第四题主要针对情境教学法的缺点来提出两条建议，这里可以展开来说建议。</p>');
DELETE FROM edu_course_exercise_comment WHERE id='21032745458';
INSERT INTO edu_course_exercise_comment (id, path, course_exercise_qa_id, comment) VALUES ('21032745458', ',21032745458', '21032745458', '<p>第一题是教学目标，教学目标要从三维目标：知识目标、技能目标、情感目标来回答；第二题根据师生对话能够看出是教师设置了一个情境，运用了情境教学法；第三题情境教学法的优缺点，这里要分开来答；第四题主要针对情境教学法的缺点来提出两条建议，这里可以展开来说建议。</p>');
DELETE FROM edu_course_exercise WHERE id='2103624';
INSERT INTO edu_course_exercise (id, question_type, course_id, content, easy_error, source, checked, is_pk) VALUES ('2103624', '12', '91919191', '<p>简述组织小组活动的注意事项，教师应发挥的两个角色，应具备的两个能力。</p>', '', '2016年下半年教师资格证考试《初中英语》题第31题', '1', '0');
DELETE FROM edu_course_exercise_qa WHERE id='2103624';
INSERT INTO edu_course_exercise_qa (id, course_exercise_id, type, question, cando, answer, total_score) VALUES ('2103624', '2103624', '12', '', '1', '<p>（1）《新课程标准》指出：教师在课堂上要培养学生的自主学习能力和创新能力，在学生中开展合作学习和探究学习。小组活动是学生分享资源，互助合作，解决问题的有效方式，但教师应该注意以下几点：</p><p>一要明确活动目的。小组活动并不是简简单单活跃课堂气氛，也不是公开场合做做样子，小组活动对于转变学生的学习方式很重要，是迈向自主学习的关键一步，教师明白了它的重要性就会改变传统模式，才会潜意识地提倡和运用它，并根据自己班级的特点调整小组活动，使之更加有效。</p><p>二是要合理分组。教师的分组要根据学生的不同特点来进行。学生发展具有差异性，包括外部差异和内部差异。根据这个规律教师一般可以采用下面的两种方法。</p><p>①由4 到6 人根据性别、性格特点、学习成绩、纪律情况等方面的差异建立相对稳定的学习小组，以保证内部各成员的差异性和互补性。</p><p>②根据小组水平基本一致来分，以保证小组之间竞争的公平性。一方面使小组内部的构成达到合理配置，另一方面又使小组处于大体上相当的水平，有利于增强小组在竞争中获胜的信心，促进小组成员参与竞赛的积极性和主动性，有利于自主学习能力的发展。</p><p>三是要给出具体的活动时间。让学生在特定的时间内达成相应的活动目的，可以提高小组活动的效率，锻炼学生合作学习的能力。</p><p>（2）教师的主要角色有指导者和控制者</p><p>在学生明确任务阶段教师要给予相应的指导。教师要指导小组民主选举小组长、记录员，并使小组长明确自己的职责，在此基础上组织小组活动。教师应该及时掌握小组的学习情况，及时调控，教师也应该使小组成员都明白自己既是小组的参与者也是观众，在别人发言时要注意倾听，在小组中明确自己的职责，协助其他成员共同完成任务。</p><p>在学生进行小组活动时，教师要发挥控制者的作用，及时对课堂进度及学生表现进行调控。应观察小组合作学习的情况，通过观察了解学生在做什么、有什么不理解的、有什么困难，如发现学生分工不清、讨论无序或者偏题时，要及时提醒纠正。</p><p>（3）教师应具备的两个主要能力是组织能力和观察能力。在小组活动中，教师要在整个活动中发挥良好的组织协调能力，组织学生进行合理分组，帮助学生明确自己的角色，合理分工。同时教师需要在整个小组活动中随时观察活动进程，关注每个小组及每个小组成员的表现，有必要时也可积极参与，这样可以给各小组必要的点拨，还可以亲近学生，拉近师生之间的距离，促进师生的情感交流，如果发现学生在过程中遇到困难，要及时排疑解难。</p>', '20');
DELETE FROM edu_course_exercise_comment WHERE id='2103624';
INSERT INTO edu_course_exercise_comment (id, path, course_exercise_qa_id, comment) VALUES ('2103624', ',2103624', '2103624', '<p>（1）《新课程标准》指出：教师在课堂上要培养学生的自主学习能力和创新能力，在学生中开展合作学习和探究学习。小组活动是学生分享资源，互助合作，解决问题的有效方式，但教师应该注意以下几点：</p><p>一要明确活动目的。小组活动并不是简简单单活跃课堂气氛，也不是公开场合做做样子，小组活动对于转变学生的学习方式很重要，是迈向自主学习的关键一步，教师明白了它的重要性就会改变传统模式，才会潜意识地提倡和运用它，并根据自己班级的特点调整小组活动，使之更加有效。</p><p>二是要合理分组。教师的分组要根据学生的不同特点来进行。学生发展具有差异性，包括外部差异和内部差异。根据这个规律教师一般可以采用下面的两种方法。</p><p>①由4 到6 人根据性别、性格特点、学习成绩、纪律情况等方面的差异建立相对稳定的学习小组，以保证内部各成员的差异性和互补性。</p><p>②根据小组水平基本一致来分，以保证小组之间竞争的公平性。一方面使小组内部的构成达到合理配置，另一方面又使小组处于大体上相当的水平，有利于增强小组在竞争中获胜的信心，促进小组成员参与竞赛的积极性和主动性，有利于自主学习能力的发展。</p><p>三是要给出具体的活动时间。让学生在特定的时间内达成相应的活动目的，可以提高小组活动的效率，锻炼学生合作学习的能力。</p><p>（2）教师的主要角色有指导者和控制者</p><p>在学生明确任务阶段教师要给予相应的指导。教师要指导小组民主选举小组长、记录员，并使小组长明确自己的职责，在此基础上组织小组活动。教师应该及时掌握小组的学习情况，及时调控，教师也应该使小组成员都明白自己既是小组的参与者也是观众，在别人发言时要注意倾听，在小组中明确自己的职责，协助其他成员共同完成任务。</p><p>在学生进行小组活动时，教师要发挥控制者的作用，及时对课堂进度及学生表现进行调控。应观察小组合作学习的情况，通过观察了解学生在做什么、有什么不理解的、有什么困难，如发现学生分工不清、讨论无序或者偏题时，要及时提醒纠正。</p><p>（3）教师应具备的两个主要能力是组织能力和观察能力。在小组活动中，教师要在整个活动中发挥良好的组织协调能力，组织学生进行合理分组，帮助学生明确自己的角色，合理分工。同时教师需要在整个小组活动中随时观察活动进程，关注每个小组及每个小组成员的表现，有必要时也可积极参与，这样可以给各小组必要的点拨，还可以亲近学生，拉近师生之间的距离，促进师生的情感交流，如果发现学生在过程中遇到困难，要及时排疑解难。</p>');
DELETE FROM edu_course_exercise WHERE id='2103628';
INSERT INTO edu_course_exercise (id, question_type, course_id, content, easy_error, source, checked, is_pk) VALUES ('2103628', '12', '91919191', '<p>设计任务：请为下列听说课文章设计教学目标、教学内容、教学重难点、教学过程及时间分配活动设计及意图。</p><p>教学时间：20 分钟</p><p>语言素材：</p><p>（1）My best friend is called Louise. She’s short and chubby. She has big eyes, a straight nose and blond hair. She has brown eyes. Louise is very funny. She likes to tell jokes. Sometimes she makes jokes in class and gets into trouble! Louise and I like to go to the movies together and we like to talk about our favorite actors, singers, etc.</p><p>（2）Alan is my best friend. He’s very strong and athletic. He loves all kinds of sports, especially soccer. He’s of medium height and thin. He has short, straight, black hair and green eyes. We like to go to watch soccer games with our friends. And we often talk about games we see on TV. Alan knows about all the players of all the teams. He’s like an encyclopedia of soccer!</p><p>（3）My best friend’s name is Penny. She is really smart. She always gets good grades at school. But she’s also a lot of fun to be with. She’s tall and rather large. She has long, straight, brown hair and brown eyes. We both like music a lot. We like to listen to music and sometimes we go to concerts together. We like to talk about the words of our favorite songs.</p>', '', '2016年下半年教师资格证考试《初中英语》题第33题', '1', '0');
DELETE FROM edu_course_exercise_qa WHERE id='2103628';
INSERT INTO edu_course_exercise_qa (id, course_exercise_id, type, question, cando, answer, total_score) VALUES ('2103628', '2103628', '12', '', '0', '<p><b>Teaching Objectives:</b></p><p><b>Knowledge objective</b></p><p>Students can learn some new words and expressions to describe a friend’s appearance, character, interest and what he/she usually does.</p><p><b>Ability objectives</b></p><p>（1） Ss can develop the ability to describe a friend’s appearance, character, interest and what you usually do.</p><p>（2） Ss can develop their listening and speaking skills. Emotional objective Ss can get a deeper understanding about friendship and strengthen the friendship with friends.</p><p><b>Teaching Key Points:</b></p><p>（1） Learn to describe a friend.</p><p>（2） Learn the listening and speaking skills.</p><p><b>Teaching Difficult Point:</b></p><p>How to describe a friend.</p><p><b>Teaching Aids:</b> multi-media</p><p><b>Teaching Procedures:</b></p><p><b>Step 1 Warming up (1 min)</b></p><p>Sing a song to（ my） students named You are my sunshine.</p><p>（Justification: It is an interesting way to arouse students’ interest of learning English. At the same time, it is related to the topic today, so teacher can lead in the topic today easily.)</p><p><b>Step 2 Pre-listening (3 min)</b></p><p>Ask students the following questions:</p><p>（1） Do you have a good friend? What’s his/her name?</p><p>（2） What’s he/she like and what does he/she usually do in life? (Justification: To foster students’ interest and make them familiar with the topic today.)</p><p><b>Step 3 While-listening (7 min)</b></p><p>Extensive listening: Find out how many friends the listening material mentioned and who they are.</p><p>(Justification: To have a general impression of the content.)</p><p>Intensive listening: Find out the characteristics of three friends and fill in the chart given on the PPT.</p><p>(Justification: To grasp the details of the passage.)</p><p><b>Step 4 Post-listening (5 min)</b></p><p>Free talk with my students:</p><p>（1） What do you think a true friend is like?</p><p>（2） What will you do if you disagree with your friends?</p><p>(Justification: To help to deepen the understanding of friendship of students.)</p><p><b>Step 5 Summary and Homework (4 min)</b></p><p><b>Summary:</b></p><p>Ask some students to summarize what they have learned today.</p><p><b>Homework:</b></p><p>Write a short passage to introduce your best friend.</p><p>(Justification: To help consolidate the knowledge in this class.)</p><p><b>Blackboard Design:</b></p><p align="center">A good friend</p><p align="center">What’s he/she like?</p><p align="center"><img width="700px" height="116px" src="https://fb.fbstatic.cn/api/tarzan/images/15f0605677e132b.png?width=700" /></p>', '0');
DELETE FROM edu_course_exercise_comment WHERE id='2103628';
INSERT INTO edu_course_exercise_comment (id, path, course_exercise_qa_id, comment) VALUES ('2103628', ',2103628', '2103628', '<p><b>Teaching Objectives:</b></p><p><b>Knowledge objective</b></p><p>Students can learn some new words and expressions to describe a friend’s appearance, character, interest and what he/she usually does.</p><p><b>Ability objectives</b></p><p>（1） Ss can develop the ability to describe a friend’s appearance, character, interest and what you usually do.</p><p>（2） Ss can develop their listening and speaking skills. Emotional objective Ss can get a deeper understanding about friendship and strengthen the friendship with friends.</p><p><b>Teaching Key Points:</b></p><p>（1） Learn to describe a friend.</p><p>（2） Learn the listening and speaking skills.</p><p><b>Teaching Difficult Point:</b></p><p>How to describe a friend.</p><p><b>Teaching Aids:</b> multi-media</p><p><b>Teaching Procedures:</b></p><p><b>Step 1 Warming up (1 min)</b></p><p>Sing a song to（ my） students named You are my sunshine.</p><p>（Justification: It is an interesting way to arouse students’ interest of learning English. At the same time, it is related to the topic today, so teacher can lead in the topic today easily.)</p><p><b>Step 2 Pre-listening (3 min)</b></p><p>Ask students the following questions:</p><p>（1） Do you have a good friend? What’s his/her name?</p><p>（2） What’s he/she like and what does he/she usually do in life? (Justification: To foster students’ interest and make them familiar with the topic today.)</p><p><b>Step 3 While-listening (7 min)</b></p><p>Extensive listening: Find out how many friends the listening material mentioned and who they are.</p><p>(Justification: To have a general impression of the content.)</p><p>Intensive listening: Find out the characteristics of three friends and fill in the chart given on the PPT.</p><p>(Justification: To grasp the details of the passage.)</p><p><b>Step 4 Post-listening (5 min)</b></p><p>Free talk with my students:</p><p>（1） What do you think a true friend is like?</p><p>（2） What will you do if you disagree with your friends?</p><p>(Justification: To help to deepen the understanding of friendship of students.)</p><p><b>Step 5 Summary and Homework (4 min)</b></p><p><b>Summary:</b></p><p>Ask some students to summarize what they have learned today.</p><p><b>Homework:</b></p><p>Write a short passage to introduce your best friend.</p><p>(Justification: To help consolidate the knowledge in this class.)</p><p><b>Blackboard Design:</b></p><p align="center">A good friend</p><p align="center">What’s he/she like?</p><p align="center"><img width="700px" height="116px" src="https://fb.fbstatic.cn/api/tarzan/images/15f0605677e132b.png?width=700" /></p>');
DELETE FROM edu_course_exercise WHERE id='210792497103';
INSERT INTO edu_course_exercise (id, question_type, course_id, content, easy_error, source, checked, is_pk) VALUES ('210792497103', '12', '91919191', '<p>下面是对王老师课堂教学行为的听课记录。</p><p>* 教读单词和课文</p><p>* 纠正学生的读音、拼写、句法等错误</p><p>* 讲解知识点</p><p>* 管理课堂纪律</p><p>* 安排学生活动</p><p>* 给学生布置作业</p><p>* 解答学生疑问</p><p>* 检查和评讲作业</p><p>请根据听课记录回答下列问题。</p>', '', '2017年上半年教师资格证考试《高中英语》题第32题', '1', '0');
DELETE FROM edu_course_exercise_qa WHERE id='2107924';
INSERT INTO edu_course_exercise_qa (id, course_exercise_id, type, question, cando, answer, total_score) VALUES ('2107924', '210792497103', '12', '<p>（1）王老师的课堂角色有哪些？</p>', '1', '<p>（1）王老师课堂角色有：控制者，评估者，组织者和资源提供者。</p>', '15');
DELETE FROM edu_course_exercise_qa WHERE id='21079247';
INSERT INTO edu_course_exercise_qa (id, course_exercise_id, type, question, cando, answer, total_score) VALUES ('21079247', '210792497103', '12', '<p>（2）王老师的角色定位存在什么问题？深层原因是什么？</p>', '1', '<p>（2）王老师的角色定位过分注重知识的传授，把自己作为课堂的主体，没能参与到学生的活动中去。深层原因是王老师没有将自己从过去的知识传授者这一核心角色中解放出来，没能深刻理解新课程标准对教师角色提出的要求。</p>', '10');
DELETE FROM edu_course_exercise_qa WHERE id='210792470';
INSERT INTO edu_course_exercise_qa (id, course_exercise_id, type, question, cando, answer, total_score) VALUES ('210792470', '210792497103', '12', '<p>（3）英语教师应该如何定位自己的课堂角色？</p>', '1', '<p>（3）新课程标准明确指出学生是课堂教学的主体，教师是主导。这就要求教师要转变在教学过程中的角色，不应仅仅是知识的传授者，还应成为学生学习的促进者、指导者、组织者、帮助者、参与者和合作者。教学的过程是教师与学生交流的互动过程，教师需要根据课程的目标、学习活动的要求、学习过程的需要以及学生的需要扮演不同的角色。教师要有意识地引导学生发展自主学习能力，使学生真正成为学习的主体。</p>', '5');
DELETE FROM edu_course_exercise_comment WHERE id='2107924';
INSERT INTO edu_course_exercise_comment (id, path, course_exercise_qa_id, comment) VALUES ('2107924', ',2107924', '2107924', '<p>（1）王老师课堂角色有：控制者，评估者，组织者和资源提供者。</p>');
DELETE FROM edu_course_exercise_comment WHERE id='21079247';
INSERT INTO edu_course_exercise_comment (id, path, course_exercise_qa_id, comment) VALUES ('21079247', ',21079247', '21079247', '<p>（2）王老师的角色定位过分注重知识的传授，把自己作为课堂的主体，没能参与到学生的活动中去。深层原因是王老师没有将自己从过去的知识传授者这一核心角色中解放出来，没能深刻理解新课程标准对教师角色提出的要求。</p>');
DELETE FROM edu_course_exercise_comment WHERE id='210792470';
INSERT INTO edu_course_exercise_comment (id, path, course_exercise_qa_id, comment) VALUES ('210792470', ',210792470', '210792470', '<p>（3）新课程标准明确指出学生是课堂教学的主体，教师是主导。这就要求教师要转变在教学过程中的角色，不应仅仅是知识的传授者，还应成为学生学习的促进者、指导者、组织者、帮助者、参与者和合作者。教学的过程是教师与学生交流的互动过程，教师需要根据课程的目标、学习活动的要求、学习过程的需要以及学生的需要扮演不同的角色。教师要有意识地引导学生发展自主学习能力，使学生真正成为学习的主体。</p>');
DELETE FROM edu_course_exercise WHERE id='2108014';
INSERT INTO edu_course_exercise (id, question_type, course_id, content, easy_error, source, checked, is_pk) VALUES ('2108014', '12', '91919191', '<p>课后作业布置要体现“ 差异性原则”。简述你对“ 差异性原则”的理解。并从作业类型、作业难度和作业量三个方面举例说明如何布置作业。</p>', '', '2017年上半年教师资格证考试《初中英语》题第31题', '1', '0');
DELETE FROM edu_course_exercise_qa WHERE id='2108014';
INSERT INTO edu_course_exercise_qa (id, course_exercise_id, type, question, cando, answer, total_score) VALUES ('2108014', '2108014', '12', '', '1', '<p>布置作业要遵循差异性原则，对于学生而言，由于多方面因素的影响，如来自不同家庭，具有不同的生活经历，知识水平和自身个性等，他们存在明显的个体差异性。新课标要求教师在教学中应为学生提供施展才能的机会与平台。这就需要教师充分认识与尊重学生的个体差异性。如在教完“一般过去时”这一知识点后，教师在作业设计时可根据差异性原则，让学生选择自己喜欢的或所擅长的方式来巩固这一知识点。例如对于擅长写作的同学来说，可以布置一项写作的作业，让其回忆自己的童年往事，或描述其难忘的回忆， 例如旅游的经历等。</p><p>按照作业类型，可以给学生布置不同分层或实践型的作业，例如采访调查、记录动手制作等。这样的课外作业可以有效提高学生学习的主动性。</p><p>从作业的难度上来讲，作业过难，就会出现基础差的学生干脆不写或者抄袭他人作业的情况；而作业过于简单，基础好的学生则会感觉毫无挑战。因此，教师设计作业要充分考虑到学生的个体差异，把握好作业的难度设置。</p><p>从作业量来看，过多的作业会让学生望而生畏。部分学生本已开始认真对待作业，但是如果作业量大他们就会敷衍了事。因此教师在布置作业的时候要把握好作业的量。</p>', '20');
DELETE FROM edu_course_exercise_comment WHERE id='2108014';
INSERT INTO edu_course_exercise_comment (id, path, course_exercise_qa_id, comment) VALUES ('2108014', ',2108014', '2108014', '<p>布置作业要遵循差异性原则，对于学生而言，由于多方面因素的影响，如来自不同家庭，具有不同的生活经历，知识水平和自身个性等，他们存在明显的个体差异性。新课标要求教师在教学中应为学生提供施展才能的机会与平台。这就需要教师充分认识与尊重学生的个体差异性。如在教完“一般过去时”这一知识点后，教师在作业设计时可根据差异性原则，让学生选择自己喜欢的或所擅长的方式来巩固这一知识点。例如对于擅长写作的同学来说，可以布置一项写作的作业，让其回忆自己的童年往事，或描述其难忘的回忆， 例如旅游的经历等。</p><p>按照作业类型，可以给学生布置不同分层或实践型的作业，例如采访调查、记录动手制作等。这样的课外作业可以有效提高学生学习的主动性。</p><p>从作业的难度上来讲，作业过难，就会出现基础差的学生干脆不写或者抄袭他人作业的情况；而作业过于简单，基础好的学生则会感觉毫无挑战。因此，教师设计作业要充分考虑到学生的个体差异，把握好作业的难度设置。</p><p>从作业量来看，过多的作业会让学生望而生畏。部分学生本已开始认真对待作业，但是如果作业量大他们就会敷衍了事。因此教师在布置作业的时候要把握好作业的量。</p>');
DELETE FROM edu_course_exercise WHERE id='2108018';
INSERT INTO edu_course_exercise (id, question_type, course_id, content, easy_error, source, checked, is_pk) VALUES ('2108018', '12', '91919191', '<p>设计任务：请阅读下面学生信息和语言素材，设计一个15 分钟的英语阅读教学活动，教案没有固定格式，但必须包含下列要点：</p><p>● Teaching objectives</p><p>● Teaching contents</p><p>● Major steps and time allocation</p><p>● Activities and justifications</p><p>教学时间：15 分钟</p><p>学生概况：某城镇普通中学初中二年级第一学期学生，班级人数40 人，多数学生已经达到《义务教育英语课程标准（2011 年版）》三年级水平。学生课堂参与积极性一般。</p><p>语言素材：</p><p align="center"><b>Who’s Got Talent?</b></p><p>Everyone is good at something, but people are truly talented. It’s always interesting to watch other people show their talents. Talent shows are getting more and more popular. All these shows try to look for the best singers, the most exciting magicians, the funniest singers and so on. All kinds of people join these shows. But who can play the best or sing the most beautifully? That’s up to you to decide. When people watch a show, they usually play a role in deciding the winner. However, not everybody enjoys watching these shows. Some times that the lives of the performers are made up. For example, some people say they are poor farmers, but in fact they are just actors. However, if you don’t take these shows too seriously, they are fun to watch. And one great thing about them is that they give people a way to make their dreams come true.</p><p><img width="524px" height="186px" src="https://fb.fbstatic.cn/api/tarzan/images/15f2e3bd707cca2.png?width=700" /></p>', '', '2017年上半年教师资格证考试《初中英语》题第33题', '1', '0');
DELETE FROM edu_course_exercise_qa WHERE id='2108018';
INSERT INTO edu_course_exercise_qa (id, course_exercise_id, type, question, cando, answer, total_score) VALUES ('2108018', '2108018', '12', '', '0', '<p><b>Teaching Objectives:</b></p><p><b>Knowledge objective</b></p><p>Master the main idea of this passage and some expressions in it.</p><p><b>Ability objective</b></p><p>Improve the ability of mastering the clue of one passage by catching some key words, such as but, in fact, etc. .</p><p><b>Emotional objective</b></p><p>Learn how to judge things from the performance.</p><p><b>Teaching Key Point:</b></p><p>the details of this passage;</p><p><b>Teaching Difficult Point:</b></p><p>getting details by catching key words.</p><p><b>Teaching Procedures:</b></p><p><b>Step 1 Warming-up (2 minutes)</b></p><p>Show a clip of talent show from TV;</p><p>Free talk: your opinions on talent show;</p><p>Show your talent at the front.</p><p>(Justification: Arouse students’ interest.)</p><p><b>Step 2 Pre-reading (2 minutes)</b></p><p>Present two words: farmer, actor.</p><p>Try to guess what the passage would talk about.</p><p>(Justification: Predict the passage and make students be curious about the passage.)</p><p><b>Step 3 While-reading (5 minutes)</b></p><p>Global-reading: Read and put it into several parts;</p><p>Detailed-reading:</p><p>（1） True or false;</p><p>（2） Read after the tape;</p><p>(Justification: Develop students’ reading skill)</p><p><b>Step 4 Post-reading (3 minutes)</b></p><p>Group work: Share your opinions on the talent show.</p><p>(Justification: Give students a real situation to use English and develop their speaking ability.)</p><p><b>Step 5 Summary and Homework (3 minutes)</b></p><p>Sum it up together.</p><p>Homework: Write something about talent show.</p><p>(Justification: Help students form a good habit of concluding and practice English after class.)</p><p><b>Blackboard Design:</b></p><p><img width="434px" height="159px" src="https://fb.fbstatic.cn/api/tarzan/images/15f2e3fef434cc3.png?width=700" /></p>', '0');
DELETE FROM edu_course_exercise_comment WHERE id='2108018';
INSERT INTO edu_course_exercise_comment (id, path, course_exercise_qa_id, comment) VALUES ('2108018', ',2108018', '2108018', '<p><b>Teaching Objectives:</b></p><p><b>Knowledge objective</b></p><p>Master the main idea of this passage and some expressions in it.</p><p><b>Ability objective</b></p><p>Improve the ability of mastering the clue of one passage by catching some key words, such as but, in fact, etc. .</p><p><b>Emotional objective</b></p><p>Learn how to judge things from the performance.</p><p><b>Teaching Key Point:</b></p><p>the details of this passage;</p><p><b>Teaching Difficult Point:</b></p><p>getting details by catching key words.</p><p><b>Teaching Procedures:</b></p><p><b>Step 1 Warming-up (2 minutes)</b></p><p>Show a clip of talent show from TV;</p><p>Free talk: your opinions on talent show;</p><p>Show your talent at the front.</p><p>(Justification: Arouse students’ interest.)</p><p><b>Step 2 Pre-reading (2 minutes)</b></p><p>Present two words: farmer, actor.</p><p>Try to guess what the passage would talk about.</p><p>(Justification: Predict the passage and make students be curious about the passage.)</p><p><b>Step 3 While-reading (5 minutes)</b></p><p>Global-reading: Read and put it into several parts;</p><p>Detailed-reading:</p><p>（1） True or false;</p><p>（2） Read after the tape;</p><p>(Justification: Develop students’ reading skill)</p><p><b>Step 4 Post-reading (3 minutes)</b></p><p>Group work: Share your opinions on the talent show.</p><p>(Justification: Give students a real situation to use English and develop their speaking ability.)</p><p><b>Step 5 Summary and Homework (3 minutes)</b></p><p>Sum it up together.</p><p>Homework: Write something about talent show.</p><p>(Justification: Help students form a good habit of concluding and practice English after class.)</p><p><b>Blackboard Design:</b></p><p><img width="434px" height="159px" src="https://fb.fbstatic.cn/api/tarzan/images/15f2e3fef434cc3.png?width=700" /></p>');
DELETE FROM edu_course_exercise WHERE id='2108666';
INSERT INTO edu_course_exercise (id, question_type, course_id, content, easy_error, source, checked, is_pk) VALUES ('2108666', '12', '81818181', '<p>《义务教育数学课程标准（2011年版）》用行为动词“了解”“理解”“掌握”“应用”等描述结果目标，请解释“了解等腰三角形的概念”的具体含义。</p>', '', '2017年上半年教师资格证考试《初中数学》题第12题', '1', '0');
DELETE FROM edu_course_exercise_qa WHERE id='2108666';
INSERT INTO edu_course_exercise_qa (id, course_exercise_id, type, question, cando, answer, total_score) VALUES ('2108666', '2108666', '12', '', '1', '<p>“了解”指对学习材料有一定的认识和记忆，包括具体的概念和作用以及意义。“了解等腰三角形的概念”的具体含义为：一个三角形中如果有两条边相等，那么这个三角形称为等腰三角形。相等的两边称为等腰三角形的腰，另一条边称为底边；两腰的夹角称为顶角，两腰与底边的夹角称为底角。</p>', '0');
DELETE FROM edu_course_exercise_comment WHERE id='2108666';
INSERT INTO edu_course_exercise_comment (id, path, course_exercise_qa_id, comment) VALUES ('2108666', ',2108666', '2108666', '<p>“了解”指对学习材料有一定的认识和记忆，包括具体的概念和作用以及意义。“了解等腰三角形的概念”的具体含义为：一个三角形中如果有两条边相等，那么这个三角形称为等腰三角形。相等的两边称为等腰三角形的腰，另一条边称为底边；两腰的夹角称为顶角，两腰与底边的夹角称为底角。</p>');
DELETE FROM edu_course_exercise WHERE id='210888289726';
INSERT INTO edu_course_exercise (id, question_type, course_id, content, easy_error, source, checked, is_pk) VALUES ('210888289726', '12', '81818181', '<p>有甲、乙两种品牌的某种饮料，其颜色、气味及味道都极为相似，将饮料放在外观相同的 6个杯子中，每种品牌各 3杯，作为试验样品。</p>', '', '2017年上半年教师资格证考试《高中数学》题第11题', '1', '0');
DELETE FROM edu_course_exercise_qa WHERE id='2108882';
INSERT INTO edu_course_exercise_qa (id, course_exercise_id, type, question, cando, answer, total_score) VALUES ('2108882', '210888289726', '12', '<p>（1）从6杯样品饮料中随机选取 3杯作为一次试验，若所选饮料全部为甲种品牌，视为成功。独立进行 5次试验，求 3次成功的概率。</p>', '0', '<p>（1）设事件 A=“选取的 3杯饮料都是甲种品牌”，一次试验成功的概率为<img flag="tex" src="https://fb.fbstatic.cn/api/planet/accessories/formulas?latex=Xud4Z2LQHP33Wu3GwZJ%2FSYAjhL%2FsIdxNs3KnDhpSWOZT9FlS9Kj4kvq9TwtwhfpyI%2FeKhua1H9IjFZHoIwrAVg%3D%3D" />。独立进行5次试验，服从二项分布<img flag="tex" src="https://fb.fbstatic.cn/api/planet/accessories/formulas?latex=4Ta41hF6xi%2FjhPSUkLWaXT0GLkzhDX%2FqNbXbqmkMNJxwHivG%2BqKD1dLYuwLCl%2FA5" />，<img flag="tex" src="https://fb.fbstatic.cn/api/planet/accessories/formulas?latex=pH7B%2BI8YEet8%2B0Hj2lojU0S8mHO6WLI0g960kA53jvYRwDxArKinEu48LivbBY0QTpucIZo4m5K83xGW5pVPj6OP8rvapL3MXQJRJ6QwK6oHFXKJdIHrvw5MDvqz%2BjJF%2BpScXTD0MR0Vl5xLqrHWFg%3D%3D" />。</p>', '5');
DELETE FROM edu_course_exercise_qa WHERE id='21088820';
INSERT INTO edu_course_exercise_qa (id, course_exercise_id, type, question, cando, answer, total_score) VALUES ('21088820', '210888289726', '12', '<p>（2）某人声称他通过品尝饮料能够区分这两种品牌。现请他品尝试验样品中的6杯饮料进行品牌区分，作为一次试验，若区分完全正确，则视为试验成功。他经过5次试验，有3次成功，可否由此推断此人具有品尝区分能力?说明理由。</p>', '1', '<p>（2）此人具有品尝区分能力。理由：由（1）可知此随机试验成功的概率约为千分之一， 是小概率事件，因此此人的成功基本可以排除偶然性，故此人具有品尝区分的能力。<br></p>', '2');
DELETE FROM edu_course_exercise_comment WHERE id='2108882';
INSERT INTO edu_course_exercise_comment (id, path, course_exercise_qa_id, comment) VALUES ('2108882', ',2108882', '2108882', '<p>（1）设事件 A=“选取的 3杯饮料都是甲种品牌”，一次试验成功的概率为<img flag="tex" src="https://fb.fbstatic.cn/api/planet/accessories/formulas?latex=Xud4Z2LQHP33Wu3GwZJ%2FSYAjhL%2FsIdxNs3KnDhpSWOZT9FlS9Kj4kvq9TwtwhfpyI%2FeKhua1H9IjFZHoIwrAVg%3D%3D" />。独立进行5次试验，服从二项分布<img flag="tex" src="https://fb.fbstatic.cn/api/planet/accessories/formulas?latex=4Ta41hF6xi%2FjhPSUkLWaXT0GLkzhDX%2FqNbXbqmkMNJxwHivG%2BqKD1dLYuwLCl%2FA5" />，<img flag="tex" src="https://fb.fbstatic.cn/api/planet/accessories/formulas?latex=pH7B%2BI8YEet8%2B0Hj2lojU0S8mHO6WLI0g960kA53jvYRwDxArKinEu48LivbBY0QTpucIZo4m5K83xGW5pVPj6OP8rvapL3MXQJRJ6QwK6oHFXKJdIHrvw5MDvqz%2BjJF%2BpScXTD0MR0Vl5xLqrHWFg%3D%3D" />。</p>');
DELETE FROM edu_course_exercise_comment WHERE id='21088820';
INSERT INTO edu_course_exercise_comment (id, path, course_exercise_qa_id, comment) VALUES ('21088820', ',21088820', '21088820', '<p>（2）此人具有品尝区分能力。理由：由（1）可知此随机试验成功的概率约为千分之一， 是小概率事件，因此此人的成功基本可以排除偶然性，故此人具有品尝区分的能力。<br></p>');
DELETE FROM edu_course_exercise WHERE id='2112018';
INSERT INTO edu_course_exercise (id, question_type, course_id, content, easy_error, source, checked, is_pk) VALUES ('2112018', '12', '81818181', '<p>以“二项式定理”的教学为例，阐述数学定理及教学的基本特征。</p>', '', '2016年下半年教师资格证考试《高中数学》题第13题', '1', '0');
DELETE FROM edu_course_exercise_qa WHERE id='2112018';
INSERT INTO edu_course_exercise_qa (id, course_exercise_id, type, question, cando, answer, total_score) VALUES ('2112018', '2112018', '12', '', '0', '<p>数学定理的教学过程是让学生发现规律的最好方式。其基本特征应为：</p><p>（１）体验过程要直观。在二项式定理的教学过程中，应注意启发学生主动学习、积极探索，主要使用引导发现法，从学生熟悉的多项式乘法入手，利用组合的有关知识，引导学生对不同的二项式进行展开。</p><p>（２）提炼过程要概括。提出假设，学生通过观察，得到猜想：</p><p><img flag="tex" src="https://fb.fbstatic.cn/api/planet/accessories/formulas?latex=g41bCS5qkIJiRnUax2U33BUvNN96v6pSrAp8goW66YP%2FQsJ1qqBzW875aT%2FXkZaIbjVFmUDRXhNflhNjDaE5Jj5d4VA52ek1gjU7rwrbrH6S5cupZG6tjfWqQncYGAaL" /></p><p>（３）证明过程要严谨。以学生为主体，师生合作，验证假设（证明），得到二项式定理：</p><p><img flag="tex" src="https://fb.fbstatic.cn/api/planet/accessories/formulas?latex=g41bCS5qkIJiRnUax2U33BUvNN96v6pSrAp8goW66YP%2FQsJ1qqBzW875aT%2FXkZaIbjVFmUDRXhNflhNjDaE5Jj5d4VA52ek1gjU7rwrbrH6S5cupZG6tjfWqQncYGAaL" /></p><p>（４）应用拓展要有层次。</p><p>通过二项展开式规律的探索、二项式定理应用的拓展过程，引导学生体会由特殊到一般的数学思想方法，感受经过观察、分析、猜想、归纳、证明来解决问题的过程，培养学生观察、联想、归纳的能力。在数学定理及其教学过程中，不仅要重视知识的结果，而且要重视知识的发生、发现和解决过程，这对学生掌握定理本身的知识构建具有积极意义，这样才符合新课改对数学定理及教学的解读。</p>', '0');
DELETE FROM edu_course_exercise_comment WHERE id='2112018';
INSERT INTO edu_course_exercise_comment (id, path, course_exercise_qa_id, comment) VALUES ('2112018', ',2112018', '2112018', '<p>数学定理的教学过程是让学生发现规律的最好方式。其基本特征应为：</p><p>（１）体验过程要直观。在二项式定理的教学过程中，应注意启发学生主动学习、积极探索，主要使用引导发现法，从学生熟悉的多项式乘法入手，利用组合的有关知识，引导学生对不同的二项式进行展开。</p><p>（２）提炼过程要概括。提出假设，学生通过观察，得到猜想：</p><p><img flag="tex" src="https://fb.fbstatic.cn/api/planet/accessories/formulas?latex=g41bCS5qkIJiRnUax2U33BUvNN96v6pSrAp8goW66YP%2FQsJ1qqBzW875aT%2FXkZaIbjVFmUDRXhNflhNjDaE5Jj5d4VA52ek1gjU7rwrbrH6S5cupZG6tjfWqQncYGAaL" /></p><p>（３）证明过程要严谨。以学生为主体，师生合作，验证假设（证明），得到二项式定理：</p><p><img flag="tex" src="https://fb.fbstatic.cn/api/planet/accessories/formulas?latex=g41bCS5qkIJiRnUax2U33BUvNN96v6pSrAp8goW66YP%2FQsJ1qqBzW875aT%2FXkZaIbjVFmUDRXhNflhNjDaE5Jj5d4VA52ek1gjU7rwrbrH6S5cupZG6tjfWqQncYGAaL" /></p><p>（４）应用拓展要有层次。</p><p>通过二项展开式规律的探索、二项式定理应用的拓展过程，引导学生体会由特殊到一般的数学思想方法，感受经过观察、分析、猜想、归纳、证明来解决问题的过程，培养学生观察、联想、归纳的能力。在数学定理及其教学过程中，不仅要重视知识的结果，而且要重视知识的发生、发现和解决过程，这对学生掌握定理本身的知识构建具有积极意义，这样才符合新课改对数学定理及教学的解读。</p>');
DELETE FROM edu_course_exercise WHERE id='2117106';
INSERT INTO edu_course_exercise (id, question_type, course_id, content, easy_error, source, checked, is_pk) VALUES ('2117106', '12', '61616161', '<p>简述班主任工作的基本内容。</p>', '', '2017年下半年教师资格证考试《教育知识与能力》（中学）题第27题', '1', '0');
DELETE FROM edu_course_exercise_qa WHERE id='2117106';
INSERT INTO edu_course_exercise_qa (id, course_exercise_id, type, question, cando, answer, total_score) VALUES ('2117106', '2117106', '12', '', '1', '<p>班主任的常规工作有以下几方面。</p><p>（1）了解和研究学生。</p><p>（2）组织和培养班集体。</p><p>（3）建立学生成长档案。</p><p>（4）组织班会活动和课外活动。</p><p>（5）协调各种教育影响。</p><p>（6）操行评定。</p><p>（7）写好班主任工作计划与总结。</p>', '0');
DELETE FROM edu_course_exercise_comment WHERE id='2117106';
INSERT INTO edu_course_exercise_comment (id, path, course_exercise_qa_id, comment) VALUES ('2117106', ',2117106', '2117106', '<p>班主任的常规工作有以下几方面。</p><p>（1）了解和研究学生。</p><p>（2）组织和培养班集体。</p><p>（3）建立学生成长档案。</p><p>（4）组织班会活动和课外活动。</p><p>（5）协调各种教育影响。</p><p>（6）操行评定。</p><p>（7）写好班主任工作计划与总结。</p>');
DELETE FROM edu_course_exercise WHERE id='2135018';
INSERT INTO edu_course_exercise (id, question_type, course_id, content, easy_error, source, checked, is_pk) VALUES ('2135018', '12', '70707070', '<p>简述教师组织学生小组合作学习的基本环节。</p>', '', '2015年安徽省教师招聘考试《教育综合知识》（小学）题第42题', '1', '0');
DELETE FROM edu_course_exercise_qa WHERE id='2135018';
INSERT INTO edu_course_exercise_qa (id, course_exercise_id, type, question, cando, answer, total_score) VALUES ('2135018', '2135018', '12', '', '1', '<p>教师组织学生小组合作学习的基本环节包括以下四个方面：</p><p>（1）合作小组的建立。</p><p>（2）学生合作态度和技能的培养。</p><p>（3）小组合作学习的实施。</p><p>（4）小组合作学习的评价。</p>', '0');
DELETE FROM edu_course_exercise_comment WHERE id='2135018';
INSERT INTO edu_course_exercise_comment (id, path, course_exercise_qa_id, comment) VALUES ('2135018', ',2135018', '2135018', '<p>教师组织学生小组合作学习的基本环节包括以下四个方面：</p><p>（1）合作小组的建立。</p><p>（2）学生合作态度和技能的培养。</p><p>（3）小组合作学习的实施。</p><p>（4）小组合作学习的评价。</p>');
DELETE FROM edu_course_exercise WHERE id='2135134';
INSERT INTO edu_course_exercise (id, question_type, course_id, content, easy_error, source, checked, is_pk) VALUES ('2135134', '12', '70707070', '<p>请画出遗忘曲线，简述遗忘规律，谈谈教师应该如何指导学生有效地复习。</p>', '', '2016年安徽省特岗教师招聘考试《教育综合知识》题第23题', '1', '0');
DELETE FROM edu_course_exercise_qa WHERE id='2135134';
INSERT INTO edu_course_exercise_qa (id, course_exercise_id, type, question, cando, answer, total_score) VALUES ('2135134', '2135134', '12', '', '0', '<p>（1）遗忘曲线：</p><p><img width="299px" height="249px" src="https://fb.fbstatic.cn/api/tarzan/images/1604df210fd7439.png?width=700" /></p><p>（2）19世纪末，德国心理学家艾宾浩斯最早对遗忘进行了实验研究，并绘制了“遗忘曲线”。这条曲线表明，遗忘在学习之后立即开始，最初遗忘速度很快，随着时间的推移，遗忘的速度逐渐下降。由此可以看出，遗忘是有规律的，即遗忘的进程是不均衡的，其趋势是先快后慢、先多后少，呈负加速，并且到一定的程度就几乎不再遗忘了。这就是遗忘规律。</p><p>（3）教师应通过以下方法指导学生有效地复习。</p><p>①及时复习，经常复习。</p><p>②合理分配时间。</p><p>③做到分散复习与集中复习相结合。</p><p>④反复阅读与试图回忆相结合。</p><p>⑤复习方法要多样化。</p><p>⑥运用多种感官参与复习。</p><p>⑦复习内容的数量要适当，一次复习内容的数量不宜过多。</p><p>⑧适当过度学习，即学习的熟练程度达到150%。</p><p>⑨综合使用整体复习与部分复习。</p>', '0');
DELETE FROM edu_course_exercise_comment WHERE id='2135134';
INSERT INTO edu_course_exercise_comment (id, path, course_exercise_qa_id, comment) VALUES ('2135134', ',2135134', '2135134', '<p>（1）遗忘曲线：</p><p><img width="299px" height="249px" src="https://fb.fbstatic.cn/api/tarzan/images/1604df210fd7439.png?width=700" /></p><p>（2）19世纪末，德国心理学家艾宾浩斯最早对遗忘进行了实验研究，并绘制了“遗忘曲线”。这条曲线表明，遗忘在学习之后立即开始，最初遗忘速度很快，随着时间的推移，遗忘的速度逐渐下降。由此可以看出，遗忘是有规律的，即遗忘的进程是不均衡的，其趋势是先快后慢、先多后少，呈负加速，并且到一定的程度就几乎不再遗忘了。这就是遗忘规律。</p><p>（3）教师应通过以下方法指导学生有效地复习。</p><p>①及时复习，经常复习。</p><p>②合理分配时间。</p><p>③做到分散复习与集中复习相结合。</p><p>④反复阅读与试图回忆相结合。</p><p>⑤复习方法要多样化。</p><p>⑥运用多种感官参与复习。</p><p>⑦复习内容的数量要适当，一次复习内容的数量不宜过多。</p><p>⑧适当过度学习，即学习的熟练程度达到150%。</p><p>⑨综合使用整体复习与部分复习。</p>');
DELETE FROM edu_course_exercise WHERE id='2135546';
INSERT INTO edu_course_exercise (id, question_type, course_id, content, easy_error, source, checked, is_pk) VALUES ('2135546', '12', '70707070', '<p>如何培养学生的创造性思维？</p>', '', '2014年安徽省教师招聘考试《教育综合知识》（中学）题第59题', '1', '0');
DELETE FROM edu_course_exercise_qa WHERE id='2135546';
INSERT INTO edu_course_exercise_qa (id, course_exercise_id, type, question, cando, answer, total_score) VALUES ('2135546', '2135546', '12', '', '1', '<p>创造性思维是以新颖、独特的方式来解决问题的思维方式。培养学生创造性思维的常用方法有以下几种：</p><p>（1）发散思维训练。</p><p>（2）推测与假设训练。</p><p>（3）自我设计训练。</p><p>（4）头脑风暴训练。</p>', '0');
DELETE FROM edu_course_exercise_comment WHERE id='2135546';
INSERT INTO edu_course_exercise_comment (id, path, course_exercise_qa_id, comment) VALUES ('2135546', ',2135546', '2135546', '<p>创造性思维是以新颖、独特的方式来解决问题的思维方式。培养学生创造性思维的常用方法有以下几种：</p><p>（1）发散思维训练。</p><p>（2）推测与假设训练。</p><p>（3）自我设计训练。</p><p>（4）头脑风暴训练。</p>');
DELETE FROM edu_course_exercise WHERE id='213561';
INSERT INTO edu_course_exercise (id, question_type, course_id, content, easy_error, source, checked, is_pk) VALUES ('213561', '12', '60606060', '<p>第七课 黑白版画 普通高中美术课程标准实验教科书（绘画）</p><p>黑白版画是通过绘稿、刻版、印刷等方法制作完成的一种单色图画，具有造型概括、层次分明、形式感强的特点。刻版和印刷是版画制作的两个主要环节。</p><p>刻版的基本方法是用木刻刀在木版上按照画稿的造型结构和黑白关系进行刻制，简单说就是刻白留黑，在木版上形成凸起的画面。但必须记住，木刻不是复制画稿，木刻是一种版画艺术，是用刀代笔，以木代纸在进行艺术创作，所以木刻不同于一般的绘画，必须要发挥用刀刻木的独特效果，这就是木版画的艺术趣味和特点，即刀味和木味。每个人可以按照自己的想法发挥不同刻刀的效果，如三角刀的刚直尖利，圆刀的圆柔浑厚，平刀的苍劲古朴都具有鲜明的趣味特色，无论是刻点刻线都可以自由发挥，放刀直刻。但要注意木刻中的黑白灰构成关系是重要的艺术语言，要学会运用黑与白的强烈对比效果，还要知道重复的点与线能构成画面中的灰色调。木刻中的这种黑白灰构成变化无穷，具有独特的艺术美感。</p><p align="center"><img width="148px" height="208px" src="https://fb.fbstatic.cn/api/tarzan/images/1684fb14c7c315b.png?width=700" /></p><p align="center">林中小屋（黑白木刻）（现代）王劼音</p><p>1.刻版——是木版画的重要步骤，包括以下内容：</p><p align="center"><img width="206px" height="146px" src="https://fb.fbstatic.cn/api/tarzan/images/1684fb193864422.png?width=700" /></p><p>版材的选择、加工、打磨，可选用木质细致洁净、软硬适度的椴木胶合板。按照画面大小裁割开，用细砂纸细心打磨，使版面光洁。</p><p align="center"><img width="217px" height="156px" src="https://fb.fbstatic.cn/api/tarzan/images/1684fb1eb3a4095.png?width=700" /></p><p>用灰色或其他颜色涂刷木版，这样在刻版时能看清刀法。也有人喜欢先把木版涂刷成黑色，然后用铅笔在椴木版上起稿，或用白粉画出黑白关系。</p><p align="center"><img width="244px" height="181px" src="https://fb.fbstatic.cn/api/tarzan/images/1684fb2379cc075.png?width=700" /></p><p>在木版上加热烤蜡，使蜡油均匀渗入木版，经烤蜡加工硬化的木版更适宜用刀刻制，也可涂刷胶液或清漆（稀释）。</p><p align="center"><img width="217px" height="151px" src="https://fb.fbstatic.cn/api/tarzan/images/1684fb2835c5bd0.png?width=700" /></p><p align="center"><img width="226px" height="159px" src="https://fb.fbstatic.cn/api/tarzan/images/1684fb2a7a1c406.png?width=700" /></p><p align="center"><img width="217px" height="156px" src="https://fb.fbstatic.cn/api/tarzan/images/1684fb2b5d91e85.png?width=700" /></p><p>2.印刷——版画要通过各种“版”的印刷最后才能完成作品，因此印刷是版画制作过程中十分重要的步骤。各种版画的印刷方法也不同，只有掌握各种印制技巧，才能达到最理想的版画效果。</p><p>木版画的印制方法分为油印和水印两种。黑白木刻是用油墨滚筒在木版凸面上均匀上墨着色，油墨不可太多太厚，然后把印纸放在版面上，通过压力使纸张和版面对印而完成作品。黑白木刻可以用机器压印，也可以用手工印刷。手工磨印是用木蘑菇、金属勺、木刻刀柄或其他光洁坚硬的工具，在印纸上磨压，用力要均匀、仔细、耐心，才能达到理想满意的印刷效果。</p><p>一幅木版画印刷完成后，还要经过一定的整理，使画面干浄、平整、美观，并在画面下边用铅笔签写画题、姓名、年代。最后用衬纸装裱，有条件时还可装入镜框中。</p><p align="center"><img width="282px" height="161px" src="https://fb.fbstatic.cn/api/tarzan/images/1684fb2e53f6871.png?width=700" /></p><p>实践与评价</p><p>①选择自己喜欢的题材，完成一幅木版画的制作。</p><p>②从构图、刀法、黑白布局等方面对作品进行互相评价。</p>', '', '2018年下半年教师资格证考试《高中美术》题第33题', '1', '0');
DELETE FROM edu_course_exercise_qa WHERE id='2296615';
INSERT INTO edu_course_exercise_qa (id, course_exercise_id, type, question, cando, answer, total_score) VALUES ('2296615', '213561', '12', '<p>按照提供的教材片段，设计1课时的教学简案（也可以是单元中的一课）。</p><p>要求：</p><p>（1）写出一篇规范、完整的课时教学简案。</p><p>（2）恰当设定本课的教学目标、教学重点和难点。</p><p>（3）合理地设计学习活动和作业要求。</p><p>（4）设计至少三个课堂提问。</p>', '0', '<p align="center">《黑白版画》教案</p><p>课时：1课时</p><p>课型：新授课</p><p>一、教学目标</p><p>1.知识与技能目标：学生能够了解黑白版画的概念、特点和制作原理，并运用所学知识制作一幅黑白版画。</p><p>2.过程与方法目标：通过观察、感受、体验、实践，学生能够提高刻印造型的能力。</p><p>3.情感态度与价值观目标：体验造型乐趣，敢于创新与表现，产生对美术学习的持久兴趣。</p><p>二、教学重难点</p><p>1.重点：学生掌握黑白版画的刻印技法，选择自己喜欢的题材，完成一幅黑白木刻版画作品。</p><p>2.难点：准确掌握不同刻刀的使用方法，并加以运用。</p><p>三、教学方法</p><p>提问法、讨论法、情境法、示范法、练习实践指导法。</p><p>四、教学准备</p><p>课本、多媒体、课件、制作材料</p><p>五、教学过程：</p><p>环节一：激趣导入</p><p>教师用大屏幕出示十幅不同的绘画作品，让学生小组讨论，并将作品分成两类，然后以小组为单位进行汇报，并说明理由。</p><p>学生会按彩色和黑白进行分类。</p><p>教师再将其中任意一幅黑白作品放大，引导学生观察并猜测它的绘画形式，由此引入本课《黑白板画》。</p><p>环节二：直观感知，分析示范</p><p>1.教师让学生自由发言，说一说黑白版画的特点。</p><p>教师总结：黑白版画是通过绘稿、刻板、印刷等方法制作完成的一种单色图画，具有造型概括、层次分明、形式感强的特点。其中刻版和印刷是版画制作的两个主要环节。</p><p>2.教师出示不同的黑白版画作品，让学生观察并总结其制作原理。</p><p>学生发现，黑白版画就是在木板上形成凸起的画面，是去白留黑的过程。</p><p>教师强调，木刻不是复制画稿，木刻是一种版画艺术，是用刀代笔，以木代纸在进行艺术创作，所以木刻不同于一般的绘画，必须要发挥用刀刻木的特殊效果，这就是木刻画的艺术趣味和特点，即刀味和木味。</p><p>3.分析刀法</p><p>教师将学生分成三组，分别分发三角刀、圆刀、平刀三种不同的刀和这种刀刻过的木板，并在大屏幕上出示刚直尖利、圆柔浑厚、苍劲古朴三组词，让学生以小组为单位讨论，不同刀的刻痕有什么不同?</p><p>学生会发现：</p><p>三角刀：刚直尖利；圆刀：圆柔浑厚；平刀：苍劲古朴。</p><p>4.示范讲解，教师演示《林中小屋》的制作过程。</p><p>主要分为刻板和印刷两个环节：</p><p>(1)刻板：</p><p>①木版打磨加工；②木版刷色；③画稿复写上版；④加热烤蜡；⑤刻板。</p><p>(2)印刷：</p><p>①油墨胶滚上墨；②木蘑菇压印。</p><p>1.实践作业</p><p>学生选择自己喜欢的题材，完成一幅木刻画的制作，教师巡视指导。</p><p>2.展示评价</p><p>①展示：举办一场“黑白世界”木刻版画作品展。</p><p>②评价：采取以自评为主，互评师评为辅的评价方式。学生将作品摆到前面来，同学之间从构图、刀法、黑白布局等方面对作品进行相互评价。</p><p>注重鼓励式评价为主的基调上，也需要针对学生的不足给出改进建议。</p><p>评价活动结束后让学生课后把作品放在档案袋保存。</p><p>环节四：小结作业</p><p>1.课堂小结</p><p>知识竞赛方式，带学生总结本节课的重点知识。</p><p>2.课后作业</p><p>将本节课所制作的黑白版画回家裱起来，妆点生活。</p>', '0');
DELETE FROM edu_course_exercise_comment WHERE id='2296615';
INSERT INTO edu_course_exercise_comment (id, path, course_exercise_qa_id, comment) VALUES ('2296615', ',2296615', '2296615', '<p align="center">《黑白版画》教案</p><p>课时：1课时</p><p>课型：新授课</p><p>一、教学目标</p><p>1.知识与技能目标：学生能够了解黑白版画的概念、特点和制作原理，并运用所学知识制作一幅黑白版画。</p><p>2.过程与方法目标：通过观察、感受、体验、实践，学生能够提高刻印造型的能力。</p><p>3.情感态度与价值观目标：体验造型乐趣，敢于创新与表现，产生对美术学习的持久兴趣。</p><p>二、教学重难点</p><p>1.重点：学生掌握黑白版画的刻印技法，选择自己喜欢的题材，完成一幅黑白木刻版画作品。</p><p>2.难点：准确掌握不同刻刀的使用方法，并加以运用。</p><p>三、教学方法</p><p>提问法、讨论法、情境法、示范法、练习实践指导法。</p><p>四、教学准备</p><p>课本、多媒体、课件、制作材料</p><p>五、教学过程：</p><p>环节一：激趣导入</p><p>教师用大屏幕出示十幅不同的绘画作品，让学生小组讨论，并将作品分成两类，然后以小组为单位进行汇报，并说明理由。</p><p>学生会按彩色和黑白进行分类。</p><p>教师再将其中任意一幅黑白作品放大，引导学生观察并猜测它的绘画形式，由此引入本课《黑白板画》。</p><p>环节二：直观感知，分析示范</p><p>1.教师让学生自由发言，说一说黑白版画的特点。</p><p>教师总结：黑白版画是通过绘稿、刻板、印刷等方法制作完成的一种单色图画，具有造型概括、层次分明、形式感强的特点。其中刻版和印刷是版画制作的两个主要环节。</p><p>2.教师出示不同的黑白版画作品，让学生观察并总结其制作原理。</p><p>学生发现，黑白版画就是在木板上形成凸起的画面，是去白留黑的过程。</p><p>教师强调，木刻不是复制画稿，木刻是一种版画艺术，是用刀代笔，以木代纸在进行艺术创作，所以木刻不同于一般的绘画，必须要发挥用刀刻木的特殊效果，这就是木刻画的艺术趣味和特点，即刀味和木味。</p><p>3.分析刀法</p><p>教师将学生分成三组，分别分发三角刀、圆刀、平刀三种不同的刀和这种刀刻过的木板，并在大屏幕上出示刚直尖利、圆柔浑厚、苍劲古朴三组词，让学生以小组为单位讨论，不同刀的刻痕有什么不同?</p><p>学生会发现：</p><p>三角刀：刚直尖利；圆刀：圆柔浑厚；平刀：苍劲古朴。</p><p>4.示范讲解，教师演示《林中小屋》的制作过程。</p><p>主要分为刻板和印刷两个环节：</p><p>(1)刻板：</p><p>①木版打磨加工；②木版刷色；③画稿复写上版；④加热烤蜡；⑤刻板。</p><p>(2)印刷：</p><p>①油墨胶滚上墨；②木蘑菇压印。</p><p>1.实践作业</p><p>学生选择自己喜欢的题材，完成一幅木刻画的制作，教师巡视指导。</p><p>2.展示评价</p><p>①展示：举办一场“黑白世界”木刻版画作品展。</p><p>②评价：采取以自评为主，互评师评为辅的评价方式。学生将作品摆到前面来，同学之间从构图、刀法、黑白布局等方面对作品进行相互评价。</p><p>注重鼓励式评价为主的基调上，也需要针对学生的不足给出改进建议。</p><p>评价活动结束后让学生课后把作品放在档案袋保存。</p><p>环节四：小结作业</p><p>1.课堂小结</p><p>知识竞赛方式，带学生总结本节课的重点知识。</p><p>2.课后作业</p><p>将本节课所制作的黑白版画回家裱起来，妆点生活。</p>');
DELETE FROM edu_course_exercise WHERE id='2135718';
INSERT INTO edu_course_exercise (id, question_type, course_id, content, easy_error, source, checked, is_pk) VALUES ('2135718', '12', '70707070', '<p>简述班级管理的内容。</p>', '', '2015年四川省特岗教师招聘考试《教育综合知识》题第36题', '1', '0');
DELETE FROM edu_course_exercise_qa WHERE id='2135718';
INSERT INTO edu_course_exercise_qa (id, course_exercise_id, type, question, cando, answer, total_score) VALUES ('2135718', '2135718', '12', '', '1', '<p>班级管理属于一种微观、具体的学校管理层次。其主要管理工作范围是对组成班级的学生的管理。因此，围绕育人的教育目标，现代中小学校班级管理的基本内容包括以下方面：</p><p>（1）班级教学管理；</p><p>（2）班级德育管理；</p><p>（3）班级体育卫生和课外活动的管理；</p><p>（4）班级生活指导。</p>', '0');
DELETE FROM edu_course_exercise_comment WHERE id='2135718';
INSERT INTO edu_course_exercise_comment (id, path, course_exercise_qa_id, comment) VALUES ('2135718', ',2135718', '2135718', '<p>班级管理属于一种微观、具体的学校管理层次。其主要管理工作范围是对组成班级的学生的管理。因此，围绕育人的教育目标，现代中小学校班级管理的基本内容包括以下方面：</p><p>（1）班级教学管理；</p><p>（2）班级德育管理；</p><p>（3）班级体育卫生和课外活动的管理；</p><p>（4）班级生活指导。</p>');
DELETE FROM edu_course_exercise WHERE id='2135732';
INSERT INTO edu_course_exercise (id, question_type, course_id, content, easy_error, source, checked, is_pk) VALUES ('2135732', '12', '70707070', '<p>什么是遗忘？遗忘的原因有哪些？</p>', '', '2015年四川省特岗教师招聘考试《教育综合知识》题第38题', '1', '0');
DELETE FROM edu_course_exercise_qa WHERE id='2135732';
INSERT INTO edu_course_exercise_qa (id, course_exercise_id, type, question, cando, answer, total_score) VALUES ('2135732', '2135732', '12', '', '1', '<p>遗忘是指识记过的东西不能再认或回忆，或者再认或回忆发生错误。</p><p>遗忘的原因：</p><p>（1）记忆痕迹衰退说（自动消退说）：主张遗忘是记忆痕迹得不到强化而逐渐衰退，以至最后消退的结果。</p><p>（2）干扰抑制说：主张遗忘是因为在学习和回忆之间受到其他刺激的干扰所致。</p><p>（3）同化说：主张遗忘实际上是知识的组织与认知结构简化的过程，即用高级的概念与规律代替低级的观念，使低级观念发生遗忘，从而提炼和简化了认识，并减轻了记忆负担，这是一种积极的遗忘。</p><p>（4）动机说（压抑说）：认为遗忘是情绪或动机的压抑作用引起的，如果这种压抑被解除，记忆也就能恢复。日常生活中，由于情绪紧张而引起的遗忘，就是动机说的体现。</p><p>（5）提取失败说（舌尖现象）：这种理论认为储存在长时记忆中的信息是永远不会丢失的，遗忘是失去了线索或线索错误所致，而一旦有了正确的线索，经过搜索所需要的信息就能被提取出来。</p>', '0');
DELETE FROM edu_course_exercise_comment WHERE id='2135732';
INSERT INTO edu_course_exercise_comment (id, path, course_exercise_qa_id, comment) VALUES ('2135732', ',2135732', '2135732', '<p>遗忘是指识记过的东西不能再认或回忆，或者再认或回忆发生错误。</p><p>遗忘的原因：</p><p>（1）记忆痕迹衰退说（自动消退说）：主张遗忘是记忆痕迹得不到强化而逐渐衰退，以至最后消退的结果。</p><p>（2）干扰抑制说：主张遗忘是因为在学习和回忆之间受到其他刺激的干扰所致。</p><p>（3）同化说：主张遗忘实际上是知识的组织与认知结构简化的过程，即用高级的概念与规律代替低级的观念，使低级观念发生遗忘，从而提炼和简化了认识，并减轻了记忆负担，这是一种积极的遗忘。</p><p>（4）动机说（压抑说）：认为遗忘是情绪或动机的压抑作用引起的，如果这种压抑被解除，记忆也就能恢复。日常生活中，由于情绪紧张而引起的遗忘，就是动机说的体现。</p><p>（5）提取失败说（舌尖现象）：这种理论认为储存在长时记忆中的信息是永远不会丢失的，遗忘是失去了线索或线索错误所致，而一旦有了正确的线索，经过搜索所需要的信息就能被提取出来。</p>');
DELETE FROM edu_course_exercise WHERE id='2135734';
INSERT INTO edu_course_exercise (id, question_type, course_id, content, easy_error, source, checked, is_pk) VALUES ('2135734', '12', '70707070', '<p>简述在教师的权利与义务实现过程中道德因素的影响。</p>', '', '2015年四川省特岗教师招聘考试《教育综合知识》题第39题', '1', '0');
DELETE FROM edu_course_exercise_qa WHERE id='2135734';
INSERT INTO edu_course_exercise_qa (id, course_exercise_id, type, question, cando, answer, total_score) VALUES ('2135734', '2135734', '12', '', '1', '<p>在教师的权利与义务实现过程中，道德因素的影响有：</p><p>（1）教师在享有权利的选择上受到道德价值观念的支配；</p><p>（2）教师在履行教育义务的主动性上受道德水平的制约；</p><p>（3）在教师的法律权利、义务实现保障措施不完备的情况下，教师职业道德能起到弥补作用。</p>', '0');
DELETE FROM edu_course_exercise_comment WHERE id='2135734';
INSERT INTO edu_course_exercise_comment (id, path, course_exercise_qa_id, comment) VALUES ('2135734', ',2135734', '2135734', '<p>在教师的权利与义务实现过程中，道德因素的影响有：</p><p>（1）教师在享有权利的选择上受到道德价值观念的支配；</p><p>（2）教师在履行教育义务的主动性上受道德水平的制约；</p><p>（3）在教师的法律权利、义务实现保障措施不完备的情况下，教师职业道德能起到弥补作用。</p>');
DELETE FROM edu_course_exercise WHERE id='216090083190';
INSERT INTO edu_course_exercise (id, question_type, course_id, content, easy_error, source, checked, is_pk) VALUES ('216090083190', '12', '91919191', '<p>下面是一位初中英语教师在语音教学中使用的练习。</p><p><img width="569px" height="411px" src="https://fb.fbstatic.cn/api/tarzan/images/161691d156254a2.png?width=700" /></p><p>根据上面所提供的信息，从下面四个方面作答：</p>', '', '2017年下半年教师资格证考试《初中英语》题第32题', '1', '0');
DELETE FROM edu_course_exercise_qa WHERE id='2160900';
INSERT INTO edu_course_exercise_qa (id, course_exercise_id, type, question, cando, answer, total_score) VALUES ('2160900', '216090083190', '12', '<p>（1）该片段的教学目的是什么？</p>', '1', '<p>（1）该教学片段的教学目的是锻炼学生的辨音能力。英语语音学习不但有利于正确的表达思想，还会直接或间接地影响和制约听、说、读、写等各项技能的发展。通过在语境中进行辨音练习，提高学生辨别[ɔ:]和[ɔ]的发音的能力，推进学生听、说、读、写各项技能的发展。</p>', '5');
DELETE FROM edu_course_exercise_qa WHERE id='21609006';
INSERT INTO edu_course_exercise_qa (id, course_exercise_id, type, question, cando, answer, total_score) VALUES ('21609006', '216090083190', '12', '<p>（2）该教师采用了哪两种教学方法？</p>', '1', '<p>（2）该教师采用了以下两种教学方法：</p><p>①该教师采用了有意义的上下文这一语言练习活动练习语音。教师不是孤立地读出一个单词让学生选择正确的答案，而是在通过句子让学生理解句意的基础上选择正确的发音。</p><p>②该教师采用了最小对立体分析音差，进行辨音练习。在音位分析中，只涉及一个音素差别的对立体叫做最小对立体。该教师列出的四组词使用的都是最小对立体。</p>', '8');
DELETE FROM edu_course_exercise_qa WHERE id='2160900660';
INSERT INTO edu_course_exercise_qa (id, course_exercise_id, type, question, cando, answer, total_score) VALUES ('2160900660', '216090083190', '12', '<p>（3）该教学片段体现了哪两个语音教学的原则？</p>', '1', '<p>（3）该教学片段体现了语音教学的原则有：</p><p>①综合性原则：语音教学不是孤立的发音教学，教师应该将音素、音标、单词、句子及语义、语用等各个层面结合起来，把语音教学融入有意义、有情景的语言练习中来。该教学片断中，教师把语音和单词、句子结合起来，体现了综合性教学原则。</p><p>②针对性原则：针对性原则指语音训练的重点应该放在有标记的语音特征上。教师要针对学生的困难进行有针对性的指导。这个练习主要训练[ɔ:]和[ɔ]这一对长短音的区别，体现了针对性的教学原则。</p>', '8');
DELETE FROM edu_course_exercise_qa WHERE id='216090066010';
INSERT INTO edu_course_exercise_qa (id, course_exercise_id, type, question, cando, answer, total_score) VALUES ('216090066010', '216090083190', '12', '<p>（4）列出能恰当体现语音教学原则的其他三种方法。</p>', '1', '<p>（4）能恰当体现语音教学原则的其他三种方法有：</p><p>①找出一组词中读音不相同的词。教师连续读几个词，有一个词的发音与其他词不同，请学生挑出发音不同的一个。该练习适用于音素教学和练习，体现了语音教学的针对性原则，如：bit bit bit pit（最后一个不同）。</p><p>②绕口令。绕口令可以调节气氛，可以练习熟练程度，使学生在理解语句、语篇意义的基础上，在轻松愉快的气氛中，感受英语语音的节奏美，体现了语音教学的趣味性。</p><p>③补充完整。教师读出一串词语，这些词只有其中一个辅音或者元音不同，学生需要填空补充完整，如：_ate _ate _ate _ate。</p>', '9');
DELETE FROM edu_course_exercise_comment WHERE id='2160900';
INSERT INTO edu_course_exercise_comment (id, path, course_exercise_qa_id, comment) VALUES ('2160900', ',2160900', '2160900', '<p>第一题是教学目的是什么，这个片段是一位初中英语老师在语音教学中使用的练习就是为了锻炼和提高学生的辨音能力；第二题根据片段中老师读句子学生标出听到的单词，教师用了在句子上讲授语音的方法，同时通过A、B两组单词的对比，该教师采用了最小对立体分析音差；第三题该教师把语音的教学放到句子中去讲授体现了综合性的原则，同时用最小对立体分析音差，体现了语音教学的针对性原则；第四题主要是列出语音教学的三种方法，可以列出平时语音教学常用的方法比如：找不同、绕口令和补充完整等方法。</p>');
DELETE FROM edu_course_exercise_comment WHERE id='21609006';
INSERT INTO edu_course_exercise_comment (id, path, course_exercise_qa_id, comment) VALUES ('21609006', ',21609006', '21609006', '<p>第一题是教学目的是什么，这个片段是一位初中英语老师在语音教学中使用的练习就是为了锻炼和提高学生的辨音能力；第二题根据片段中老师读句子学生标出听到的单词，教师用了在句子上讲授语音的方法，同时通过A、B两组单词的对比，该教师采用了最小对立体分析音差；第三题该教师把语音的教学放到句子中去讲授体现了综合性的原则，同时用最小对立体分析音差，体现了语音教学的针对性原则；第四题主要是列出语音教学的三种方法，可以列出平时语音教学常用的方法比如：找不同、绕口令和补充完整等方法。</p>');
DELETE FROM edu_course_exercise_comment WHERE id='2160900660';
INSERT INTO edu_course_exercise_comment (id, path, course_exercise_qa_id, comment) VALUES ('2160900660', ',2160900660', '2160900660', '<p>第一题是教学目的是什么，这个片段是一位初中英语老师在语音教学中使用的练习就是为了锻炼和提高学生的辨音能力；第二题根据片段中老师读句子学生标出听到的单词，教师用了在句子上讲授语音的方法，同时通过A、B两组单词的对比，该教师采用了最小对立体分析音差；第三题该教师把语音的教学放到句子中去讲授体现了综合性的原则，同时用最小对立体分析音差，体现了语音教学的针对性原则；第四题主要是列出语音教学的三种方法，可以列出平时语音教学常用的方法比如：找不同、绕口令和补充完整等方法。</p>');
DELETE FROM edu_course_exercise_comment WHERE id='216090066010';
INSERT INTO edu_course_exercise_comment (id, path, course_exercise_qa_id, comment) VALUES ('216090066010', ',216090066010', '216090066010', '<p>第一题是教学目的是什么，这个片段是一位初中英语老师在语音教学中使用的练习就是为了锻炼和提高学生的辨音能力；第二题根据片段中老师读句子学生标出听到的单词，教师用了在句子上讲授语音的方法，同时通过A、B两组单词的对比，该教师采用了最小对立体分析音差；第三题该教师把语音的教学放到句子中去讲授体现了综合性的原则，同时用最小对立体分析音差，体现了语音教学的针对性原则；第四题主要是列出语音教学的三种方法，可以列出平时语音教学常用的方法比如：找不同、绕口令和补充完整等方法。</p>');
DELETE FROM edu_course_exercise WHERE id='2160912';
INSERT INTO edu_course_exercise (id, question_type, course_id, content, easy_error, source, checked, is_pk) VALUES ('2160912', '12', '91919191', '<p>简述教学日志（teaching journal）的含义和三个作用，列出教师撰写教学日志的三点注意事项。</p>', '', '2017年下半年教师资格证考试《高中英语》题第31题', '1', '0');
DELETE FROM edu_course_exercise_qa WHERE id='2160912';
INSERT INTO edu_course_exercise_qa (id, course_exercise_id, type, question, cando, answer, total_score) VALUES ('2160912', '2160912', '12', '教学日志（teaching journal）的含义', '1', '<p>（1）含义：教学日志是教师积极主动地对自己的教学活动中具有反思和研究价值的经验所进行的持续而真实的记录和描写，并在此基础上对其进行批判的理解和认识，从而不断更新观念、增长技能，促进自身专业发展的一种手段和方法，也是一种对教师个人认识与思维的研究。</p>', '5');
DELETE FROM edu_course_exercise_qa WHERE id='2160912218';
INSERT INTO edu_course_exercise_qa (id, course_exercise_id, type, question, cando, answer, total_score) VALUES ('2160912218', '2160912', '12', '教学日志的三个作用', '1', '<p>（2）作用：</p><p>①检验教学嘉定，改善教学行为。</p><p>②促进教师交流，利于成果分享。</p><p>③促进深入思考，形成教学思想。</p><p>④促进字数学习，提高理论修养。</p><p>⑤体验发现过程，提高工作乐趣。</p><p>（只需要选择其中的三个方面内进行作答即可。）</p>', '9');
DELETE FROM edu_course_exercise_qa WHERE id='2160912405';
INSERT INTO edu_course_exercise_qa (id, course_exercise_id, type, question, cando, answer, total_score) VALUES ('2160912405', '2160912', '12', '教师撰写教学日志的三点注意事项', '1', '<p>注意事项：</p><p>①要注意亲历性。亲历性要求教学日志所描述的时间必须是自己亲身经历的，而不是来自某一文献或他人的传说，以保证教学日志的独特性与原创性。</p><p>②要注意叙事性。教学日志是教育叙事研究的一种范式，它记述的是一个教学时间从发生、发展到对结果进行反思的过程。因此教学日志要以教学事件为载体。</p><p>③要注意启示性。教学日志记录教学时间不能知识关注时间本身，而应注意教学时间所承载的思想。</p><p>④要注意典型性。教学日志记录的应当是对自己和他人有思想启迪的事件。教师应当对各种教学时间进行精心选择和甄别，选择有价值的事件进行记录。</p><p>⑤要注意即时性。课后立即写教学日志是较理想的，因为现实的教学活动还鲜活地存在大脑里，很多当时认识、感受和情景还没有遗忘。</p><p>（只需要选择其中三个方面进行作答即可。）</p>', '6');
DELETE FROM edu_course_exercise_comment WHERE id='2160912';
INSERT INTO edu_course_exercise_comment (id, path, course_exercise_qa_id, comment) VALUES ('2160912', ',2160912', '2160912', '<p>本文考察的是教学实施概述中的教学反馈。教学日志是教师对自己的教学活动进行反思的一种有效手段。因此需要考生回忆教学日志的含义及三个作用，并列出写教学日志的注意事项。</p>');
DELETE FROM edu_course_exercise_comment WHERE id='2160912499';
INSERT INTO edu_course_exercise_comment (id, path, course_exercise_qa_id, comment) VALUES ('2160912499', ',2160912499', '2160912218', '<p>本文考察的是教学实施概述中的教学反馈。教学日志是教师对自己的教学活动进行反思的一种有效手段。因此需要考生回忆教学日志的含义及三个作用，并列出写教学日志的注意事项。</p>');
DELETE FROM edu_course_exercise_comment WHERE id='2160912192';
INSERT INTO edu_course_exercise_comment (id, path, course_exercise_qa_id, comment) VALUES ('2160912192', ',2160912192', '2160912405', '<p>本文考察的是教学实施概述中的教学反馈。教学日志是教师对自己的教学活动进行反思的一种有效手段。因此需要考生回忆教学日志的含义及三个作用，并列出写教学日志的注意事项。</p>');
DELETE FROM edu_course_exercise WHERE id='2166124';
INSERT INTO edu_course_exercise (id, question_type, course_id, content, easy_error, source, checked, is_pk) VALUES ('2166124', '12', '52525252', '<p>有一种观点认为，在革命战争年代应当提倡“斗争哲学”，在和平建设时期则应提倡“和谐哲学”。</p>', '', '天津市选调2018年应届优秀大学毕业生到基层培养锻炼考试题（网友回忆版）第141题', '1', '0');
DELETE FROM edu_course_exercise_qa WHERE id='2166124';
INSERT INTO edu_course_exercise_qa (id, course_exercise_id, type, question, cando, answer, total_score) VALUES ('2166124', '2166124', '12', '', '1', '<p>错误</p>', '0');
DELETE FROM edu_course_exercise_comment WHERE id='2166124';
INSERT INTO edu_course_exercise_comment (id, path, course_exercise_qa_id, comment) VALUES ('2166124', ',2166124', '2166124', '<p>“斗争哲学”一词最早出现是上个世纪30年代国民党高级将领邓宝珊讲的话，本来带有贬义，但是毛泽东主席接过这句话，说道：“有人说我们党的哲学叫做斗争哲学，我说，你讲对了，自从有了奴隶主、封建主、资本家、他们就向被压迫的人民进行了斗争，斗争哲学就是他们先发明出的。被压迫人民的斗争哲学出来的比较晚，那是斗争了几千年，才有了马克思主义。”在革命战争年代毛泽东主席提倡斗争哲学，是为了争取民的独立和解放。“和谐哲学”重点强调和谐，回避了斗争问题。</p><p>习近平总书记在十九大报告中指出：实现伟大梦想，必须进行伟大斗争。社会是在矛盾运动中前进的，有矛盾就会有斗争。我们党要团结带领人民有效应对重大挑战、抵御重大风险、克服重大阻力、解决重大矛盾，必须进行具有许多新的历史特点的伟大斗争，任何贪图享受、消极懈怠、回避矛盾的思想和行为都是错误的。······全党要充分认识这场伟大斗争的长期性、复杂性、艰巨性，发扬斗争精神，提高斗争本领，不断夺取伟大斗争新胜利。由此可见即便是进入了新时代，我们依然要在党的领导下进行伟大的斗争，夺取伟大斗争的新胜利。在和平战争时期，依然存在斗争，不能简单的认为和平战争时期就要提倡“和谐哲学”。</p><p>故表述错误。</p>');
DELETE FROM edu_course_exercise WHERE id='2168318';
INSERT INTO edu_course_exercise (id, question_type, course_id, content, easy_error, source, checked, is_pk) VALUES ('2168318', '12', '22222222', '<p>贯穿普通高中《思想政治》课程始终的基本理念是什么？</p>', '', '2014年浙江省教师招聘考试学科专业知识（中学政治）第31题', '1', '0');
DELETE FROM edu_course_exercise_qa WHERE id='2168318';
INSERT INTO edu_course_exercise_qa (id, course_exercise_id, type, question, cando, answer, total_score) VALUES ('2168318', '2168318', '12', '', '1', '<p>（1）坚持马克思主义基本常识教育与顺应时代发展要求相统一，体现当今世界和中国发展的时代特征，显示马克思主义科学理论的强大力量。<br></p><p>（2）注重政治方向的引导与学生成长阶段的特点相结合，在尊重学生个性差异和各种生活关切的同时，力求采取释疑解惑、循循善诱的方式，帮助他们认同正确的价值标准，把握正确的政治方向。</p><p>（3）构建以生活为基础、以学科知识为支撑的课程模块。本课程要立足于学生现实的生活经验，着眼于学生未来的发展需求，把理论观点的阐述寓于生活主题之中。</p><p>（4）强调课程实施的实践性和开放性。本课程要引领学生在认识社会、适应社会、参与社会的实践活动中，感受经济、政治、文化各个生活领域应用知识的价值和理性思考的意义。</p>', '7');
DELETE FROM edu_course_exercise_comment WHERE id='2168318';
INSERT INTO edu_course_exercise_comment (id, path, course_exercise_qa_id, comment) VALUES ('2168318', ',2168318', '2168318', '<p>（1）坚持马克思主义基本常识教育与顺应时代发展要求相统一，体现当今世界和中国发展的时代特征，显示马克思主义科学理论的强大力量。<br></p><p>（2）注重政治方向的引导与学生成长阶段的特点相结合，在尊重学生个性差异和各种生活关切的同时，力求采取释疑解惑、循循善诱的方式，帮助他们认同正确的价值标准，把握正确的政治方向。</p><p>（3）构建以生活为基础、以学科知识为支撑的课程模块。本课程要立足于学生现实的生活经验，着眼于学生未来的发展需求，把理论观点的阐述寓于生活主题之中。</p><p>（4）强调课程实施的实践性和开放性。本课程要引领学生在认识社会、适应社会、参与社会的实践活动中，感受经济、政治、文化各个生活领域应用知识的价值和理性思考的意义。</p>');
DELETE FROM edu_course_exercise WHERE id='2168624';
INSERT INTO edu_course_exercise (id, question_type, course_id, content, easy_error, source, checked, is_pk) VALUES ('2168624', '12', '70707070', '<p>列举小学教师及特殊学校教师上好课的五项基本要求。</p>', '', '2018年1月7日山西省长治市教师招聘考试《教育基础知识》（小学）第77题', '1', '0');
DELETE FROM edu_course_exercise_qa WHERE id='2168624';
INSERT INTO edu_course_exercise_qa (id, course_exercise_id, type, question, cando, answer, total_score) VALUES ('2168624', '2168624', '12', '', '1', '<p>上课是教学工作的中心环节，小学教师及特殊学校教师上好课的基本要求包括以下几方面：</p><p>（1）有意义。在这节课中，学生的学习是有意义的。初步的意义是他学到了新的知识：再进一步是锻炼了他的能力；再往前发展是在这个过程中有良好的积极的情感体验，使他产生更努力学习的强烈要求；再发展一步，在这个过程中他会越来越主动地投人到学习中去。这样的学习学生会学到新东西。</p><p>（2）有效率。表现在两方面：一是对面上而言，这堂课下来，对全班学生中的多少学生是有效的，包括好的、中间的、困难的，他们有多少效率；二是效率的高低，有的高些，有的低些，但如果没有效率或者只是对少数学生有效率，那么这节课不能算是比较好的课。</p><p>（3）有生成性。这节课不完全是预设的，而是在课堂中有教师和学生的真实的、情感的、智慧的、思维的、能力的投入，有互动的过程、气氛相当活跃。</p><p>（4）常态性。课前的准备有利于学生的学习，但课堂有它独特的价值，这个价值就在于它是公共的空间，这个空间需要有思维的碰撞、相应的讨论，最后在这个过程中师生相互地生成许多新的东西。</p><p>（5）有待完善。课不可能十全十美，十全十美的课作假的可能性很大。只要是真实的就是有缺憾的，有缺憾是真实的一个指标。生活中的课本来就是有缺憾的、有待完善的，这样的课称为真实的课。</p>', '0');
DELETE FROM edu_course_exercise_comment WHERE id='2168624';
INSERT INTO edu_course_exercise_comment (id, path, course_exercise_qa_id, comment) VALUES ('2168624', ',2168624', '2168624', '<p>上课是教学工作的中心环节，小学教师及特殊学校教师上好课的基本要求包括以下几方面：</p><p>（1）有意义。在这节课中，学生的学习是有意义的。初步的意义是他学到了新的知识：再进一步是锻炼了他的能力；再往前发展是在这个过程中有良好的积极的情感体验，使他产生更努力学习的强烈要求；再发展一步，在这个过程中他会越来越主动地投人到学习中去。这样的学习学生会学到新东西。</p><p>（2）有效率。表现在两方面：一是对面上而言，这堂课下来，对全班学生中的多少学生是有效的，包括好的、中间的、困难的，他们有多少效率；二是效率的高低，有的高些，有的低些，但如果没有效率或者只是对少数学生有效率，那么这节课不能算是比较好的课。</p><p>（3）有生成性。这节课不完全是预设的，而是在课堂中有教师和学生的真实的、情感的、智慧的、思维的、能力的投入，有互动的过程、气氛相当活跃。</p><p>（4）常态性。课前的准备有利于学生的学习，但课堂有它独特的价值，这个价值就在于它是公共的空间，这个空间需要有思维的碰撞、相应的讨论，最后在这个过程中师生相互地生成许多新的东西。</p><p>（5）有待完善。课不可能十全十美，十全十美的课作假的可能性很大。只要是真实的就是有缺憾的，有缺憾是真实的一个指标。生活中的课本来就是有缺憾的、有待完善的，这样的课称为真实的课。</p>');
DELETE FROM edu_course_exercise WHERE id='2168884';
INSERT INTO edu_course_exercise (id, question_type, course_id, content, easy_error, source, checked, is_pk) VALUES ('2168884', '12', '70707070', '<p>班级授课制的优点是什么？</p>', '', '2018年1月7日山西省长治市教师招聘考试《教育基础知识》（中学）第82题', '1', '0');
DELETE FROM edu_course_exercise_qa WHERE id='2168884';
INSERT INTO edu_course_exercise_qa (id, course_exercise_id, type, question, cando, answer, total_score) VALUES ('2168884', '2168884', '12', '', '1', '<p>班级授课制的优点是：</p><p>（1）有严格的制度保证教学的正常开展，达到一定质量。</p><p>（2）有利于大面积培养人才。</p><p>（3）能够充分发挥教师的主导作用。</p><p>（4）有利于发挥集体教育的作用。</p><p>（5）有利于学生获得系统的科学知识。</p><p>（6）有利于进行教学管理和教学检查。</p>', '0');
DELETE FROM edu_course_exercise_comment WHERE id='2168884';
INSERT INTO edu_course_exercise_comment (id, path, course_exercise_qa_id, comment) VALUES ('2168884', ',2168884', '2168884', '<p>班级授课制的优点是：</p><p>（1）有严格的制度保证教学的正常开展，达到一定质量。</p><p>（2）有利于大面积培养人才。</p><p>（3）能够充分发挥教师的主导作用。</p><p>（4）有利于发挥集体教育的作用。</p><p>（5）有利于学生获得系统的科学知识。</p><p>（6）有利于进行教学管理和教学检查。</p>');
DELETE FROM edu_course_exercise WHERE id='2169721';
INSERT INTO edu_course_exercise (id, question_type, course_id, content, easy_error, source, checked, is_pk) VALUES ('2169721', '12', '61616161', '<p>简述教材编写的基本要求。</p>', '', '2018年上半年教师资格证考试《教育知识与能力》（中学）题第26题', '1', '0');
DELETE FROM edu_course_exercise_qa WHERE id='2169721';
INSERT INTO edu_course_exercise_qa (id, course_exercise_id, type, question, cando, answer, total_score) VALUES ('2169721', '2169721', '12', '', '1', '<p>教材的编写应遵循以下基本要求。</p><p>（1）按照不同学科的特点，在内容上体现科学性与思想性统一。</p><p>（2）强调内容的基础性与适切性。</p><p>（3）理论和实践统一。</p><p>（4）知识的内在逻辑与教学法要求统一。</p><p>（5）教材的编排形式要有利于学生的学习。</p><p>（6）注意与其他学科的纵向和横向联系。</p>', '10.0');
DELETE FROM edu_course_exercise_comment WHERE id='2169721';
INSERT INTO edu_course_exercise_comment (id, path, course_exercise_qa_id, comment) VALUES ('2169721', ',2169721', '2169721', '<p>教材的编写应遵循以下基本要求。</p><p>（1）按照不同学科的特点，在内容上体现科学性与思想性统一。</p><p>（2）强调内容的基础性与适切性。</p><p>（3）理论和实践统一。</p><p>（4）知识的内在逻辑与教学法要求统一。</p><p>（5）教材的编排形式要有利于学生的学习。</p><p>（6）注意与其他学科的纵向和横向联系。</p>');
DELETE FROM edu_course_exercise WHERE id='2169722';
INSERT INTO edu_course_exercise (id, question_type, course_id, content, easy_error, source, checked, is_pk) VALUES ('2169722', '12', '61616161', '<p>简述班主任应具备的基本条件。</p>', '', '2018年上半年教师资格证考试《教育知识与能力》（中学）题第27题', '1', '0');
DELETE FROM edu_course_exercise_qa WHERE id='2169722';
INSERT INTO edu_course_exercise_qa (id, course_exercise_id, type, question, cando, answer, total_score) VALUES ('2169722', '2169722', '12', '', '1', '<p>作为班主任，在思想、知识、管理、能力等方面应具备的水平和能力如下。</p><p>（1）高尚的思想品德素质。</p><p>（2）广博的知识与才能。</p><p>（3）较强的组织管理能力。</p><p>（4）良好的沟通与交往能力。</p>', '10.0');
DELETE FROM edu_course_exercise_comment WHERE id='2169722';
INSERT INTO edu_course_exercise_comment (id, path, course_exercise_qa_id, comment) VALUES ('2169722', ',2169722', '2169722', '<p>作为班主任，在思想、知识、管理、能力等方面应具备的水平和能力如下。</p><p>（1）高尚的思想品德素质。</p><p>（2）广博的知识与才能。</p><p>（3）较强的组织管理能力。</p><p>（4）良好的沟通与交往能力。</p>');
DELETE FROM edu_course_exercise WHERE id='2171630';
INSERT INTO edu_course_exercise (id, question_type, course_id, content, easy_error, source, checked, is_pk) VALUES ('2171630', '12', '80808080', '<p>任选一题作文（不透露个人信息，卷面整洁，书写规范，不少于800字）</p><p>题目一：教师的品格与信仰。</p><p>题目二：评述长篇小说陈忠实《白鹿原》或加西亚 · 马尔克斯《百年孤独》。</p><p>要求：自选角度，自拟题目，集中一点，写深写透。</p>', '', '2016年安徽省教师招聘考试《中学语文》题第23题', '1', '0');
DELETE FROM edu_course_exercise_qa WHERE id='2171630';
INSERT INTO edu_course_exercise_qa (id, course_exercise_id, type, question, cando, answer, total_score) VALUES ('2171630', '2171630', '12', '', '0', '<p>略。</p>', '0');
DELETE FROM edu_course_exercise_comment WHERE id='2171630';
INSERT INTO edu_course_exercise_comment (id, path, course_exercise_qa_id, comment) VALUES ('2171630', ',2171630', '2171630', '<p>题目一，是典型的教育类题目，站在教师的角度，去审视教师的品格与信仰，从“品格”与“信仰”两方面展开。考生可结合自身的理解进行撰写。语言建议平实、真诚。</p><p>题目二，是评述类的文章。写作要点：①充分了解相应作家的生活背景、写作特点以及相应文章的主旨内涵。②结合自身的理解进行撰写，建议考生从小的方面进行切入，切忌泛泛而谈。</p>');
DELETE FROM edu_course_exercise WHERE id='2171808';
INSERT INTO edu_course_exercise (id, question_type, course_id, content, easy_error, source, checked, is_pk) VALUES ('2171808', '12', '80808080', '<p>下面一段话是对“微公益”的说明，请提取主要信息，写出四个关键词。</p><p>       随着社会的进步和人们生活水平的提高，越来越多的普通人开始参与到公益事业中来，于是一种草根公益应运而生，这就是微公益。微公益提供了一个很好的平台，人们将微不足道的爱心汇集起来，积少成多，就形成了一股强大的社会力量。微公益关注贫困，关注教育，关注社区发展，关注生物保护和低碳等，具有很强的利他性。它没有过去大慈善者那种“行侠仗义”“扶贫济困”的远大抱负，取而代之的是寓善于乐的参与方式。</p>', '', '2017年天津市滨海新区教师招聘考试《语文》（精编）题第28题', '1', '0');
DELETE FROM edu_course_exercise_qa WHERE id='2171808';
INSERT INTO edu_course_exercise_qa (id, course_exercise_id, type, question, cando, answer, total_score) VALUES ('2171808', '2171808', '12', '', '1', '<p>平民参与（草根公益）、积少成多、利他性、寓善于乐</p>', '0');
DELETE FROM edu_course_exercise_comment WHERE id='2171808';
INSERT INTO edu_course_exercise_comment (id, path, course_exercise_qa_id, comment) VALUES ('2171808', ',2171808', '2171808', '<p>本题考查的是对文段信息的提取能力。通过阅读得知本段在介绍“微公益” 的特点，因此提取的关键词应是对其特点的高度概括。</p>');
DELETE FROM edu_course_exercise WHERE id='2172022';
INSERT INTO edu_course_exercise (id, question_type, course_id, content, easy_error, source, checked, is_pk) VALUES ('2172022', '12', '32323232', '<p>中学美术课程类型有哪些？</p>', '', '2017年江西省教师招聘考试学科专业知识（初中美术）第62题', '1', '0');
DELETE FROM edu_course_exercise_qa WHERE id='2172022';
INSERT INTO edu_course_exercise_qa (id, course_exercise_id, type, question, cando, answer, total_score) VALUES ('2172022', '2172022', '12', '', '1', '<p>在中学美术教学过程中，美术教师根据不同的教学任务而确定的上课的类型，即为课型。课型分为新授课、复习课、实验课、实习课、检查课、测验课、综合课和活动课等。</p><p>（1）新授课是以讲解新知识为目的的课。</p><p>（2）复习课是以复习巩固所学知识为目的的课。</p><p>（3）实验课、实习课是以培养学生技能、技巧为目的的课。</p><p>（4）检查课、测验课是以检查学生掌握知识和技能程度为目的的课。</p><p>（5）综合课、活动课是将讲授、复习巩固、检查提问、作业练习等活动交叉进行的课。</p>', '0');
DELETE FROM edu_course_exercise_comment WHERE id='2172022';
INSERT INTO edu_course_exercise_comment (id, path, course_exercise_qa_id, comment) VALUES ('2172022', ',2172022', '2172022', '<p>在中学美术教学过程中，美术教师根据不同的教学任务而确定的上课的类型，即为课型。课型分为新授课、复习课、实验课、实习课、检查课、测验课、综合课和活动课等。</p><p>（1）新授课是以讲解新知识为目的的课。</p><p>（2）复习课是以复习巩固所学知识为目的的课。</p><p>（3）实验课、实习课是以培养学生技能、技巧为目的的课。</p><p>（4）检查课、测验课是以检查学生掌握知识和技能程度为目的的课。</p><p>（5）综合课、活动课是将讲授、复习巩固、检查提问、作业练习等活动交叉进行的课。</p>');
DELETE FROM edu_course_exercise WHERE id='2174060';
INSERT INTO edu_course_exercise (id, question_type, course_id, content, easy_error, source, checked, is_pk) VALUES ('2174060', '12', '32323232', '<p>中国山水画与西方风景画有什么区别？</p>', '', '2016年山东省临沂市教师招聘考试学科专业知识（美术）第32题', '1', '0');
DELETE FROM edu_course_exercise_qa WHERE id='2174060';
INSERT INTO edu_course_exercise_qa (id, course_exercise_id, type, question, cando, answer, total_score) VALUES ('2174060', '2174060', '12', '', '1', '<p>（1）工具材料不同。因为中国山水画使用的是最富有弹力的毛笔和对笔触、水分变化反应最为灵敏的宣纸，所以形成了中国山水画笔墨不易塑形，笔触变化无穷的特点。西方风景画使用的是与中国山水画作画工具完全不同的油画笔、油性颜料与画布。</p><p>（2）观察方法和表现方法不同。西方风景画大多以焦点透视的方法对照实物如实描绘，中国山水画则讲究“搜尽奇峰打草稿”，对画面目识心记，构图采用散点透视，形成独幅或长卷。</p><p>（3）中国山水画强调笔墨意境的追求，西方风景画多表现现实的景物。</p>', '0');
DELETE FROM edu_course_exercise_comment WHERE id='2174060';
INSERT INTO edu_course_exercise_comment (id, path, course_exercise_qa_id, comment) VALUES ('2174060', ',2174060', '2174060', '<p>（1）工具材料不同。因为中国山水画使用的是最富有弹力的毛笔和对笔触、水分变化反应最为灵敏的宣纸，所以形成了中国山水画笔墨不易塑形，笔触变化无穷的特点。西方风景画使用的是与中国山水画作画工具完全不同的油画笔、油性颜料与画布。</p><p>（2）观察方法和表现方法不同。西方风景画大多以焦点透视的方法对照实物如实描绘，中国山水画则讲究“搜尽奇峰打草稿”，对画面目识心记，构图采用散点透视，形成独幅或长卷。</p><p>（3）中国山水画强调笔墨意境的追求，西方风景画多表现现实的景物。</p>');
DELETE FROM edu_course_exercise WHERE id='2174302';
INSERT INTO edu_course_exercise (id, question_type, course_id, content, easy_error, source, checked, is_pk) VALUES ('2174302', '12', '32323232', '<p>写出《义务教育美术课程标准（2011年版）》中根据美术学习方式划分的四个学习领域。</p>', '', '2016年安徽省教师招聘考试学科专业知识（小学美术）第27题', '1', '0');
DELETE FROM edu_course_exercise_qa WHERE id='2174302';
INSERT INTO edu_course_exercise_qa (id, course_exercise_id, type, question, cando, answer, total_score) VALUES ('2174302', '2174302', '12', '', '1', '<p>美术课程改变单纯以学科知识体系构建课程的思路和方法，从促进学生素质发展的角度，根据美术学习活动方式划分为“造型 · 表现”“设计 · 应用”“欣赏 · 评述”和“综合 · 探索”四个学习领域。</p>', '0');
DELETE FROM edu_course_exercise_comment WHERE id='2174302';
INSERT INTO edu_course_exercise_comment (id, path, course_exercise_qa_id, comment) VALUES ('2174302', ',2174302', '2174302', '<p>美术课程改变单纯以学科知识体系构建课程的思路和方法，从促进学生素质发展的角度，根据美术学习活动方式划分为“造型 · 表现”“设计 · 应用”“欣赏 · 评述”和“综合 · 探索”四个学习领域。</p>');
DELETE FROM edu_course_exercise WHERE id='2174320';
INSERT INTO edu_course_exercise (id, question_type, course_id, content, easy_error, source, checked, is_pk) VALUES ('2174320', '12', '32323232', '<p>根据图中所提供的人物造型，发挥想象完善人物形象，合理添加服饰、道具和背景，在给定的区域内完成一幅有创意的绘画作品。</p><p>要求：</p><p>（1）只能用单色表现（红色除外）；</p><p>（2）形象生动；</p><p>（3）构图完整；</p><p>（4）人物与背景和谐，画面富有创意。</p><p align="center"><img width="408px" height="297px" src="https://fb.fbstatic.cn/api/tarzan/images/1626b25203cc623.png?width=700" /></p>', '', '2016年安徽省教师招聘考试学科专业知识（小学美术）第33题', '1', '0');
DELETE FROM edu_course_exercise_qa WHERE id='2174320';
INSERT INTO edu_course_exercise_qa (id, course_exercise_id, type, question, cando, answer, total_score) VALUES ('2174320', '2174320', '12', '', '0', '<p align="center"><img width="568px" height="418px" src="https://fb.fbstatic.cn/api/tarzan/images/1626b25649b392e.png?width=700" /></p>', '0');
DELETE FROM edu_course_exercise_comment WHERE id='2174320';
INSERT INTO edu_course_exercise_comment (id, path, course_exercise_qa_id, comment) VALUES ('2174320', ',2174320', '2174320', '<p align="center"><img width="568px" height="418px" src="https://fb.fbstatic.cn/api/tarzan/images/1626b25649b392e.png?width=700" /></p>');
DELETE FROM edu_course_exercise WHERE id='2174434';
INSERT INTO edu_course_exercise (id, question_type, course_id, content, easy_error, source, checked, is_pk) VALUES ('2174434', '12', '32323232', '<p>图案艺术有哪五种形式法则？</p>', '', '2016年江西省教师招聘考试学科专业知识（小学美术）第62题', '1', '0');
DELETE FROM edu_course_exercise_qa WHERE id='2174434';
INSERT INTO edu_course_exercise_qa (id, course_exercise_id, type, question, cando, answer, total_score) VALUES ('2174434', '2174434', '12', '', '1', '<p>图案的基本法则是在创造图案的形式美的过程中对美的形式规律的 经验总结和抽象概括，是统一与变化的协调，是对统一辩证法在艺术创造上的应用。具体有以下五种。</p><p>（1）统一与变化</p><p>统一是指图案各组成部分间的内在联系。变化是相异的形、色、质等因素并置在一起，造成的显著对比的效果。变化与统一是相互对立相互依存的。</p><p>（2）条理与反复</p><p>条理是指复杂的自然物象的构成因素，经过概述、归纳，使之规律变化，秩序化，呈现出一种整齐美。反复是指统一形象因素的重复或有规律的连续排列，从而产生富于统一感的节奏美。</p><p>（3）对称与均衡</p><p>对称是同形同量的组合。均衡是异形同量的组合。</p><p>（4）对比与调和</p><p>对比是差异的强调，造型要素存在形体的对比、大小的对比、色彩的对比、刚柔的对比、虚实的对比、静动的对比等。同一作品中，使用这些对比方式，能够使作品显得更加生动。调和是使画面具有统一感的方法，即色彩、线条、图案造型各元素寻找到共同存在的方式，使整个图案作品整体不突兀。当图案元素差异过大时，就需要用一些元素对它进行调和，从而使作品的各种要素显得和谐而统一。</p><p>（5）节奏与韵律</p><p>节奏是借助音乐的术语，指图案构成的诸因素有秩序、有条理地反复出现时，人们的视线随之在时间上所做的秩序的运动。</p><p>韵律是借助诗词的术语，指图案构成的诸因素的条理与反复所产生的节奏中表现的像诗歌一样抑扬顿挫的优美情调和趋势。</p><p>节奏决定着韵律的情调和趋势，韵律是节奏的丰富和发展。在特定的情调上和趋势中，节奏与韵律相统一才能在整体中形成完美的视觉效果。</p>', '0');
DELETE FROM edu_course_exercise_comment WHERE id='2174434';
INSERT INTO edu_course_exercise_comment (id, path, course_exercise_qa_id, comment) VALUES ('2174434', ',2174434', '2174434', '<p>图案的基本法则是在创造图案的形式美的过程中对美的形式规律的 经验总结和抽象概括，是统一与变化的协调，是对统一辩证法在艺术创造上的应用。具体有以下五种。</p><p>（1）统一与变化</p><p>统一是指图案各组成部分间的内在联系。变化是相异的形、色、质等因素并置在一起，造成的显著对比的效果。变化与统一是相互对立相互依存的。</p><p>（2）条理与反复</p><p>条理是指复杂的自然物象的构成因素，经过概述、归纳，使之规律变化，秩序化，呈现出一种整齐美。反复是指统一形象因素的重复或有规律的连续排列，从而产生富于统一感的节奏美。</p><p>（3）对称与均衡</p><p>对称是同形同量的组合。均衡是异形同量的组合。</p><p>（4）对比与调和</p><p>对比是差异的强调，造型要素存在形体的对比、大小的对比、色彩的对比、刚柔的对比、虚实的对比、静动的对比等。同一作品中，使用这些对比方式，能够使作品显得更加生动。调和是使画面具有统一感的方法，即色彩、线条、图案造型各元素寻找到共同存在的方式，使整个图案作品整体不突兀。当图案元素差异过大时，就需要用一些元素对它进行调和，从而使作品的各种要素显得和谐而统一。</p><p>（5）节奏与韵律</p><p>节奏是借助音乐的术语，指图案构成的诸因素有秩序、有条理地反复出现时，人们的视线随之在时间上所做的秩序的运动。</p><p>韵律是借助诗词的术语，指图案构成的诸因素的条理与反复所产生的节奏中表现的像诗歌一样抑扬顿挫的优美情调和趋势。</p><p>节奏决定着韵律的情调和趋势，韵律是节奏的丰富和发展。在特定的情调上和趋势中，节奏与韵律相统一才能在整体中形成完美的视觉效果。</p>');
DELETE FROM edu_course_exercise WHERE id='2174571';
INSERT INTO edu_course_exercise (id, question_type, course_id, content, easy_error, source, checked, is_pk) VALUES ('2174571', '12', '32323232', '<p>连线题。</p><p>后印象派            列宾             《自由引导人民》 </p><p>巡回展览画派    德拉克洛瓦  《倒牛奶的女仆》  </p><p>浪漫主义            塞尚             《伏尔加河上的纤夫》  </p><p>野兽派               维米尔          《舞蹈》  </p><p>荷兰小画派        马蒂斯         《圣维克多山》  </p>', '', '2016年安徽省教师招聘考试学科专业知识（中学美术）第31题', '1', '0');
DELETE FROM edu_course_exercise_qa WHERE id='2174571';
INSERT INTO edu_course_exercise_qa (id, course_exercise_id, type, question, cando, answer, total_score) VALUES ('2174571', '2174571', '12', '', '0', '<p><img width="700px" height="178px" src="https://fb.fbstatic.cn/api/tarzan/images/1626b85e7ddd88a.png?width=700" /></p>', '0');
DELETE FROM edu_course_exercise_comment WHERE id='2174571';
INSERT INTO edu_course_exercise_comment (id, path, course_exercise_qa_id, comment) VALUES ('2174571', ',2174571', '2174571', '<p>本题考查外国美术史中画家、流派与代表作品之间的关系。</p><p>列宾（1844—1930），俄国杰出的批判现实主义画家，巡回展览画派重要代表人物，创作了大量的历史画、风俗画和肖像画，表现了人民的贫穷苦难及对美好生活的渴望。代表作品有《伏尔加河上的纤夫》《宣传者被捕》《意外归来》《查波罗什人复信给土耳其苏丹》《托尔斯泰》等。</p><p>德拉克洛瓦（1798—1863），法国著名画家，浪漫主义画派的典型代表。他继承和发展了文艺复兴以来欧洲各艺术流派，包括威尼斯画派、荷兰画派、鲁本斯和康斯特布尔等艺术家的成就和传统，并影响了以后的艺术家，特别是印象主义画家，代表作品为《自由引导人民》。</p><p>塞尚（1839—1906），法国著名画家，后期印象派的主将，从19世纪末便被推崇为“新艺术之父”，作为现代艺术的先驱，西方现代画家称他为“现代艺术之父”“造型之父”或“现代绘画之父”。其代表作品有《静物》《圣维克多山》《玩纸牌者》《浴女们》《埃斯泰克的海湾》。</p><p>维米尔（1632—1675）是一位优秀的风俗画家，又常常被看作“荷兰小画派”的代表画家。他的作品，流露出一种清新、恬静的诗意。虽然他属于荷兰小画派，但其作品风格与“荷兰小画派”其他画家的作品风格相比是有所区别的。他不以情节引人入胜，也不描绘过多的生活细节，而是以一种抒情情调给人美的享受。维米尔喜欢用蓝、黄两种色调描绘市民家庭妇女的日常生活，着重刻画自然光线的微妙变化，造型简洁洗练，画面充满宁静、安适的生活气息。其代表作品有《倒牛奶的女仆》《花边女工》等。</p><p>马蒂斯（1869—1954），法国著名画家，野兽派创始人。他运用平涂的鲜明色块，有力的轮廓线塑造形象，画面单纯，充满律动感，富有装饰性。他把绘画比作“安乐椅”，供人消遣和赏心悦目，追求一种和谐、纯粹而又宁静的艺术境界。除作油画、壁画外，他还是一位出色的雕塑家、书籍插画家。其代表作品有《舞蹈》《音乐》《红色和谐》《戴帽子的妇人》《生命的快乐》。</p>');
DELETE FROM edu_course_exercise WHERE id='2179175';
INSERT INTO edu_course_exercise (id, question_type, course_id, content, easy_error, source, checked, is_pk) VALUES ('2179175', '12', '80808080', '<p>《义务教育语文课程标准（2011年版）》第三学段关于阅读教学的目标和建议指出：阅读教学要细细品味语言，体会作者及其作品的情感态度，初步领悟文章的基本表达方法。请你根据这一教学要求为文章第⑥段的画线语句写一份教学片段设计（只需写出教学过程部分的设计）。</p>', '', '2017年福建省教师招聘考试《小学语文》题第28题', '1', '0');
DELETE FROM edu_course_exercise_qa WHERE id='2179175';
INSERT INTO edu_course_exercise_qa (id, course_exercise_id, type, question, cando, answer, total_score) VALUES ('2179175', '2179175', '12', '', '1', '<p>教学过程：</p><p>（1）学生朗读第⑥段画线的语句思考：“哪些词语需要重读，表现了母亲的什么情感？”</p><p>①指名学生朗读，其他学生点评其重读音适当与否，并讨论其中所表现的母亲的情感。</p><p>②教师在学生讨论的基础上，指导需要重读的词语：“至宝”“真正”“悄悄地”“千山万水”“知心话”。</p><p>这些词语表现了母亲对父亲的思念之情，字里行间无不隐含着年轻母亲对爱情的向往，她也渴望有爱的滋润。</p><p>（2）学生小组讨论：为什么母亲要等花儿绣累了，“我”睡着了，才会悄悄地抽出信来，与父亲隔着千山万水，低诉知心话？</p><p>学生讨论后，教师指导：母亲“等花儿绣累了”是因为思念父亲，只能用做事来消 减这种思念之苦；而等“我”睡着了，是因为不愿让女儿看到自己的这种痛苦，同时也能专心地、安静地与父亲“隔着千山万水，低诉知心话”。</p><p>（3）学生改写母亲读父亲来信的情节，以体现母亲的情感。要求用具体的描写，特别是细节描写来体现母亲的情感。</p><p>教师根据学生改写，适当点评。</p><p>（4）教师小结</p><p>作者通过母亲把父亲的来信当作“至宝”，并在“我”睡着之后，“悄悄地”与父亲“隔着千山万水，低诉知心话”的情节，将母亲的思念与愁绪体现得自然而又深切。我们 要通过对作品语言的品味，读出并感悟作者对母亲悲苦一生的体认与同情，读出那种令人怆然泪下的感觉。</p><p>（5）作业</p><p>学生课下搜集相关表达亲情的故事。<br></p>', '0');
DELETE FROM edu_course_exercise_comment WHERE id='2179175';
INSERT INTO edu_course_exercise_comment (id, path, course_exercise_qa_id, comment) VALUES ('2179175', ',2179175', '2179175', '<p>教学过程：</p><p>（1）学生朗读第⑥段画线的语句思考：“哪些词语需要重读，表现了母亲的什么情感？”</p><p>①指名学生朗读，其他学生点评其重读音适当与否，并讨论其中所表现的母亲的情感。</p><p>②教师在学生讨论的基础上，指导需要重读的词语：“至宝”“真正”“悄悄地”“千山万水”“知心话”。</p><p>这些词语表现了母亲对父亲的思念之情，字里行间无不隐含着年轻母亲对爱情的向往，她也渴望有爱的滋润。</p><p>（2）学生小组讨论：为什么母亲要等花儿绣累了，“我”睡着了，才会悄悄地抽出信来，与父亲隔着千山万水，低诉知心话？</p><p>学生讨论后，教师指导：母亲“等花儿绣累了”是因为思念父亲，只能用做事来消 减这种思念之苦；而等“我”睡着了，是因为不愿让女儿看到自己的这种痛苦，同时也能专心地、安静地与父亲“隔着千山万水，低诉知心话”。</p><p>（3）学生改写母亲读父亲来信的情节，以体现母亲的情感。要求用具体的描写，特别是细节描写来体现母亲的情感。</p><p>教师根据学生改写，适当点评。</p><p>（4）教师小结</p><p>作者通过母亲把父亲的来信当作“至宝”，并在“我”睡着之后，“悄悄地”与父亲“隔着千山万水，低诉知心话”的情节，将母亲的思念与愁绪体现得自然而又深切。我们 要通过对作品语言的品味，读出并感悟作者对母亲悲苦一生的体认与同情，读出那种令人怆然泪下的感觉。</p><p>（5）作业</p><p>学生课下搜集相关表达亲情的故事。<br></p>');
DELETE FROM edu_course_exercise WHERE id='2179343';
INSERT INTO edu_course_exercise (id, question_type, course_id, content, easy_error, source, checked, is_pk) VALUES ('2179343', '12', '80808080', '<p>《义务教育语文课程标准（2011年版）》指出：“阅读是学生的个性化行为。”请你谈谈对这句话的理解。</p>', '', '2017年江西省教师招聘考试《初中语文》题第57题', '1', '0');
DELETE FROM edu_course_exercise_qa WHERE id='2179343';
INSERT INTO edu_course_exercise_qa (id, course_exercise_id, type, question, cando, answer, total_score) VALUES ('2179343', '2179343', '12', '', '1', '<p>《义务教育语文课程标准（2011年版）》指出：“阅读是学生的个性化行为，不应以教师的分析来代替学生的阅读实践，应让学生在主动积极的思维和情感活动中，加深理解和体验，有所感悟和思考，受到情感熏陶，获得思想启迪，享受审美乐趣。”学生个性化阅读，是学生从书面语言中获取信息，并与非认知因素互为影响的活动，存在着个体差异。它是学生借助文本与作者对话的心理过程，具有鲜明的个性特征，它是教师引导学生探究性感受、理解、赏析、评价文本的过程。每个学生的生活积淀、文化底蕴、审美情趣千差万别，因此阅读是一种个性化的行为。</p>', '0');
DELETE FROM edu_course_exercise_comment WHERE id='2179343';
INSERT INTO edu_course_exercise_comment (id, path, course_exercise_qa_id, comment) VALUES ('2179343', ',2179343', '2179343', '<p>《义务教育语文课程标准（2011年版）》指出：“阅读是学生的个性化行为，不应以教师的分析来代替学生的阅读实践，应让学生在主动积极的思维和情感活动中，加深理解和体验，有所感悟和思考，受到情感熏陶，获得思想启迪，享受审美乐趣。”学生个性化阅读，是学生从书面语言中获取信息，并与非认知因素互为影响的活动，存在着个体差异。它是学生借助文本与作者对话的心理过程，具有鲜明的个性特征，它是教师引导学生探究性感受、理解、赏析、评价文本的过程。每个学生的生活积淀、文化底蕴、审美情趣千差万别，因此阅读是一种个性化的行为。</p>');
DELETE FROM edu_course_exercise WHERE id='2180177';
INSERT INTO edu_course_exercise (id, question_type, course_id, content, easy_error, source, checked, is_pk) VALUES ('2180177', '12', '12121212', '<p>下面是一篇小学三年级教学材料及其教学片段，请用中文从情境创设和环节设计等方面进行简述。</p><p>教学材料 : </p><p><b>Let’s spell </b></p><p>Listen, repeat and chant.</p><p>Duck, Under…</p><p><img width="477px" height="641px" src="https://fb.fbstatic.cn/api/tarzan/images/16295b80022fdef.png?width=700" /></p><p>Read, listen and number. </p><p>1. □ duck □ cut □ run □ fun </p><p>2. □ under □ duck □ up  □ run</p><p>教学片段： </p><p>1. 教师播放拟声音频，引出 Baby Duck，带领学生拼读生词 duck。 </p><p>2. 教师播放视频 Mummy Duck 寻找 Baby Duck。“ This is Baby Duck. He is very naughty, and he plays hide and seek. He likes to run here and there. ”引导学习生词 run，学生拼读单词 run，教师提问“Where is Baby Duck now?”视频中呈现位置，学生学习回答 “It’s under the chair.” 并拼读生词 under。 </p><p>3. 教师播放视频 Mummy Duck 寻找 Baby Duck 的情境。“Where is my Baby Duck? Is it under the chair?”并呈现位置，学生学习回答 “No, it’s in the sun. ”学习短语 in the sun，拼读生词 sun。 </p><p>4. 教师继续播放视频，Mummy Duck 找到了Baby Duck，快乐相拥。“They are happy. They have fun together.”学生体会快乐情感，学习句子，并拼读生词 fun。 </p><p>5. 学生诵读并表演关于本故事的 chant，整体理解故事，练习字母 u 发 [ ʌ] 音的单词 的拼写方法，并发现其发音规律。 </p><p>6. 学生完成书面作业 Read, listen and number，内化发音规律。 </p><p>7. 教师呈现含有字母 u 的单词 ：up—cup，sun—gun，cut—hut，duck—luck，under— uncle 等，学生分小组根据读音规律试读新单词，组间竞争，组内互助，教师从旁适当帮 助，最后呈现正确答案。</p>', '', '2017年安徽省教师招聘考试《小学英语》题（专业知识）第54题', '1', '0');
DELETE FROM edu_course_exercise_qa WHERE id='2180177';
INSERT INTO edu_course_exercise_qa (id, course_exercise_id, type, question, cando, answer, total_score) VALUES ('2180177', '2180177', '12', '', '1', '<p>1. 情境创设 心理学研究表明，学生的学习效果与学习兴趣之间有着密不可分的关系。然而语言学习本身是枯燥、单调的，因此创设情境进行英语教学能激发学生的好奇心和求知欲，使学生在心理上产生期待感和强烈的学习动机，使学生在形式多变的教学中始终处于活跃、兴奋的状态。案例中，该老师运用“鸭妈妈找孩子”的故事，创设了一个符合三年级学生认知特点的教学情境，并在讲述故事的过程中不知不觉地将含有字母发音特征的单词呈现出来，既潜移默化地使学生对单词发音进行了感性接触，又吸引了学生的注意力。 </p><p>2. 环节设计 教学环节设计是施教者把教学内容与教学手段合理连接的设计。要使教学环节设计合理有效，应注意以下几个方面：首先，内容难度上由浅入深；其次，课堂活动上由简到繁；最后，课堂气氛上由静至动。本节课的教学设计既体现了教学过程的递进性，又使得课堂活动生动有趣；由感性的理解过程到理性的内化规律，环环相扣，语言训练的综合性也体现得很好，对于听说唱演这几个方面的培养都有很好的设计。</p>', '0');
DELETE FROM edu_course_exercise_comment WHERE id='2180177';
INSERT INTO edu_course_exercise_comment (id, path, course_exercise_qa_id, comment) VALUES ('2180177', ',2180177', '2180177', '<p>1. 情境创设 心理学研究表明，学生的学习效果与学习兴趣之间有着密不可分的关系。然而语言学习本身是枯燥、单调的，因此创设情境进行英语教学能激发学生的好奇心和求知欲，使学生在心理上产生期待感和强烈的学习动机，使学生在形式多变的教学中始终处于活跃、兴奋的状态。案例中，该老师运用“鸭妈妈找孩子”的故事，创设了一个符合三年级学生认知特点的教学情境，并在讲述故事的过程中不知不觉地将含有字母发音特征的单词呈现出来，既潜移默化地使学生对单词发音进行了感性接触，又吸引了学生的注意力。 </p><p>2. 环节设计 教学环节设计是施教者把教学内容与教学手段合理连接的设计。要使教学环节设计合理有效，应注意以下几个方面：首先，内容难度上由浅入深；其次，课堂活动上由简到繁；最后，课堂气氛上由静至动。本节课的教学设计既体现了教学过程的递进性，又使得课堂活动生动有趣；由感性的理解过程到理性的内化规律，环环相扣，语言训练的综合性也体现得很好，对于听说唱演这几个方面的培养都有很好的设计。</p>');
DELETE FROM edu_course_exercise WHERE id='2180219';
INSERT INTO edu_course_exercise (id, question_type, course_id, content, easy_error, source, checked, is_pk) VALUES ('2180219', '12', '12121212', '<p> If you want to get your foot in the door to opportunities, it helps to get your fingers off your smart-phones, look at people in the eye and engage in communication. You want people to actually like you, not just give you “likes”. Ultimately, your future is in the hands of yours, not electronic devices. </p>', '', '2017年福建省教师招聘考试《小学英语》题（专业知识）第42题', '1', '0');
DELETE FROM edu_course_exercise_qa WHERE id='2180219';
INSERT INTO edu_course_exercise_qa (id, course_exercise_id, type, question, cando, answer, total_score) VALUES ('2180219', '2180219', '12', '', '1', '<p>如果你想要踏进机会的大门，那么请让你的手指远离你的智能手机，看 着人们的眼睛真诚地去交流。你要让人们真心喜欢你，而不只是敷衍你一句“喜欢”。最 终，你的未来掌握在你的手中 , 而不是电子设备上。</p>', '0');
DELETE FROM edu_course_exercise_comment WHERE id='2180219';
INSERT INTO edu_course_exercise_comment (id, path, course_exercise_qa_id, comment) VALUES ('2180219', ',2180219', '2180219', '<p>如果你想要踏进机会的大门，那么请让你的手指远离你的智能手机，看 着人们的眼睛真诚地去交流。你要让人们真心喜欢你，而不只是敷衍你一句“喜欢”。最 终，你的未来掌握在你的手中 , 而不是电子设备上。</p>');
DELETE FROM edu_course_exercise WHERE id='2180269';
INSERT INTO edu_course_exercise (id, question_type, course_id, content, easy_error, source, checked, is_pk) VALUES ('2180269', '12', '12121212', '<p>呈现演示是教师运用多种手段创设情境与环境、介绍新的目的语语言材料、指导 学生理解和掌握知识、传递教学信息的行为方式。请简述小学英语课堂中呈现演示的原 则有哪些？</p>', '', '2017年江西省教师招聘考试《小学英语》题第47题', '1', '0');
DELETE FROM edu_course_exercise_qa WHERE id='2180269';
INSERT INTO edu_course_exercise_qa (id, course_exercise_id, type, question, cando, answer, total_score) VALUES ('2180269', '2180269', '12', '', '1', '<p>呈现演示的原则： </p><p>（1）呈现演示的方式方法要根据教学内容、教学对象来确定； </p><p>（2）呈现语言要简明易懂，一般不使用学生未学过的词汇； </p><p>（3）要富有直观性、趣味性和启发性； </p><p>（4）尽量使用英语，必要时使用母语； </p><p>（5）把利用环境和创设情境结合起来。</p>', '0');
DELETE FROM edu_course_exercise_comment WHERE id='2180269';
INSERT INTO edu_course_exercise_comment (id, path, course_exercise_qa_id, comment) VALUES ('2180269', ',2180269', '2180269', '<p>呈现演示的原则： </p><p>（1）呈现演示的方式方法要根据教学内容、教学对象来确定； </p><p>（2）呈现语言要简明易懂，一般不使用学生未学过的词汇； </p><p>（3）要富有直观性、趣味性和启发性； </p><p>（4）尽量使用英语，必要时使用母语； </p><p>（5）把利用环境和创设情境结合起来。</p>');
DELETE FROM edu_course_exercise WHERE id='2180392';
INSERT INTO edu_course_exercise (id, question_type, course_id, content, easy_error, source, checked, is_pk) VALUES ('2180392', '12', '12121212', '<p>Three passions, simple but overwhelming strong, have governed my life：the longing for love, the search for knowledge, and unbearable pity for the suffering of mankind. These passions, like great winds, have blown me hither and thither, in a wayward course, over a deep ocean of anguish, reaching to the very verge of despair. <br></p>', '', '2016年福建省教师招聘考试《小学英语》题（专业知识）第42题', '1', '0');
DELETE FROM edu_course_exercise_qa WHERE id='2180392';
INSERT INTO edu_course_exercise_qa (id, course_exercise_id, type, question, cando, answer, total_score) VALUES ('2180392', '2180392', '12', '', '1', '<p>我的一生被三种简单却又无比强烈的激情所控制：对爱情的渴望、对知识的探求和对人类苦难不可遏制的同情心。这三种激情像狂风一样，恣意地把我吹来吹去，掠过痛苦的深海，把我吹到濒临绝望的边缘。</p>', '0');
DELETE FROM edu_course_exercise_comment WHERE id='2180392';
INSERT INTO edu_course_exercise_comment (id, path, course_exercise_qa_id, comment) VALUES ('2180392', ',2180392', '2180392', '<p>我的一生被三种简单却又无比强烈的激情所控制：对爱情的渴望、对知识的探求和对人类苦难不可遏制的同情心。这三种激情像狂风一样，恣意地把我吹来吹去，掠过痛苦的深海，把我吹到濒临绝望的边缘。</p>');
DELETE FROM edu_course_exercise WHERE id='2180393';
INSERT INTO edu_course_exercise (id, question_type, course_id, content, easy_error, source, checked, is_pk) VALUES ('2180393', '12', '12121212', '<p>Write a composition about the following topic:</p><p>        Some people hold the view that knowledge and experience count. As a teacher-to-be, how do you like about it? Write a composition in English within 150 words, but no less than 120 words. </p>', '', '2016年福建省教师招聘考试《小学英语》题（专业知识）第43题', '1', '0');
DELETE FROM edu_course_exercise_qa WHERE id='2180393';
INSERT INTO edu_course_exercise_qa (id, course_exercise_id, type, question, cando, answer, total_score) VALUES ('2180393', '2180393', '12', '', '1', '<p>       How to be a qualiﬁed and excellent teacher? Some may consider that a teacher should have broad and profound knowledge, and have rich experience in teaching. As for me, to be a good teacher, one should have other gracious qualities. </p><p>      First of all, a teacher should have the passion for teaching and concern for students. Secondly, a teacher should have the ability to express himself or herself clearly, in an interesting and intelligent manner. Only in this way can students get the main points of a lesson. Thirdly, it’s very important for a teacher to know how to guide students to act their roles well throughout their lives. </p><p>      All in all, teachers should be the kind of people who adapt themselves to the need of teaching, and work for the development of education. As a teacher-to-be, I will try my best to become a qualiﬁed and excellent teacher.</p>', '0');
DELETE FROM edu_course_exercise_comment WHERE id='2180393';
INSERT INTO edu_course_exercise_comment (id, path, course_exercise_qa_id, comment) VALUES ('2180393', ',2180393', '2180393', '<p>       How to be a qualiﬁed and excellent teacher? Some may consider that a teacher should have broad and profound knowledge, and have rich experience in teaching. As for me, to be a good teacher, one should have other gracious qualities. </p><p>      First of all, a teacher should have the passion for teaching and concern for students. Secondly, a teacher should have the ability to express himself or herself clearly, in an interesting and intelligent manner. Only in this way can students get the main points of a lesson. Thirdly, it’s very important for a teacher to know how to guide students to act their roles well throughout their lives. </p><p>      All in all, teachers should be the kind of people who adapt themselves to the need of teaching, and work for the development of education. As a teacher-to-be, I will try my best to become a qualiﬁed and excellent teacher.</p>');
DELETE FROM edu_course_exercise WHERE id='2180870';
INSERT INTO edu_course_exercise (id, question_type, course_id, content, easy_error, source, checked, is_pk) VALUES ('2180870', '12', '12121212', '<p>在英语课堂教学中对教师的语言有哪些要求？</p>', '', '2016年江西省教师招聘考试《小学英语》题第48题', '1', '0');
DELETE FROM edu_course_exercise_qa WHERE id='2180870';
INSERT INTO edu_course_exercise_qa (id, course_exercise_id, type, question, cando, answer, total_score) VALUES ('2180870', '2180870', '12', '', '1', '<p>（1）课堂英语口语、体态语言、书面语言（板书版画）</p><p>（2）体态语言 </p><p>（3）期待与鼓励（或威慑）的目光和表情 </p><p>（4）清晰与夸张的手势和动作 </p><p>（5）自信与亲切的站姿</p>', '0');
DELETE FROM edu_course_exercise_comment WHERE id='2180870';
INSERT INTO edu_course_exercise_comment (id, path, course_exercise_qa_id, comment) VALUES ('2180870', ',2180870', '2180870', '<p>（1）课堂英语口语、体态语言、书面语言（板书版画）</p><p>（2）体态语言 </p><p>（3）期待与鼓励（或威慑）的目光和表情 </p><p>（4）清晰与夸张的手势和动作 </p><p>（5）自信与亲切的站姿</p>');
DELETE FROM edu_course_exercise WHERE id='2181808';
INSERT INTO edu_course_exercise (id, question_type, course_id, content, easy_error, source, checked, is_pk) VALUES ('2181808', '12', '12121212', '<p>除了少数几个印刷错误外，这本书还不错。</p>', '', '2014年浙江省教师招聘考试《中学英语》题（专业知识）第41题', '1', '0');
DELETE FROM edu_course_exercise_qa WHERE id='2181808';
INSERT INTO edu_course_exercise_qa (id, course_exercise_id, type, question, cando, answer, total_score) VALUES ('2181808', '2181808', '12', '', '1', '<p>Except for the few printing mistakes, this book is very good.</p>', '0');
DELETE FROM edu_course_exercise_comment WHERE id='2181808';
INSERT INTO edu_course_exercise_comment (id, path, course_exercise_qa_id, comment) VALUES ('2181808', ',2181808', '2181808', '<p>Except for the few printing mistakes, this book is very good.</p>');
DELETE FROM edu_course_exercise WHERE id='2181814';
INSERT INTO edu_course_exercise (id, question_type, course_id, content, easy_error, source, checked, is_pk) VALUES ('2181814', '12', '12121212', '<p>英语教学目标的编写应包含哪四个基本要素？</p>', '', '2014年浙江省教师招聘考试《中学英语》题（专业知识）第47题', '1', '0');
DELETE FROM edu_course_exercise_qa WHERE id='2181814';
INSERT INTO edu_course_exercise_qa (id, course_exercise_id, type, question, cando, answer, total_score) VALUES ('2181814', '2181814', '12', '', '1', '<p>英语教学目标的编写包含四个基本要素，即：教学对象、教 学行为、教学条件和教学标准。 </p>', '0');
DELETE FROM edu_course_exercise_comment WHERE id='2181814';
INSERT INTO edu_course_exercise_comment (id, path, course_exercise_qa_id, comment) VALUES ('2181814', ',2181814', '2181814', '<p>英语教学目标的编写包含四个基本要素，即：教学对象、教 学行为、教学条件和教学标准。 </p>');
DELETE FROM edu_course_exercise WHERE id='2230080';
INSERT INTO edu_course_exercise (id, question_type, course_id, content, easy_error, source, checked, is_pk) VALUES ('2230080', '12', '60606060', '<p>根据记忆勾勒出北京天安门建筑的正面样式及标志性细节，并简述其造型特点。</p>', '', '2018年上半年教师资格证考试《初中美术》题第27题', '1', '0');
DELETE FROM edu_course_exercise_qa WHERE id='2230080';
INSERT INTO edu_course_exercise_qa (id, course_exercise_id, type, question, cando, answer, total_score) VALUES ('2230080', '2230080', '12', '', '1', '<p><img width="553px" height="318px" src="https://fb.fbstatic.cn/api/tarzan/images/164d9a9c6ad8bbc.png?width=700" /></p><p>（1）天安门是明清两代北京皇城的正门，由明代御用建筑匠师蒯祥设计。天安门位于北京城的传统的中轴线上，由城台和城楼两部分组成，正中门洞上方悬挂着巨大的毛泽东画像，两边分别两幅大型标语，造型威严庄重，气势宏大。其屋脊上各有十个栩栩如生的仙人走兽，最前面的是“骑鸡仙人”，之后依次为龙、凤、狮子、天马、海马、狻猊、押鱼、獬犬、斗牛等九种形态各异的走兽。</p><p>（2）天安门城楼为中国传统的重檐歇山顶建筑，天安门城楼外观采用中国古建筑飞檐斗拱，稳健持重，又不失美丽的曲线，实在是古代建筑中不可多得的佳作。其结构布局巧妙、建筑工艺精湛，凝聚了中国上千年来劳动人民的智慧和伟大创造，集中体现了他们高超的建筑水平和艺术表现力。它不仅是中国古代宫殿建筑史上辉煌的杰作，也是中华文明悠久历史的象征。</p>', '0');
DELETE FROM edu_course_exercise_comment WHERE id='2230080';
INSERT INTO edu_course_exercise_comment (id, path, course_exercise_qa_id, comment) VALUES ('2230080', ',2230080', '2230080', '<p><img width="553px" height="318px" src="https://fb.fbstatic.cn/api/tarzan/images/164d9a9c6ad8bbc.png?width=700" /></p><p>（1）天安门是明清两代北京皇城的正门，由明代御用建筑匠师蒯祥设计。天安门位于北京城的传统的中轴线上，由城台和城楼两部分组成，正中门洞上方悬挂着巨大的毛泽东画像，两边分别两幅大型标语，造型威严庄重，气势宏大。其屋脊上各有十个栩栩如生的仙人走兽，最前面的是“骑鸡仙人”，之后依次为龙、凤、狮子、天马、海马、狻猊、押鱼、獬犬、斗牛等九种形态各异的走兽。</p><p>（2）天安门城楼为中国传统的重檐歇山顶建筑，天安门城楼外观采用中国古建筑飞檐斗拱，稳健持重，又不失美丽的曲线，实在是古代建筑中不可多得的佳作。其结构布局巧妙、建筑工艺精湛，凝聚了中国上千年来劳动人民的智慧和伟大创造，集中体现了他们高超的建筑水平和艺术表现力。它不仅是中国古代宫殿建筑史上辉煌的杰作，也是中华文明悠久历史的象征。</p>');
DELETE FROM edu_course_exercise WHERE id='2232300';
INSERT INTO edu_course_exercise (id, question_type, course_id, content, easy_error, source, checked, is_pk) VALUES ('2232300', '12', '70707070', '<p>高原期</p>', '', '2017年天津河西区、河北区、河东区、海河教育园区教师招聘考试《教育综合知识》题第78题', '1', '0');
DELETE FROM edu_course_exercise_qa WHERE id='2232300';
INSERT INTO edu_course_exercise_qa (id, course_exercise_id, type, question, cando, answer, total_score) VALUES ('2232300', '2232300', '12', '', '1', '<p>高原期是指在技能形成的中、后期，练习的进步常常出现停滞，不再继续上升而保持在一定水平，有时甚至稍有下降的现象。</p>', '0');
DELETE FROM edu_course_exercise_comment WHERE id='2232300';
INSERT INTO edu_course_exercise_comment (id, path, course_exercise_qa_id, comment) VALUES ('2232300', ',2232300', '2232300', '<p>本题考查的是高原期概念。高原期是指在技能形成的中、后期，练习的进步常常出现停滞，不再继续上升而保持在一定水平，有时甚至稍有下降的现象。<br></p>');
DELETE FROM edu_course_exercise WHERE id='2234545';
INSERT INTO edu_course_exercise (id, question_type, course_id, content, easy_error, source, checked, is_pk) VALUES ('2234545', '12', '70707070', '<p>2014年，庆祝第三十个教师节来临之际，习近平总书记前往北京师范大学与师生座谈并发表重要讲话。在座谈会上，他号召全国广大教师做“有理想信念、有道德情操、有扎实知识、有仁爱之心”的好老师。</p><p>请结合自身工作实际，写一篇800字以上的文章，谈谈在新时期如何做一名“四有”教师。</p>', '', '2017年湖北省武汉市教师招聘考试《教育综合知识》题（精编）第43题', '1', '0');
DELETE FROM edu_course_exercise_qa WHERE id='2234545';
INSERT INTO edu_course_exercise_qa (id, course_exercise_id, type, question, cando, answer, total_score) VALUES ('2234545', '2234545', '12', '', '0', '<p>我常常把自己的学生比作是梦精灵，我的任务就是为他们筑梦，帮助他们成为全面而又独特的梦精灵。要想做好筑梦师，要做到有理想信念、有道德情操、有扎实学识、有仁爱之心，这也是“四有”教师所要求我做到的。</p><p>首先，要有理想的信念。可以结合具体的事例进行说明。</p><p>其次、要有道德情操。可以采用名言，也可以结合事例。比如“学高为师，德高为范”</p><p>再次，要有扎实学识。可以从课堂中被学生问题难倒出发，结合自己进修、自学的相关经历。</p><p>最后，要有仁爱之心。可以从家访、学生谈心的角度出发写。</p><p>俗话说的好，学生是老师的一面镜子，有什么样的老师就有什么样的学生。作为筑梦师，我不仅要热爱我的工作，还要热爱我的精灵们，提升自己，为他们打造最美的梦境。</p>', '0');
DELETE FROM edu_course_exercise_comment WHERE id='2234545';
INSERT INTO edu_course_exercise_comment (id, path, course_exercise_qa_id, comment) VALUES ('2234545', ',2234545', '2234545', '<p>第一：根据主题从教师角度思考“四有”教师的内容和意义；第二：题目中字数为800，可以采用议论文的形式，并结合我的教育经历进行写作；第三：从自己出发，谈谈在新时期如何做一名“四有”教师。</p>');
DELETE FROM edu_course_exercise WHERE id='2234930';
INSERT INTO edu_course_exercise (id, question_type, course_id, content, easy_error, source, checked, is_pk) VALUES ('2234930', '12', '70707070', '<p>课堂提问既是课堂教学中促进师生共同交流、推进教学进程的重要环节，又是一项极具艺术性的教学技能。请问课堂提问应具有哪些基本特征？（回答三条即可）</p>', '', '2017年贵州省贵阳市教师招聘考试《教育综合知识》题第41题', '1', '0');
DELETE FROM edu_course_exercise_qa WHERE id='2234930';
INSERT INTO edu_course_exercise_qa (id, course_exercise_id, type, question, cando, answer, total_score) VALUES ('2234930', '2234930', '12', '', '1', '<p>课堂提问应具有的基本特征有：</p><p>（1）科学性。课堂提问的科学性首先要求教师在了解学生的心理需求，认知发展水平的前提下吃透教材，这样才能在教学内容与学生实际发展状况之间找到恰当的结合点，从而真正从学生出发，科学合理地设计问题。</p><p>（2）启发性。启发性提问是教师充分调动学生的经验、认知、情感、态度，促进学生积极思考，主动探究，并不断提升其思维水平和探究能力的过程。</p><p>（3）创造性。课堂提问的创造性体现为两个方面：即教师提出问题的创造性和学生解答问题的创造性。</p>', '0');
DELETE FROM edu_course_exercise_comment WHERE id='2234930';
INSERT INTO edu_course_exercise_comment (id, path, course_exercise_qa_id, comment) VALUES ('2234930', ',2234930', '2234930', '<p>课堂提问应具有的基本特征有：</p><p>（1）科学性。课堂提问的科学性首先要求教师在了解学生的心理需求，认知发展水平的前提下吃透教材，这样才能在教学内容与学生实际发展状况之间找到恰当的结合点，从而真正从学生出发，科学合理地设计问题。</p><p>（2）启发性。启发性提问是教师充分调动学生的经验、认知、情感、态度，促进学生积极思考，主动探究，并不断提升其思维水平和探究能力的过程。</p><p>（3）创造性。课堂提问的创造性体现为两个方面：即教师提出问题的创造性和学生解答问题的创造性。</p>');
DELETE FROM edu_course_exercise WHERE id='2234934';
INSERT INTO edu_course_exercise (id, question_type, course_id, content, easy_error, source, checked, is_pk) VALUES ('2234934', '12', '70707070', '<p>为了有效避免学生伤害事故的发生，学生在校园内出现哪些情况时，学校在采取紧急措施的同时必须第一时间联系监护人?（回答三条即可）</p>', '', '2017年贵州省贵阳市教师招聘考试《教育综合知识》题第43题', '1', '0');
DELETE FROM edu_course_exercise_qa WHERE id='2234934';
INSERT INTO edu_course_exercise_qa (id, course_exercise_id, type, question, cando, answer, total_score) VALUES ('2234934', '2234934', '12', '', '1', '<p>发生以下紧急情况时，学校都需要第一时间通知学生的监护人：学生擅自离校、旷课、缺席考试、有自杀意图、中毒、伤亡事故、突发疾病等。</p>', '0');
DELETE FROM edu_course_exercise_comment WHERE id='2234934';
INSERT INTO edu_course_exercise_comment (id, path, course_exercise_qa_id, comment) VALUES ('2234934', ',2234934', '2234934', '<p>发生以下紧急情况时，学校都需要第一时间通知学生的监护人：学生擅自离校、旷课、缺席考试、有自杀意图、中毒、伤亡事故、突发疾病等。</p>');
DELETE FROM edu_course_exercise WHERE id='2234938';
INSERT INTO edu_course_exercise (id, question_type, course_id, content, easy_error, source, checked, is_pk) VALUES ('2234938', '12', '70707070', '<p>不少家长和教师都希望孩子热爱学习，但往往事与愿违，如何让孩子热爱学习、主动学习，这涉及到学习动机激发问题，请谈谈：</p><p>什么是学习动机。</p><p>外部动机与内部动机有何不同。</p><p>请试述如何培养和激发学生的学习动机。</p>', '', '2017年贵州省贵阳市教师招聘考试《教育综合知识》题第47题', '1', '0');
DELETE FROM edu_course_exercise_qa WHERE id='2234938';
INSERT INTO edu_course_exercise_qa (id, course_exercise_id, type, question, cando, answer, total_score) VALUES ('2234938', '2234938', '12', '', '1', '<p>（1）学习动机是引发和维持个体学习活动，并将学习活动引向一定学习目标的动力机制，是直接推动学生学习的内部动力。这种动力机制表现为推力、拉力和压力三种因素之间的相互作用。</p><p>（2）根据动机产生的动力来源可以分为内部学习动机和外部学习动机。内部学习动机往往由内在需要所引起，与学习本身的兴趣相联系。外部学习动机往往由外部诱因引起，与外部奖励相联系。</p><p>（3）学习动机的培养</p><p>①了解和满足学生的需要，促使学习动机的产生。</p><p>②重视立志教育，对学生进行成就动机训练。</p><p>③帮助学生确立正确的自我概念，获得自我效能感。</p><p>④培养学生努力导致成功的归因观。</p><p>（4）学习动机的激发</p><p>①创设问题情境，实施启发式教学。</p><p>②根据作业难度，恰当控制动机水平。</p><p>③充分利用反馈信息，妥善进行奖惩。</p><p>④正确指导结果归因，促使学生继续努力。</p>', '0');
DELETE FROM edu_course_exercise_comment WHERE id='2234938';
INSERT INTO edu_course_exercise_comment (id, path, course_exercise_qa_id, comment) VALUES ('2234938', ',2234938', '2234938', '<p>（1）学习动机是引发和维持个体学习活动，并将学习活动引向一定学习目标的动力机制，是直接推动学生学习的内部动力。这种动力机制表现为推力、拉力和压力三种因素之间的相互作用。</p><p>（2）根据动机产生的动力来源可以分为内部学习动机和外部学习动机。内部学习动机往往由内在需要所引起，与学习本身的兴趣相联系。外部学习动机往往由外部诱因引起，与外部奖励相联系。</p><p>（3）学习动机的培养</p><p>①了解和满足学生的需要，促使学习动机的产生。</p><p>②重视立志教育，对学生进行成就动机训练。</p><p>③帮助学生确立正确的自我概念，获得自我效能感。</p><p>④培养学生努力导致成功的归因观。</p><p>（4）学习动机的激发</p><p>①创设问题情境，实施启发式教学。</p><p>②根据作业难度，恰当控制动机水平。</p><p>③充分利用反馈信息，妥善进行奖惩。</p><p>④正确指导结果归因，促使学生继续努力。</p>');
DELETE FROM edu_course_exercise WHERE id='2235051';
INSERT INTO edu_course_exercise (id, question_type, course_id, content, easy_error, source, checked, is_pk) VALUES ('2235051', '12', '70707070', '<p>简述影响创造性的因素。</p>', '', '2017年江西省南昌市红谷滩新区教师招聘考试《教育综合知识》题第61题', '1', '0');
DELETE FROM edu_course_exercise_qa WHERE id='2235051';
INSERT INTO edu_course_exercise_qa (id, course_exercise_id, type, question, cando, answer, total_score) VALUES ('2235051', '2235051', '12', '', '1', '<p>（1）环境：家庭和学校的教育环境是影响个体创造性的重要因素。父母的受教育程度、管教方式以及家庭气氛等都在不同程度上影响孩子的创造性。教师采用民主的管理方式，鼓励学生的自主性，容许其有不同意见，给予学习活动较多的自由，容许学生自行探索，有利于学生创造性的培养。</p><p>（2）智力：创造性与智力的关系并非简单的线性关系，二者既有独立性，又在某种条件下具有相关性，在整体上呈正相关趋势。其基本关系表现为：低智商不可能具有高创造性；高智商可能有高创造性，也可能有低创造性，高创造性者必须有高于一般水平的智商。</p><p>（3）个性：创造性和个性二者之间具有互为因果的关系，一般高创造性者的个性特征为：</p><p>①具有幽默感；</p><p>②具有抱负和强烈的动机；</p><p>③能够容忍模糊与错误；</p><p>④喜欢幻想；</p><p>⑤具有强烈的好奇心。</p>', '0');
DELETE FROM edu_course_exercise_comment WHERE id='2235051';
INSERT INTO edu_course_exercise_comment (id, path, course_exercise_qa_id, comment) VALUES ('2235051', ',2235051', '2235051', '<p>（1）环境：家庭和学校的教育环境是影响个体创造性的重要因素。父母的受教育程度、管教方式以及家庭气氛等都在不同程度上影响孩子的创造性。教师采用民主的管理方式，鼓励学生的自主性，容许其有不同意见，给予学习活动较多的自由，容许学生自行探索，有利于学生创造性的培养。</p><p>（2）智力：创造性与智力的关系并非简单的线性关系，二者既有独立性，又在某种条件下具有相关性，在整体上呈正相关趋势。其基本关系表现为：低智商不可能具有高创造性；高智商可能有高创造性，也可能有低创造性，高创造性者必须有高于一般水平的智商。</p><p>（3）个性：创造性和个性二者之间具有互为因果的关系，一般高创造性者的个性特征为：</p><p>①具有幽默感；</p><p>②具有抱负和强烈的动机；</p><p>③能够容忍模糊与错误；</p><p>④喜欢幻想；</p><p>⑤具有强烈的好奇心。</p>');
DELETE FROM edu_course_exercise WHERE id='2235670';
INSERT INTO edu_course_exercise (id, question_type, course_id, content, easy_error, source, checked, is_pk) VALUES ('2235670', '12', '70707070', '<p>教师职业道德</p>', '', '2017年江苏省徐州市贾汪区教师招聘考试《教育综合知识》题第41题', '1', '0');
DELETE FROM edu_course_exercise_qa WHERE id='2235670';
INSERT INTO edu_course_exercise_qa (id, course_exercise_id, type, question, cando, answer, total_score) VALUES ('2235670', '2235670', '12', '', '1', '<p>教师职业道德是教师在从事教育劳动时所应遵循的行为规范和必备的品德的总和，是调节教师与他人、教师与社会等关系时所必须遵守的基本道德规范和行为准则，以及在此基础上所表现出来的道德观念、情操和品质。</p>', '0');
DELETE FROM edu_course_exercise_comment WHERE id='2235670';
INSERT INTO edu_course_exercise_comment (id, path, course_exercise_qa_id, comment) VALUES ('2235670', ',2235670', '2235670', '<p>教师职业道德是教师在从事教育劳动时所应遵循的行为规范和必备的品德的总和，是调节教师与他人、教师与社会等关系时所必须遵守的基本道德规范和行为准则，以及在此基础上所表现出来的道德观念、情操和品质。</p>');
DELETE FROM edu_course_exercise WHERE id='2235671';
INSERT INTO edu_course_exercise (id, question_type, course_id, content, easy_error, source, checked, is_pk) VALUES ('2235671', '12', '70707070', '<p>教学过程</p>', '', '2017年江苏省徐州市贾汪区教师招聘考试《教育综合知识》题第42题', '1', '0');
DELETE FROM edu_course_exercise_qa WHERE id='2235671';
INSERT INTO edu_course_exercise_qa (id, course_exercise_id, type, question, cando, answer, total_score) VALUES ('2235671', '2235671', '12', '', '1', '<p>教学过程是教师根据一定社会的要求和学生身心发展的特点，通过有目的、有计划地指导学生掌握系统的科学文化知识和基本技能，发展学生的智力和体力，培养学生的良好品德和健康个性，使其形成科学世界观的过程。</p>', '0');
DELETE FROM edu_course_exercise_comment WHERE id='2235671';
INSERT INTO edu_course_exercise_comment (id, path, course_exercise_qa_id, comment) VALUES ('2235671', ',2235671', '2235671', '<p>教学过程是教师根据一定社会的要求和学生身心发展的特点，通过有目的、有计划地指导学生掌握系统的科学文化知识和基本技能，发展学生的智力和体力，培养学生的良好品德和健康个性，使其形成科学世界观的过程。</p>');
DELETE FROM edu_course_exercise WHERE id='2235672';
INSERT INTO edu_course_exercise (id, question_type, course_id, content, easy_error, source, checked, is_pk) VALUES ('2235672', '12', '70707070', '<p>自我效能感</p>', '', '2017年江苏省徐州市贾汪区教师招聘考试《教育综合知识》题第43题', '1', '0');
DELETE FROM edu_course_exercise_qa WHERE id='2235672';
INSERT INTO edu_course_exercise_qa (id, course_exercise_id, type, question, cando, answer, total_score) VALUES ('2235672', '2235672', '12', '', '1', '<p>自我效能感指人们对自己是否能够成功地从事某一成就行为的主观判断。</p>', '0');
DELETE FROM edu_course_exercise_comment WHERE id='2235672';
INSERT INTO edu_course_exercise_comment (id, path, course_exercise_qa_id, comment) VALUES ('2235672', ',2235672', '2235672', '<p>自我效能感指人们对自己是否能够成功地从事某一成就行为的主观判断。</p>');
DELETE FROM edu_course_exercise WHERE id='2235673';
INSERT INTO edu_course_exercise (id, question_type, course_id, content, easy_error, source, checked, is_pk) VALUES ('2235673', '12', '70707070', '<p>皮亚杰理论对小学教育的启示有哪些？</p>', '', '2017年江苏省徐州市贾汪区教师招聘考试《教育综合知识》题第44题', '1', '0');
DELETE FROM edu_course_exercise_qa WHERE id='2235673';
INSERT INTO edu_course_exercise_qa (id, course_exercise_id, type, question, cando, answer, total_score) VALUES ('2235673', '2235673', '12', '', '1', '<p>（1）根据皮亚杰的认知发展阶段理论，小学儿童正处于具体运算阶段。这个时期是儿童的逻辑思维初步发展的阶段，对于儿童的思维发展有着极其重要的意义。因此，在小学教育中要重视对儿童思维能力的培养。在教学中不能一味地追求知识的量，更要重视儿童思维活动的质。我们在教学生学习一些知识的同时，更要重视观察、引导和培养他们的思维过程。</p><p>（2）小学儿童的思维活动具有很大的具体形象性，一般还离不开具体事物的支持。因此，在教学中，我们应尽可能地使用一些图片、模型等教具来帮助学生理解相应的知识，即使在条件不允许的情况下，也应该使用各种办法帮助学生形成有助于思维的表象。到了小学高年级阶段，可以适当地减少一些教具的使用，多使用语言引导学生进行想象，适当增加一些理论、定理等抽象内容，帮助他们的思维活动逐渐摆脱对具体事物的依赖。</p><p>（3）皮亚杰十分强调活动在思维发展中的重要性，认为儿童只有参与了某种活动，才能获得真实的知识。因此，在小学教学活动中，我们还要尽量多给学生一些自己发现问题、解决问题的机会，使他们在自主学习和探索活动中掌握知识。同时，还要注意培养学生的学习兴趣和动机，增加他们学习活动的自发性和自主性。</p>', '0');
DELETE FROM edu_course_exercise_comment WHERE id='2235673';
INSERT INTO edu_course_exercise_comment (id, path, course_exercise_qa_id, comment) VALUES ('2235673', ',2235673', '2235673', '<p>（1）根据皮亚杰的认知发展阶段理论，小学儿童正处于具体运算阶段。这个时期是儿童的逻辑思维初步发展的阶段，对于儿童的思维发展有着极其重要的意义。因此，在小学教育中要重视对儿童思维能力的培养。在教学中不能一味地追求知识的量，更要重视儿童思维活动的质。我们在教学生学习一些知识的同时，更要重视观察、引导和培养他们的思维过程。</p><p>（2）小学儿童的思维活动具有很大的具体形象性，一般还离不开具体事物的支持。因此，在教学中，我们应尽可能地使用一些图片、模型等教具来帮助学生理解相应的知识，即使在条件不允许的情况下，也应该使用各种办法帮助学生形成有助于思维的表象。到了小学高年级阶段，可以适当地减少一些教具的使用，多使用语言引导学生进行想象，适当增加一些理论、定理等抽象内容，帮助他们的思维活动逐渐摆脱对具体事物的依赖。</p><p>（3）皮亚杰十分强调活动在思维发展中的重要性，认为儿童只有参与了某种活动，才能获得真实的知识。因此，在小学教学活动中，我们还要尽量多给学生一些自己发现问题、解决问题的机会，使他们在自主学习和探索活动中掌握知识。同时，还要注意培养学生的学习兴趣和动机，增加他们学习活动的自发性和自主性。</p>');
DELETE FROM edu_course_exercise WHERE id='2235675';
INSERT INTO edu_course_exercise (id, question_type, course_id, content, easy_error, source, checked, is_pk) VALUES ('2235675', '12', '70707070', '<p>学习困难儿童的主要特征有哪些？</p>', '', '2017年江苏省徐州市贾汪区教师招聘考试《教育综合知识》题第46题', '1', '0');
DELETE FROM edu_course_exercise_qa WHERE id='2235675';
INSERT INTO edu_course_exercise_qa (id, course_exercise_id, type, question, cando, answer, total_score) VALUES ('2235675', '2235675', '12', '', '1', '<p>学习困难儿童的常见表现有：</p><p>（1）诵读困难。患儿的阅读能力大大低于其年龄及智商水平，表现为不能正确辨认字母、单词或按逆方向阅读，不能将字母和发音联系起来进行阅读。</p><p>（2）计算困难。患儿加减乘除的运算能力差。</p><p>（3）绘画困难。儿童难以把想到、看到的事物形象地画出来。</p><p>（4）交往困难。患儿由于在某一学习技能方面存在障碍，而常遭到同学们的嘲笑和捉弄。因此，该类儿童很难主动与人交往，他们的社交能力往往很差。</p>', '0');
DELETE FROM edu_course_exercise_comment WHERE id='2235675';
INSERT INTO edu_course_exercise_comment (id, path, course_exercise_qa_id, comment) VALUES ('2235675', ',2235675', '2235675', '<p>学习困难儿童的常见表现有：</p><p>（1）诵读困难。患儿的阅读能力大大低于其年龄及智商水平，表现为不能正确辨认字母、单词或按逆方向阅读，不能将字母和发音联系起来进行阅读。</p><p>（2）计算困难。患儿加减乘除的运算能力差。</p><p>（3）绘画困难。儿童难以把想到、看到的事物形象地画出来。</p><p>（4）交往困难。患儿由于在某一学习技能方面存在障碍，而常遭到同学们的嘲笑和捉弄。因此，该类儿童很难主动与人交往，他们的社交能力往往很差。</p>');
DELETE FROM edu_course_exercise WHERE id='2235676';
INSERT INTO edu_course_exercise (id, question_type, course_id, content, easy_error, source, checked, is_pk) VALUES ('2235676', '12', '70707070', '<p>小学教学任务有哪些？</p>', '', '2017年江苏省徐州市贾汪区教师招聘考试《教育综合知识》题第47题', '1', '0');
DELETE FROM edu_course_exercise_qa WHERE id='2235676';
INSERT INTO edu_course_exercise_qa (id, course_exercise_id, type, question, cando, answer, total_score) VALUES ('2235676', '2235676', '12', '', '1', '<p>小学教学任务有：</p><p>（1）引导学生掌握科学文化基础知识和基本技能。教学的首要任务是引导学生掌握科学文化基础知识和基本技能。</p><p>（2）发展学生智力，体力，创造能力和实践精神。智力是认识过程中表现的认知能力系统，包括观察力，记忆力，想象力和思维能力，其中思维能力是智力的核心。创造力是指最终产生的新的有社会价值的成品的能力。</p><p>（3）发展学生体力，提高学生的健康水平。教学可以传授体育，卫生等方面的知识，使学生养成锻炼身体和讲究卫生的良好习惯，增强学生的体质。同时，使学生保持旺盛的精力，发展健康的体魄。</p><p>（4）培养学生高尚的审美情趣，养成良好的思想品德，形成科学的世界观基础和良好的个性心理品质。通过教学，可以培养学生正确的政治观点，道德观点以及其他思想观点；通过教学，还可以形成学生正确的审美观念，培养和发展学生感受美，创造美的能力。</p>', '0');
DELETE FROM edu_course_exercise_comment WHERE id='2235676';
INSERT INTO edu_course_exercise_comment (id, path, course_exercise_qa_id, comment) VALUES ('2235676', ',2235676', '2235676', '<p>小学教学任务有：</p><p>（1）引导学生掌握科学文化基础知识和基本技能。教学的首要任务是引导学生掌握科学文化基础知识和基本技能。</p><p>（2）发展学生智力，体力，创造能力和实践精神。智力是认识过程中表现的认知能力系统，包括观察力，记忆力，想象力和思维能力，其中思维能力是智力的核心。创造力是指最终产生的新的有社会价值的成品的能力。</p><p>（3）发展学生体力，提高学生的健康水平。教学可以传授体育，卫生等方面的知识，使学生养成锻炼身体和讲究卫生的良好习惯，增强学生的体质。同时，使学生保持旺盛的精力，发展健康的体魄。</p><p>（4）培养学生高尚的审美情趣，养成良好的思想品德，形成科学的世界观基础和良好的个性心理品质。通过教学，可以培养学生正确的政治观点，道德观点以及其他思想观点；通过教学，还可以形成学生正确的审美观念，培养和发展学生感受美，创造美的能力。</p>');
DELETE FROM edu_course_exercise WHERE id='2235679';
INSERT INTO edu_course_exercise (id, question_type, course_id, content, easy_error, source, checked, is_pk) VALUES ('2235679', '12', '70707070', '<p>在一次阶段考试中，一个学生语文得了59分，他找到老师说：“老师，您再给我的作文加1分吧！就一分，求您了！”老师说：“作文绝对不能加分，但是，我可以给你把分数改成60分，借给你1分。不过，你可要想好，加的一分是老师借给你的。东西不能白借，要还利息的，借1还10，下次考试，我会从你的考分中扣下10分，怎么样？要是觉得不划算，就不要借了，你愿意吗？”学生迟疑了一下，咬了咬牙，最终答应。在下一次的阶段考试中，他语文得了91分，老师扣下10分，净剩81分。</p><p>写作要求：联系小学教育工作，自拟题目，自选角度，将阅读后的感想写成一篇文章，字数不少于600字。要求观点明确，逻辑严谨，语言表达清晰，论点准确精辟，除诗歌外，文体不限。</p>', '', '2017年江苏省徐州市贾汪区教师招聘考试《教育综合知识》题第49题', '1', '0');
DELETE FROM edu_course_exercise_qa WHERE id='2235679';
INSERT INTO edu_course_exercise_qa (id, course_exercise_id, type, question, cando, answer, total_score) VALUES ('2235679', '2235679', '12', '', '0', '<p>题目：要紧扣培养发展中的学生</p><p>首段：表达学生是学习的主人，是发展的主体。作为教师要树立现代的学生观，不能用一成不变的老眼光看学生入手。</p><p>第二段：教师要立足于学生的成长和发展的阶段性，从学生在某个阶段的各个方面都是不同的和老师善于捕捉并发现每个学生身上的闪光点两个方面入手。</p><p>第三段：结合案例，案例中的老师是如何引导学生努力学习入手。</p><p>第四段：总结这个案例，案例表明了，儿童作为一个发展的个体，其变化是永恒的。儿童潜在的能力是无限的，正如有人所说，学生的潜能是气你给其多大空间，他就有多大的体积。</p><p>结尾：作为一名现代教师，在教育学生时，要摒弃那种静止的、僵化的老眼光看待学生，要用发展的眼光看待学生，对每个学生的发展都充满信心，哪怕是一时的所谓差生，教师都应该用发展的眼光看待、教育他们。</p>', '0');
DELETE FROM edu_course_exercise_comment WHERE id='2235679';
INSERT INTO edu_course_exercise_comment (id, path, course_exercise_qa_id, comment) VALUES ('2235679', ',2235679', '2235679', '<p>第一：根据案例弄明白材料要表达的内容；第二：把学生是发展中的人作为切入点，作为教师应该怎样看待发展中的学生，并结合案例进行总结；第三：自拟题目，题目中字数为600。</p>');
DELETE FROM edu_course_exercise WHERE id='2242604';
INSERT INTO edu_course_exercise (id, question_type, course_id, content, easy_error, source, checked, is_pk) VALUES ('2242604', '12', '50505050', '<p>依据《义务教育音乐课程标准（2011年版）》基本理念，按照下列要求进行教学设计。</p><p>教学对象：七年级学生</p><p>教学内容：竖笛演奏《翱翔的鹰》</p><p>注：学生已经学习过“5、6、7”三个音的吹奏方法。</p><p>附：教学材料1</p><p><img width="496px" height="428px" src="https://fb.fbstatic.cn/api/tarzan/images/16584fce3cf4f2a.png?width=700" /></p><p>附：教学材料2——竖笛指法图</p><p><img width="232px" height="185px" src="https://fb.fbstatic.cn/api/tarzan/images/16584fd07b4e898.png?width=700" /></p><p> 要求：</p><p>  （1）设计教学目标和重点。（10分）</p><p>  （2）针对教学重点设计具体的教学策略与过程。（25分）  </p>', '', '2015年下半年教师资格证考试《初中音乐》题（精选）第27题', '1', '0');
DELETE FROM edu_course_exercise_qa WHERE id='2242604';
INSERT INTO edu_course_exercise_qa (id, course_exercise_id, type, question, cando, answer, total_score) VALUES ('2242604', '2242604', '12', '', '0', '<p>（1）教学目标：</p><p>情感态度价值观：通过学习演奏乐曲，能够增强对竖笛的认识，并增强对乐器演奏的认识及热爱。</p><p>过程与方法：通过实践演奏的过程中，加强对竖笛演奏的了解。</p><p>知识与技能：能够学会竖笛演奏的方法，用优美的声音演奏《翱翔的鹰》。</p><p>重点：学会竖笛演奏方法，并演奏《翱翔的鹰》。</p><p>（2）教学过程</p><p>1.引导学生进行活动方式，吹奏竖笛。</p><p>2.复习竖笛演奏方法：</p><p>①握笛方法：左手在上，右手在下。左手食指、中指、无名指，右手食指、中指、无名指、小拇指依次覆盖1、2、3、4、5、6、7号孔，左手大拇指盖背后的0孔（又称高音孔），手指按孔②吹奏方法：嘴巴自然地含住笛头，笛头不要超过牙齿，以免影响运舌。支撑笛身的是下嘴唇、右手大拇指和按孔的手指。换气时笛头不要离开下嘴唇，而是张嘴，让上嘴唇离开笛头。（教师进行监督，学生相互进行检查）</p><p>③运用已学会的知识，进行音阶的复习吹奏，活动嘴唇。</p><p>3.学习吹奏</p><p>①教师播放音频，学生聆听并跟随模唱。</p><p>②教师示范演奏《翱翔的鹰》，并根据示范学生自主尝试演奏，并根据所学指法进行试吹，随后发现吹奏中的重点问题，教师进行提问并进行总结。</p><p>教法指导：针对学生不会的问题，教师可以采用短句进行演奏，并让前后同桌反复进行纠正和监督，保证每个孩子的进度。</p><p>④ 对于所学知识重点，教师进行反复练习和教授。</p><p>④曲子完整的带领学生进行吹奏，小组表演，并能够带入感情的进行演奏，最后整体师生合奏。</p><p>4.巩固拓展：欣赏《可爱的家》竖笛演奏乐曲，谈一谈自身感受。</p><p>5.小结作业</p><p>（1）师生共同总结本课收获。</p><p>（2）课下请同学们思考声乐与器乐作品在音乐表现中的异同，下节课与同学们分享。</p>', '0');
DELETE FROM edu_course_exercise_comment WHERE id='2242604';
INSERT INTO edu_course_exercise_comment (id, path, course_exercise_qa_id, comment) VALUES ('2242604', ',2242604', '2242604', '<p>本题是一道教学设计题，共两问：</p><p>（1）根据题干中所展示的曲谱及内容设计教学目标以及重点，教学目标分为三个维度，考试题目中根据教学论所讲解内容可以进行撰写。重点则是在教学中所占教学时间比重最长。</p><p>（2）第二问要求设计教学目标，可以从以下几个方面入手：四个要求：①行为主体必须是学生；②行为条件，如时间、场所等；③行为动词必须是具体、可测评的；④表现程度及质量效果。3.制定的依据：①学科课标，即《义务教育新课程标准》中对演奏课的相关目标要求；②教材情况，在教材中或单元中的作用、地位及重要性；③学生情况，即学生所具备的基础知识水平和理应达到的水平，以及学生的具体兴趣、认知情况等等。</p>');
DELETE FROM edu_course_exercise WHERE id='2242609';
INSERT INTO edu_course_exercise (id, question_type, course_id, content, easy_error, source, checked, is_pk) VALUES ('2242609', '12', '50505050', '<p>依据《义务教育音乐课程标准（2011年版）》基本理念，分析课例，并对其教学设计、教学环节进行点评。</p><p>【课题名称】草原情曲——《嘎达梅林》与蒙古族歌曲演唱</p><p>【教学对象】八年级学生  </p><p>【教学内容】</p><p>  1.学唱：《嘎达梅林》。</p><p>  2.欣赏：《富饶辽阔的阿拉善》。</p><p>  3.欣赏：《天堂》男声独唱版和马头琴独奏版。</p><p>  4.听辨：蒙古族乐队“杭盖”演唱的呼麦歌曲《轮回》。</p><p>  5.器乐演奏：《嘎达梅林》竖笛演奏。</p><p>【教学目标】</p><p>1.通过对歌曲《嘎达梅林》的学习，提高对歌唱艺术的兴趣。了解蒙古族声乐艺术的独特魅力。</p><p>2.了解蒙古族音乐的旋律与结构特点，能视唱部分蒙古族歌曲。</p><p>3.学会用竖笛演奏部分蒙古民歌，听辨蒙古长调、短调，了解蒙古音乐的伴奏乐器。</p><p>【教学过程片段】</p><p>1.导入</p><p>（1）播放藏族歌曲《翻身农奴把歌唱》视频。</p><p>（2）通过赏析视频画面中壮丽的草原风光，将同学们的思绪引领到蒙古草原。</p><p>2.学唱《嘎达梅林》</p><p>播放腾格尔演唱的《嘎达梅林》视频。</p><p>简述腾格尔的艺术经历和经典作品。</p><p>3.欣赏《天堂》男声独唱版和马头琴独奏版音频材料</p><p>简述腾格尔创作和演唱《天堂》的背景：认识马头琴。</p><p>4.欣赏蒙古族乐队“杭盖”演唱的呼麦歌曲《轮回》音频材料，介绍呼麦的特点；听辨乐队中的马头琴的音色。</p><p>5.竖笛演奏《嘎达梅林》——全班齐奏</p><p>6. 课堂总结（略）</p><p>附：谱例</p><p><img width="502px" height="305px" src="https://fb.fbstatic.cn/api/tarzan/images/16584ff4a625f56.png?width=700" /></p>', '', '2015年下半年教师资格证考试《初中音乐》题（精选）第29题', '1', '0');
DELETE FROM edu_course_exercise_qa WHERE id='2242609';
INSERT INTO edu_course_exercise_qa (id, course_exercise_id, type, question, cando, answer, total_score) VALUES ('2242609', '2242609', '12', '', '0', '<p>（1）教案中缺少教学重点及难点，可设置为：</p><p>重点：欣赏蒙古音乐，能够认识马头琴。</p><p>难点：通过欣赏蒙古族民歌，增强对少数民族的认识及欣赏其音乐的能力。</p><p>（2）教学目标设计有误。音乐教学目标应包括情感态度与价值观、过程与方法、知识与技能三个方面。题干中教学目标的 1、 3 点均符合情感态度与价值观目标、知识与技能目标的要求，但第 2 点过程与方法描述不够准确，没有突出教学中使用的教学方法，此处可修改为“通过讲授法、反复聆听以及视唱法，学生能够进一步提升演唱能力和音乐审美能力。”</p><p>（3）在教学过程中教师进行教唱的环节过于笼统，没有细节处理，应将教唱的整个过程反映在课程当中，便于学生学习本节课的内容。</p><p>（4）巩固提高环节。先集体演唱一遍，再去欣赏蒙古族的歌曲，这样可以进一步加深学生对蒙古族音乐的理解。</p><p>（5）实现教学过程与教学内容不符。教学内容中提到《富饶辽阔的阿拉善》，但在教学过程环节中始终没有涉及对这首乐曲的讲解和欣赏。应在教学过程中加入对本歌曲的欣赏环节，例如引导学生闭上眼睛欣赏本首乐曲的旋律变化及伴奏音色等。</p>', '0');
DELETE FROM edu_course_exercise_comment WHERE id='2242609';
INSERT INTO edu_course_exercise_comment (id, path, course_exercise_qa_id, comment) VALUES ('2242609', ',2242609', '2242609', '<p>本题考查的是对教唱课的教学过程的分析。《义务教育音乐课程标准（2011版）》指出：“1.以音乐审美为核心，培养兴趣；2.面向全体学生，注重个性发展；3.重视音乐实践，增强创造意识；4.弘扬民族音乐，理解多元文化”分析此题时要从教学过程是否符合《义务教育音乐课程标准（2011版）》。</p>');
DELETE FROM edu_course_exercise WHERE id='224262236504';
INSERT INTO edu_course_exercise (id, question_type, course_id, content, easy_error, source, checked, is_pk) VALUES ('224262236504', '12', '50505050', '<p>依据《普通高中音乐课程标准（实验）》基本理念，按照下列要求进行教学设计。</p><p>教学对象：选修“演奏”模块的学生</p><p>教学内容：器乐合奏《梭罗河》</p><p>教学重点：合奏时节奏的推确性与声音的协调性</p><p><img width="446px" height="469px" src="https://fb.fbstatic.cn/api/tarzan/images/165850d19f4e104.png?width=700" /></p><p>要求：</p>', '', '2015年上半年教师资格证考试《高中音乐》题第31题', '1', '0');
DELETE FROM edu_course_exercise_qa WHERE id='2242622';
INSERT INTO edu_course_exercise_qa (id, course_exercise_id, type, question, cando, answer, total_score) VALUES ('2242622', '224262236504', '12', '<p>（1）选择合适的乐器进行教学。（5分）</p>', '1', '<p>（1）葫芦丝、竖笛、三角铁、沙锤。</p>', '35.0');
DELETE FROM edu_course_exercise_qa WHERE id='224262204';
INSERT INTO edu_course_exercise_qa (id, course_exercise_id, type, question, cando, answer, total_score) VALUES ('224262204', '224262236504', '12', '<p>（2）设定教学目标。（10分）</p>', '1', '<p>（2）教学目标：</p><p>①情感态度价值观：学生能够感受到亚洲歌曲的多样化，理解音乐文化多样性；</p><p>②过程与方法：通过小组合作、乐器演奏，提高学生的合作能力、演奏能力；</p><p>③知识与技能：学生能够独立完整演奏歌曲，并能小组合作分声部演奏。</p>', '10');
DELETE FROM edu_course_exercise_qa WHERE id='2242622046';
INSERT INTO edu_course_exercise_qa (id, course_exercise_id, type, question, cando, answer, total_score) VALUES ('2242622046', '224262236504', '12', '<p>（3）针对教学重点设计具体的教学策略与过程。（20分）</p>', '1', '<p>（3）</p><p>【教学过程】</p><p>1.导入：教师演唱《木瓜恰恰恰》，请学生回忆这是哪里的歌曲，顺势导入本节课《梭罗河》。</p><p>2.新课教授：</p><p>①教师示范演奏主旋律，请学生思考乐曲的情绪和情感。</p><p>②教师请学生观察谱例，分析歌曲的调式调性，教师讲解印度尼西亚的音乐文化，介绍克隆宗。</p><p>③教师示范演奏主旋律，学生模仿演奏，在遇到不准确的地方，教师顺势讲解，直到学生能够分声部完整演奏。</p><p>④请学生分组练习各个声部，并推选展示，予以评价。</p><p>⑤请同学们以小组为单位进行合奏练习，教师提示合奏过程中注意各声部的和谐统一。</p><p>⑥请学生带着感情、完整演奏音乐作品，并谈一谈自己对音乐的情感体会。</p><p>3.拓展延伸：</p><p>教师请学生创编打击乐伴奏，分组展示，并评价。</p><p>4.小结作业：</p><p>师生合作共同总结本课收获，课后请同学们收集中国的民间歌曲，谈一谈二者的异同，下节课一起分享。</p>', '20');
DELETE FROM edu_course_exercise_comment WHERE id='2242622';
INSERT INTO edu_course_exercise_comment (id, path, course_exercise_qa_id, comment) VALUES ('2242622', ',2242622', '2242622', '<p>本题是一道教学设计题，共三问：</p><p>（1）第一问选择乐器只要是和本首歌曲的演奏即可，注意乐器的丰富性，即旋律乐器和打击乐器都有。</p>');
DELETE FROM edu_course_exercise_comment WHERE id='224262204';
INSERT INTO edu_course_exercise_comment (id, path, course_exercise_qa_id, comment) VALUES ('224262204', ',224262204', '224262204', '<p>（2）第二问要求设计教学目标，可以从以下几个方面入手：1.三个维度：情感态度与价值观、过程与方法、知识与技能；2.四个要求：①行为主体必须是学生；②行为条件，如时间、场所等；③行为动词必须是具体、可测评的；④表现程度及质量效果。3.制定的依据：①学科课标，即《普通高中音乐课程标准（实验）》中对演奏课的相关目标要求；②教材情况，即音乐作品在教材中或单元中的作用、地位及重要性；③学生情况，即学生所具备的基础知识水平和理应达到的水平，以及学生的具体兴趣、认知情况等等。</p>');
DELETE FROM edu_course_exercise_comment WHERE id='2242622046';
INSERT INTO edu_course_exercise_comment (id, path, course_exercise_qa_id, comment) VALUES ('2242622046', ',2242622046', '2242622046', '<p>（3）第三问是一道教学设计题，可从以下四个方面进行考虑：①从问题出发点寻找答案，本题的关键点为选取其中一个教学目标进行教学设计；②回忆教案设计步骤、内容；③回到材料中结合材料进行填充；④对设计好的教案进行检查和思考，确保完整。</p>');
DELETE FROM edu_course_exercise WHERE id='2242707';
INSERT INTO edu_course_exercise (id, question_type, course_id, content, easy_error, source, checked, is_pk) VALUES ('2242707', '12', '50505050', '<p>依据《普通高中音乐课程标准（实验）》基本理念，分析课例，并对其教学过程进行点评。</p><p>  【课题名称】《再现波斯市场》</p><p>  【教学对象】选修“音乐与戏剧表演”模块的学生</p><p>  【教学内容】小型音乐剧排练《再现波斯市场》之“波斯王子”</p><p>  【主要目标】</p><p>1.在了解音乐剧相关知识的基础上，产生对小型音乐剧表演的兴趣。</p><p>2.参与《再现波斯市场》之“波斯王子”的再创作和排练活动。</p><p>  （说明：本课的基础是上节课已经学习了几个音乐剧的经典片段，对音乐剧的表演有了一定的认识。）</p><p>  【教学过程片段】</p><p>1.导入</p><p>  （1）回顾音乐剧《猫》的唱段“回忆”，讨论音乐要素在情感表达和形象塑造中的作用。 </p><p>（2）总结音乐剧表演所需的要素：音乐、舞蹈、对白、人物、道具、布景等。</p><p>  2.新课教学</p><p>  （1）欣赏《波斯市场》</p><p>  ①浏览性欣赏《波斯市场》，了解其故事情节及音乐风格。</p><p>  ②熟悉《波斯市场》之“王子”的音乐主题，讨论人物形象及具体场景。</p><p>（2）分组合作，准备小型音乐剧《再现波斯布场》之“波斯王子”的表演。</p><p>  教师根据学生的能力及兴趣爱好将其分为编导组、音乐组、舞美组和表演组，并在学生的准备活动中给予及时的帮助。</p><p>  ·编导组任务</p><p>  确定人物形象如王子、随从、耍蛇人、乞丐等，为他们创编独白和对白，并为角色编排简单的动作和舞蹈。</p><p>  ·音乐组任务</p><p>  教师提供阿拉伯风格旋律素材（34 56 54 323），学生根据王子出场及退场的需要创编旋律短句、歌词并编配合适的打击乐器伴奏。</p><p>  ·舞美组任务</p><p>  设计并制作舞台布景，为王子、随从、耍蛇人及乞丐等角色设计和制作合适的道具及服饰。</p><p>·表演组任务</p><p>  根据以上三组提供的素材，进行角色的塑造。</p><p>3.排练《再现波斯市场》之“波斯王子”</p><p>（略）</p>', '', '2016年上半年教师资格证考试《高中音乐》题第35题', '1', '0');
DELETE FROM edu_course_exercise_qa WHERE id='2242707';
INSERT INTO edu_course_exercise_qa (id, course_exercise_id, type, question, cando, answer, total_score) VALUES ('2242707', '2242707', '12', '', '1', '<p>(1)优点：</p><p>①教学过程中，导入设计比较合理，既有兴趣又有知识，可以适时地激发学习兴趣；</p><p>②课程中对于同学们的分组较为清晰，分组较为周全。</p><p>(2)不足及建议：</p><p>第一，“教学目标”设计不完整，可以补充修改为：</p><p>①情感态度价值观：在了解音乐剧相关知识的基础上，产生对小型音乐剧表演的兴趣，拓宽音乐文化视野。</p><p>②过程与方法：通过角色扮演、小组合作等方法，培养表现与合作的能力。</p><p>③知识与技能：学生能够参与《再现波斯市场》之“波斯王子”的再创作和排练活动，认真诠释音乐作品。</p><p>第二，案例缺少“教学重难点”，以下补充为：</p><p>① 教学重点：学生能够参与《再现波斯市场》之“波斯王子”的再创作和排练活动。</p><p>②教学难点：在了解音乐剧相关知识的基础上，产生对小型音乐剧表演的兴趣。</p><p>第三，在小组分配到工作中，没有做到科学合理。“舞美组”缺少与音乐和表演相关的任务，没有体现学生的参与度和创造力的环节。</p><p>第四，缺少排练以后的展示环节，建议教师请学生排练之后进行完整演出展示，在合作中体会音乐剧的艺术魅力；</p><p>第五，缺乏师生评价的环节，教学评价是教学环节中必不可少的，好的教学评价，一方面可以为学生指明正确的方向，另一方面也可以给予学生信心且激发兴趣，建议在展示环节以后予以适度评价，评价形式可以多元化（自评、互评、他评相结合）；</p><p>第六，缺少结作业环节，教师可以请学生畅谈收获，并顺势总结，并请学生课后收集歌剧资料，思考音乐剧与歌剧的异同点，下节课进行分享。</p>', '0');
DELETE FROM edu_course_exercise_comment WHERE id='2242707';
INSERT INTO edu_course_exercise_comment (id, path, course_exercise_qa_id, comment) VALUES ('2242707', ',2242707', '2242707', '<p>本题考查的是对鉴赏课的教学设计和教学过程的分析。我们要求教学设计首先要完整；随后教学过程的设置要由浅入深、环环相扣；再次教学过程中要体现学生的主体性和教师的引导能力；最后教学的内容要注意适度的多元化，激发学生兴趣。</p>');
DELETE FROM edu_course_exercise WHERE id='2242761';
INSERT INTO edu_course_exercise (id, question_type, course_id, content, easy_error, source, checked, is_pk) VALUES ('2242761', '12', '50505050', '<p>为下面谱例的旋律编创二声部重奏。</p><p>要求：不改动原曲，用支声（每个声部脱胎于同一个主要曲调，大体相似，但时有变化，若即若离）的方式编配另一个声部。</p><p><img width="485px" height="250px" src="https://fb.fbstatic.cn/api/tarzan/images/16588c5450c4a54.png?width=700" /></p>', '', '2016年下半年教师资格证考试《初中音乐》题第31题', '1', '0');
DELETE FROM edu_course_exercise_qa WHERE id='2242761';
INSERT INTO edu_course_exercise_qa (id, course_exercise_id, type, question, cando, answer, total_score) VALUES ('2242761', '2242761', '12', '', '0', '<p><img width="528px" height="297px" src="https://fb.fbstatic.cn/api/tarzan/images/16588c5e187155b.png?width=700" /></p>', '0');
DELETE FROM edu_course_exercise_comment WHERE id='2242761';
INSERT INTO edu_course_exercise_comment (id, path, course_exercise_qa_id, comment) VALUES ('2242761', ',2242761', '2242761', '<p>本题共一问，考查内容是歌曲创作，将乐曲进行编配，并编配出新的声 部。两个声部的进行所构成的关系共有以下3种。 </p><p>（1）同向进行，即两个声部作同一方向的进行。 </p><p>（2）反向进行，即两个声部作相反方向的进行。 </p><p>（3）斜向进行，即一声部保持不动，另一声部作向上或向下的进行。 </p>');
DELETE FROM edu_course_exercise WHERE id='224276429470';
INSERT INTO edu_course_exercise (id, question_type, course_id, content, easy_error, source, checked, is_pk) VALUES ('224276429470', '12', '50505050', '<p>分析下面的谱例。</p><p>要求：</p>', '', '2016年下半年教师资格证考试《初中音乐》题第32题', '1', '0');
DELETE FROM edu_course_exercise_qa WHERE id='2242764';
INSERT INTO edu_course_exercise_qa (id, course_exercise_id, type, question, cando, answer, total_score) VALUES ('2242764', '224276429470', '12', '<p>（1）写出歌曲的调式调性。</p>', '1', '<p>（1）E羽雅乐七声调式</p>', '3');
DELETE FROM edu_course_exercise_qa WHERE id='2242764910';
INSERT INTO edu_course_exercise_qa (id, course_exercise_id, type, question, cando, answer, total_score) VALUES ('2242764910', '224276429470', '12', '<p>（2）说明歌曲旋律音调上的特点。</p>', '1', '<p>（2）特点：①歌曲采用变换拍子，整体运用4/4拍比较舒缓的节奏，中间有一小节的节拍变换成2/4拍，使得当时的重音发生了变化，深刻地表现出梅花高雅的品质；②歌曲整体运用了二度、三度及五度的旋律进行，迂回婉转。</p>', '3');
DELETE FROM edu_course_exercise_qa WHERE id='2242764910364';
INSERT INTO edu_course_exercise_qa (id, course_exercise_id, type, question, cando, answer, total_score) VALUES ('2242764910364', '224276429470', '12', '<p>（4）说明乐句间主要的结构特点。 </p><p><img width="519px" height="562px" src="https://fb.fbstatic.cn/api/tarzan/images/16588c61263dde5.png?width=700" /></p>', '0', '<p>（4）特点：前四个乐句间采用了变化重复的写作手法，<img flag="tex" src="https://fb.fbstatic.cn/api/planet/accessories/formulas?latex=g8TtwqIgdGcNILaq8wjMmQ%3D%3D" />是a的变化重复，<img flag="tex" src="https://fb.fbstatic.cn/api/planet/accessories/formulas?latex=uKIba%2BZiESkgYTN05h1Dpg%3D%3D" />是b的变化重复。</p>', '3');
DELETE FROM edu_course_exercise_qa WHERE id='22427649108';
INSERT INTO edu_course_exercise_qa (id, course_exercise_id, type, question, cando, answer, total_score) VALUES ('22427649108', '224276429470', '12', '<p>（3）划分歌曲的乐句，用字母标记并注明每乐句起止的小节数。（6分）</p>', '0', '<p>（3）歌曲分为6句：</p><p><img width="617px" height="65px" src="https://fb.fbstatic.cn/api/tarzan/images/165f65a9e02dd75.png?width=700" /></p>', '6');
DELETE FROM edu_course_exercise_comment WHERE id='2242764';
INSERT INTO edu_course_exercise_comment (id, path, course_exercise_qa_id, comment) VALUES ('2242764', ',2242764', '2242764', '<p>本题共分为四问。</p><p>（1）音乐调式调性的考查，通过对乐曲的音阶排列判断出音乐的调式调性，是对民族调式的检查。</p>');
DELETE FROM edu_course_exercise_comment WHERE id='2242764910';
INSERT INTO edu_course_exercise_comment (id, path, course_exercise_qa_id, comment) VALUES ('2242764910', ',2242764910', '2242764910', '<p>（2）曲式分析，分析旋律的特点，主要从速度力度等方面进行分析。</p>');
DELETE FROM edu_course_exercise_comment WHERE id='2242764910364';
INSERT INTO edu_course_exercise_comment (id, path, course_exercise_qa_id, comment) VALUES ('2242764910364', ',2242764910364', '2242764910364', '<p>（4）曲式结构当中的乐曲分析，对乐句之间的关系以及特点进行考查。 </p>');
DELETE FROM edu_course_exercise_comment WHERE id='22427649108';
INSERT INTO edu_course_exercise_comment (id, path, course_exercise_qa_id, comment) VALUES ('22427649108', ',22427649108', '22427649108', '<p>（3）考查对音乐曲式的划分，并能够根据不同的曲目进行乐句划分。</p>');
DELETE FROM edu_course_exercise WHERE id='2242767';
INSERT INTO edu_course_exercise (id, question_type, course_id, content, easy_error, source, checked, is_pk) VALUES ('2242767', '12', '50505050', '<p>根据《义务教育音乐课程标准（2011年版）》基本理念，对教学设计中的展开阶段进行分析点评。</p><p>       【课题名称】《丰收时节》</p><p>       【教学对象】七年级学生</p><p>       【教学内容】欣赏《丰收时节》及综合创编</p><p>       【主要目标】</p><p>       1.学习维吾尔族基本舞蹈动作，感受“赛乃姆”节奏。</p><p>       2.通过欣赏、创编、表演等实践活动，围绕“丰收时节”主题，尝试创作和表演，体会舞台表现的综合性特征。</p><p>       （其他目标略）</p><p>       【学时】1</p><p>       【教学过程片段】</p><p>       一、导入阶段（略）</p><p>       二、展开阶段：新课教学</p><p>       1.作品赏析——天山脚下的《丰收时节》</p><p>       （1）学习与感受维吾尔族舞蹈特色</p><p>       师：示范维吾尔族舞蹈片段。</p><p>       师问：这是哪个民族的舞蹈？老师的动作在表现什么？心情如何？</p><p>       （师生交流）</p><p>       生：尝试模仿“摘葡萄”舞蹈动作。</p><p>       师问：你们的动作与老师刚才的动作有何不同？</p><p>       （师生交流）</p><p>       师：指导学习“摘葡萄”舞蹈动作。（手部动作、脚步动作、方位）</p><p>       生：舞蹈实践，感受“赛乃姆”及其典型节奏。（2）欣赏舞蹈视频《丰收时节》</p><p>       师问：作品运用了哪些舞蹈动作、哪些舞台表现手法来展现收获的喜悦？（板书：舞蹈动作、舞蹈队形、舞蹈形式、道具、布景、灯光）师生交流舞台表现形式对“收获”这一舞蹈主题的塑造作用。</p><p>       2.创编与实践一《收获时节》</p><p>       师：出示创编主题“收获时节”，布置创编分组及要求。（舞蹈组、配乐组、灯光组、布景组、摄影摄像组）</p><p>       生：分组实施创作实践，教师指导。</p><p>       生：创作展示，各组共同表演《收获时节》。</p><p>       三、小结</p><p>       （后略）</p>', '', '2018年上半年教师资格证考试《初中音乐》题第35题', '1', '0');
DELETE FROM edu_course_exercise_qa WHERE id='2242767';
INSERT INTO edu_course_exercise_qa (id, course_exercise_id, type, question, cando, answer, total_score) VALUES ('2242767', '2242767', '12', '', '1', '<p>（1）优点：</p><p>①此教学设计，教师的教学目标设计比较合理，符合新课标的要求。</p><p>②在教学过程中，教师能够通过欣赏音乐作品，结合舞蹈动作的模仿，引导学生感受丰收的喜悦，体会音乐作品的情绪情感，符合新课标的理念。</p><p>（2）缺点：</p><p>教师在指导学生通过“丰收时节”主题尝试创作和表演来体会舞台表演的综合性特征时，中间贯穿的引导过于粗糙，对于七年级的学生来说难度略大，不符合学情。</p><p>（3）建议：</p><p>①在学生感受了“摘葡萄”的动作之后，启发学生思考：丰收的时节还会需要做哪些劳动？比如，收获的粮食装车、推运、堆满仓等。引导学生尝试用动作表演。</p><p>②体会了典型节奏型之后，启发学生将舞蹈动作伴以节奏表现出来，进一步体会节奏韵律的特点。</p><p>③在学生感受了舞蹈动作的魅力之后，再引导学生整体地感知舞台艺术所需要的要素：除了舞蹈动作，舞蹈队形、舞蹈形式、道具、布景等分别有什么样的？给学生呈现图片视频等，引导学生做出合理选择，避免学生因空想导致课堂教学无效。</p>', '0');
DELETE FROM edu_course_exercise_comment WHERE id='2242767';
INSERT INTO edu_course_exercise_comment (id, path, course_exercise_qa_id, comment) VALUES ('2242767', ',2242767', '2242767', '<p>本题考查的是对欣赏以及综合创编课的教学过程的分析。</p><p>《义务教育音乐课程标准（2011年版）》指出：</p><p>（1）以音乐审美为核心，以兴趣爱好为动力；（2）强调音乐实践，鼓励音乐创造；</p><p>（3）突出音乐特点，关注学科综合；</p><p>（4）弘扬民族音乐，理解音乐文化多样性；</p><p>（5）面向全体学生，注重个性发展。</p><p>分析此题时，要从教学过程是否符合《义务教育音乐课程标准（2011年版）》进行分析。</p>');
DELETE FROM edu_course_exercise WHERE id='224276850476';
INSERT INTO edu_course_exercise (id, question_type, course_id, content, easy_error, source, checked, is_pk) VALUES ('224276850476', '12', '50505050', '<p>依据《义务教育音乐课程标准（2011年版）》基本理念，对下面教学设计中的展开阶段进行分析、评价。</p><p>【课程名称】走进音画——《思乡曲》</p><p>【教学对象】七年级学生</p><p>【教学内容】欣赏与创编《思乡曲》</p><p>【主要目标】</p><p>1.能理解乐曲各段的情绪与音乐要素的异同。</p><p>2.用色彩和线条等美术要素表现感受到的音乐。</p><p>（其他目标略）</p><p>【教学过程片段】</p><p>1.导入阶段（略）</p><p>2.展开阶段：新课教学</p>', '', '2016年下半年教师资格证考试《初中音乐》题第35题', '1', '0');
DELETE FROM edu_course_exercise_qa WHERE id='2242768';
INSERT INTO edu_course_exercise_qa (id, course_exercise_id, type, question, cando, answer, total_score) VALUES ('2242768', '224276850476', '12', '<p>（1）走进音乐，从音到画</p><p>①听《思乡曲》音乐，引导学生分析音乐要素（情绪、旋律、速度、力度、音色）。</p><p>②引导学生分析、寻找音乐要素与美术要素（色彩、线条等）的关联，寻找这两种艺术间的通感。</p><p>③小结：这就是音乐与绘画间的联系，拿着这把钥匙，我们来探索二者的融合。</p>', '1', '<p>（1）不能突出“以音乐为审美核心”。展开阶段活动设置得太少，没有看出以音乐审美为核心，学生虽然分析了乐曲的音乐要素，但是没有通过音乐要素感受整个的思乡意境。 </p>', '0');
DELETE FROM edu_course_exercise_qa WHERE id='22427680';
INSERT INTO edu_course_exercise_qa (id, course_exercise_id, type, question, cando, answer, total_score) VALUES ('22427680', '224276850476', '12', '<p>（2）音画结合之感受与体验</p><p>播放作品主题部分，教师示范并分享自己是如何应用音画结合的钥匙进行创作的。</p>', '1', '<p>（2）不能体现“重视音乐实践，增强创造意识”，在教学过程中，教师应该设定生动有趣的创造活动，发展学生的想象力，增强学生的创造意识。但是在展开阶段，没有体现出这个理念。 </p>', '0');
DELETE FROM edu_course_exercise_qa WHERE id='2242768029';
INSERT INTO edu_course_exercise_qa (id, course_exercise_id, type, question, cando, answer, total_score) VALUES ('2242768029', '224276850476', '12', '<p>（3）音画结合之实践</p><p>将学生分组，小组间根据《思乡曲》的音乐意境进行集体绘画创作。</p><p>注意组员间的分工与合作;关注音乐是创作的本体，要在聆听的基础上想象。</p>', '1', '<p>（3）不能突出音乐的特点。音乐是听觉的艺术，学生主要通过活动来感受音乐和体验音乐，在展开阶段虽然结合了美术，但是忽视了音乐学科的特点。学生只有带着问题进行聆听，感受音乐，大脑中产生画面感，才能更好地与美术要素相结合。 </p>', '0');
DELETE FROM edu_course_exercise_qa WHERE id='224276802981';
INSERT INTO edu_course_exercise_qa (id, course_exercise_id, type, question, cando, answer, total_score) VALUES ('224276802981', '224276850476', '12', '<p>（4）音画结合之分享</p><p>问：最吸引你的是哪幅画？为什么？</p><p>你认为哪个作品与音乐结合得贴切？体现在哪？</p><p>请一组学生介绍其作品，并分享合作过程中的感受与收获。</p><p>3.小结（略）</p>', '1', '<p>（4）没有体现师生的相互评价，评价可以及时调整和改善教学，提高教学质量，但是在教学活动中没有体现评价环节，教师不能及时了解学生的情况。</p>', '0');
DELETE FROM edu_course_exercise_comment WHERE id='2242768';
INSERT INTO edu_course_exercise_comment (id, path, course_exercise_qa_id, comment) VALUES ('2242768', ',2242768', '2242768', '<p>本题考查的是对教学过程的分析。《义务教育音乐课程标准（2011年版）》指出：</p><p>（1）以音乐审美为核心，以兴趣爱好为动力；（2）强调音乐实践，鼓励音乐创造；</p><p>（3）突出音乐特点，关注学科综合；</p><p>（4）弘扬民族音乐，理解音乐文化多样性；</p><p>（5）面向全体学生，注重个性发展。</p><p>此题要从教学过程是否符合《义务教育音乐课程标准（2011年版）》进行分析。</p>');
DELETE FROM edu_course_exercise_comment WHERE id='22427680';
INSERT INTO edu_course_exercise_comment (id, path, course_exercise_qa_id, comment) VALUES ('22427680', ',22427680', '22427680', '<p>本题考查的是对教学过程的分析。《义务教育音乐课程标准（2011年版）》指出：</p><p>（1）以音乐审美为核心，以兴趣爱好为动力；（2）强调音乐实践，鼓励音乐创造；</p><p>（3）突出音乐特点，关注学科综合；</p><p>（4）弘扬民族音乐，理解音乐文化多样性；</p><p>（5）面向全体学生，注重个性发展。</p><p>此题要从教学过程是否符合《义务教育音乐课程标准（2011年版）》进行分析。</p>');
DELETE FROM edu_course_exercise_comment WHERE id='2242768029';
INSERT INTO edu_course_exercise_comment (id, path, course_exercise_qa_id, comment) VALUES ('2242768029', ',2242768029', '2242768029', '<p>本题考查的是对教学过程的分析。《义务教育音乐课程标准（2011年版）》指出：</p><p>（1）以音乐审美为核心，以兴趣爱好为动力；（2）强调音乐实践，鼓励音乐创造；</p><p>（3）突出音乐特点，关注学科综合；</p><p>（4）弘扬民族音乐，理解音乐文化多样性；</p><p>（5）面向全体学生，注重个性发展。</p><p>此题要从教学过程是否符合《义务教育音乐课程标准（2011年版）》进行分析。</p>');
DELETE FROM edu_course_exercise_comment WHERE id='224276802981';
INSERT INTO edu_course_exercise_comment (id, path, course_exercise_qa_id, comment) VALUES ('224276802981', ',224276802981', '224276802981', '<p>本题考查的是对教学过程的分析。《义务教育音乐课程标准（2011年版）》指出：</p><p>（1）以音乐审美为核心，以兴趣爱好为动力；（2）强调音乐实践，鼓励音乐创造；</p><p>（3）突出音乐特点，关注学科综合；</p><p>（4）弘扬民族音乐，理解音乐文化多样性；</p><p>（5）面向全体学生，注重个性发展。</p><p>此题要从教学过程是否符合《义务教育音乐课程标准（2011年版）》进行分析。</p>');
DELETE FROM edu_course_exercise WHERE id='2242888';
INSERT INTO edu_course_exercise (id, question_type, course_id, content, easy_error, source, checked, is_pk) VALUES ('2242888', '12', '50505050', '<p>为下面的谱例编配二声部重奏。</p><p>要求：</p><p>（1）为所给的旋律配和声，将和弦标记写在旋律下方。（5分）</p><p>（2）根据自己所写的和弦以及第一小节的示范，创作低声部剩余的部分。（5分）</p><p><img width="488px" height="250px" src="https://fb.fbstatic.cn/api/tarzan/images/16588f8d1761853.png?width=700" /></p>', '', '2016年下半年教师资格证考试《高中音乐》题第31题', '1', '0');
DELETE FROM edu_course_exercise_qa WHERE id='2242888';
INSERT INTO edu_course_exercise_qa (id, course_exercise_id, type, question, cando, answer, total_score) VALUES ('2242888', '2242888', '12', '', '0', '<p><img width="554px" height="250px" src="https://fb.fbstatic.cn/api/tarzan/images/16588f949ccd9c7.png?width=700" /></p>', '0');
DELETE FROM edu_course_exercise_comment WHERE id='2242888';
INSERT INTO edu_course_exercise_comment (id, path, course_exercise_qa_id, comment) VALUES ('2242888', ',2242888', '2242888', '<p>本题目一个明确要求，内容是为谱例编配二重奏，具体要求有两个：（1）为旋律配和声并标记出和声功能；（2）所配写和弦以题干中给出的第一小节为依据。通过谱例分析得知，题干中配写的第一小节，其方法就是在旋律下方小三度进行二声部写作，而节奏和音区并不做任何改变，因此，此旋律的配写可以以此类推。</p>');
DELETE FROM edu_course_exercise WHERE id='224288901324';
INSERT INTO edu_course_exercise (id, question_type, course_id, content, easy_error, source, checked, is_pk) VALUES ('224288901324', '12', '50505050', '<p>分析下面谱例（歌词略）。</p><p>要求：</p>', '', '2016年下半年教师资格证考试《高中音乐》题第32题', '1', '0');
DELETE FROM edu_course_exercise_qa WHERE id='2242889';
INSERT INTO edu_course_exercise_qa (id, course_exercise_id, type, question, cando, answer, total_score) VALUES ('2242889', '224288901324', '12', '<p>（1）画出曲式结构图式。</p>', '0', '<p>（1）<img width="309px" height="148px" src="https://fb.fbstatic.cn/api/tarzan/images/1660fdc3f9201d3.png?width=700" /></p>', '5');
DELETE FROM edu_course_exercise_qa WHERE id='22428898';
INSERT INTO edu_course_exercise_qa (id, course_exercise_id, type, question, cando, answer, total_score) VALUES ('22428898', '224288901324', '12', '<p>（2）说明乐曲的整体曲式结构和次级曲式结构。</p>', '1', '<p>（2）这是一个不带再现的单二部曲式，判断依据有两点：首先，《桑塔·露琪亚》是由两个完全相同的A段和B段组成的；其次，重复的乐段不能算作新结构，因此我们将该作品看作 “A+B+尾声”的结构。</p><p>从次级曲式结构来看，A段中包含了a、b两个乐句，而这运用了变化重复的手法进行发展，形成了两个对比乐句。B段也是两个对比乐句组成，但其发展更具有变化性，从音区、节奏、旋律进行上都与A段形成了鲜明的对比，表现情绪更为舒展、高亢。最后四个小节的尾声使音乐结构更加严谨，完整收拢歌曲。</p>', '4');
DELETE FROM edu_course_exercise_qa WHERE id='22428898491';
INSERT INTO edu_course_exercise_qa (id, course_exercise_id, type, question, cando, answer, total_score) VALUES ('22428898491', '224288901324', '12', '<p>（3）判断调式调性。</p>', '1', '<p>（3）C自然大调。</p>', '2');
DELETE FROM edu_course_exercise_qa WHERE id='224288984917';
INSERT INTO edu_course_exercise_qa (id, course_exercise_id, type, question, cando, answer, total_score) VALUES ('224288984917', '224288901324', '12', '<p>（4）写出主旋律的发展特点和典型的伴奏织体特征。</p><p><img width="525px" height="744px" src="https://fb.fbstatic.cn/api/tarzan/images/16588f980d5359d.png?width=700" /></p>', '1', '<p>（4）本首歌曲的主旋律是主题A中的a乐句，这句话运用了上行四度跳进与下行级进相结合的方式进行创作，情绪激昂的同时又不失叙事性特点，而后的b句对a 进行了一定程度的模仿，再次巩固的主旋律的地位。</p><p>从伴奏织体上来看，歌曲除乐段结束处运用了少量的柱式和弦外，其余部分都是以半分解和弦为主的。</p>', '4');
DELETE FROM edu_course_exercise_comment WHERE id='2242889';
INSERT INTO edu_course_exercise_comment (id, path, course_exercise_qa_id, comment) VALUES ('2242889', ',2242889', '2242889', '<p>本题目共四问，内容都是围绕和声、曲式分析展开的。（1）第一问要求画出曲式结构图。（2）第二问中要求陈述曲式名称和次级曲式结构，即在说清曲式结构的基础上对乐句的组成进行描述。（3）第三问是乐理问题，要求判断调式调性。该旋律没有调号，虽然出现了临时变音记号，但都属于经过音，尾音落在主音C上，由此判断为C自然大调。（4）第四问中涉及旋律发展手法和伴奏织体的相关知识。具体分析见参考答案。</p>');
DELETE FROM edu_course_exercise_comment WHERE id='22428898';
INSERT INTO edu_course_exercise_comment (id, path, course_exercise_qa_id, comment) VALUES ('22428898', ',22428898', '22428898', '<p>本题目共四问，内容都是围绕和声、曲式分析展开的。（1）第一问要求画出曲式结构图。（2）第二问中要求陈述曲式名称和次级曲式结构，即在说清曲式结构的基础上对乐句的组成进行描述。（3）第三问是乐理问题，要求判断调式调性。该旋律没有调号，虽然出现了临时变音记号，但都属于经过音，尾音落在主音C上，由此判断为C自然大调。（4）第四问中涉及旋律发展手法和伴奏织体的相关知识。具体分析见参考答案。</p>');
DELETE FROM edu_course_exercise_comment WHERE id='22428898491';
INSERT INTO edu_course_exercise_comment (id, path, course_exercise_qa_id, comment) VALUES ('22428898491', ',22428898491', '22428898491', '<p>本题目共四问，内容都是围绕和声、曲式分析展开的。（1）第一问要求画出曲式结构图。（2）第二问中要求陈述曲式名称和次级曲式结构，即在说清曲式结构的基础上对乐句的组成进行描述。（3）第三问是乐理问题，要求判断调式调性。该旋律没有调号，虽然出现了临时变音记号，但都属于经过音，尾音落在主音C上，由此判断为C自然大调。（4）第四问中涉及旋律发展手法和伴奏织体的相关知识。具体分析见参考答案。</p>');
DELETE FROM edu_course_exercise_comment WHERE id='224288984917';
INSERT INTO edu_course_exercise_comment (id, path, course_exercise_qa_id, comment) VALUES ('224288984917', ',224288984917', '224288984917', '<p>本题目共四问，内容都是围绕和声、曲式分析展开的。（1）第一问要求画出曲式结构图。（2）第二问中要求陈述曲式名称和次级曲式结构，即在说清曲式结构的基础上对乐句的组成进行描述。（3）第三问是乐理问题，要求判断调式调性。该旋律没有调号，虽然出现了临时变音记号，但都属于经过音，尾音落在主音C上，由此判断为C自然大调。（4）第四问中涉及旋律发展手法和伴奏织体的相关知识。具体分析见参考答案。</p>');
DELETE FROM edu_course_exercise WHERE id='2242925';
INSERT INTO edu_course_exercise (id, question_type, course_id, content, easy_error, source, checked, is_pk) VALUES ('2242925', '12', '50505050', '<p>旋律写作：</p><p>要求：</p><p>（1）分别以谱例中乐句作为第1句和第3句，创作第2句和第4句。（6分）</p><p>（2）完成后的结构为再现单二部曲式。（4分）</p><p><img width="665px" height="173px" src="https://fb.fbstatic.cn/api/tarzan/images/165f5ece12b98f4.png?width=700" /></p>', '', '2017年上半年教师资格证考试《初中音乐》题（精选）第26题', '1', '0');
DELETE FROM edu_course_exercise_qa WHERE id='2242925';
INSERT INTO edu_course_exercise_qa (id, course_exercise_id, type, question, cando, answer, total_score) VALUES ('2242925', '2242925', '12', '', '0', '<p><img width="554px" height="265px" src="https://fb.fbstatic.cn/api/tarzan/images/16589380ee675a7.png?width=700" /></p>', '0');
DELETE FROM edu_course_exercise_comment WHERE id='2242925';
INSERT INTO edu_course_exercise_comment (id, path, course_exercise_qa_id, comment) VALUES ('2242925', ',2242925', '2242925', '<p>本题主要考察的是学生对于带再现的单二部曲式的理解与运用。带再现的单二部曲式 第一段负责音乐内容的呈示性陈述，第二段负责音乐的继续和结束。题干中给出第一句及第三句，因此，在创作第二句时，要注意旋律的终止；在创作第四句时，应注意旋律对第一句或第二句的再现。</p>');
DELETE FROM edu_course_exercise WHERE id='224292674189';
INSERT INTO edu_course_exercise (id, question_type, course_id, content, easy_error, source, checked, is_pk) VALUES ('224292674189', '12', '50505050', '<p>分析下面的谱例。要求：</p>', '', '2017年上半年教师资格证考试《初中音乐》题（精选）第27题', '1', '0');
DELETE FROM edu_course_exercise_qa WHERE id='2242926';
INSERT INTO edu_course_exercise_qa (id, course_exercise_id, type, question, cando, answer, total_score) VALUES ('2242926', '224292674189', '12', '<p>（1）判断调式调性。</p>', '1', '<p>（1）乐曲开始是C自然大调，从第 3 小节开始谱例中的 F 升高了半音，且第 8 小节的和弦结束在 G 上，因此乐曲从第 3 小节开始转入 G 自然大调；从第 8 小节第二拍开始， B 降低半音，且 C 升高半音，由此可知 8 ～ 10 小节是 d 和声小调，从 11 小节开始又回到 C 自然大调。</p><p>因此，此曲的调式调性为： C 自然大调（ 1 ～ 3 小节）转入 G 自然大调（ 3 ～ 8 小节），再转入 d 和声小调（ 8 ～ 10 小节），最后回到 C 自然大调（ 11 ～ 16 小节）上。</p>', '3');
DELETE FROM edu_course_exercise_qa WHERE id='22429261';
INSERT INTO edu_course_exercise_qa (id, course_exercise_id, type, question, cando, answer, total_score) VALUES ('22429261', '224292674189', '12', '<p>（2）画出曲式结构图式。（6分）</p>', '0', '<p>（2）曲式结构图为：</p><p><img width="281px" height="108px" src="https://fb.fbstatic.cn/api/tarzan/images/165fa53a98e1ea2.png?width=700" /></p>', '6');
DELETE FROM edu_course_exercise_qa WHERE id='224292615';
INSERT INTO edu_course_exercise_qa (id, course_exercise_id, type, question, cando, answer, total_score) VALUES ('224292615', '224292674189', '12', '<p>（3）写出曲式的整体结构名称。（3分）  </p>', '1', '<p>（3）通过曲式结构图可知，该乐曲是单二部曲式。</p>', '3');
DELETE FROM edu_course_exercise_qa WHERE id='2242926159';
INSERT INTO edu_course_exercise_qa (id, course_exercise_id, type, question, cando, answer, total_score) VALUES ('2242926159', '224292674189', '12', '<p>（4）写出1-3小节方框所示两个乐汇之间的发展手法。（3分）</p><p><img width="511px" height="701px" src="https://fb.fbstatic.cn/api/tarzan/images/165f5ed73bef3f1.png?width=700" /></p>', '1', '<p>（4）通过比较两个乐汇可知，两个乐汇的节奏型相同，第二个乐汇比第一个乐汇音高移高了四度。因此，这两个乐汇之间的发展手法为模进。</p>', '3');
DELETE FROM edu_course_exercise_comment WHERE id='2242926';
INSERT INTO edu_course_exercise_comment (id, path, course_exercise_qa_id, comment) VALUES ('2242926', ',2242926', '2242926', '<p>本题目共四问。（1）第一问分析乐曲的调式调性。（2）第二问考察的是曲式结构图式（3）第三问需要阐述整体结构的名称。（4）第四问需要分析两个乐汇间的发展手法。</p>');
DELETE FROM edu_course_exercise_comment WHERE id='22429261';
INSERT INTO edu_course_exercise_comment (id, path, course_exercise_qa_id, comment) VALUES ('22429261', ',22429261', '22429261', '<p>本题目共四问。（1）第一问分析乐曲的调式调性。（2）第二问考察的是曲式结构图式（3）第三问需要阐述整体结构的名称。（4）第四问需要分析两个乐汇间的发展手法。</p>');
DELETE FROM edu_course_exercise_comment WHERE id='224292615';
INSERT INTO edu_course_exercise_comment (id, path, course_exercise_qa_id, comment) VALUES ('224292615', ',224292615', '224292615', '<p>本题目共四问。（1）第一问分析乐曲的调式调性。（2）第二问考察的是曲式结构图式（3）第三问需要阐述整体结构的名称。（4）第四问需要分析两个乐汇间的发展手法。</p>');
DELETE FROM edu_course_exercise_comment WHERE id='2242926159';
INSERT INTO edu_course_exercise_comment (id, path, course_exercise_qa_id, comment) VALUES ('2242926159', ',2242926159', '2242926159', '<p>本题目共四问。（1）第一问分析乐曲的调式调性。（2）第二问考察的是曲式结构图式（3）第三问需要阐述整体结构的名称。（4）第四问需要分析两个乐汇间的发展手法。</p>');
DELETE FROM edu_course_exercise WHERE id='2243082';
INSERT INTO edu_course_exercise (id, question_type, course_id, content, easy_error, source, checked, is_pk) VALUES ('2243082', '12', '50505050', '<p>合唱改编。</p><p>下面谱例由两组混声合唱组成（主旋律在高声部），第二组（下方四个声部）与第一组（上方四个声部）之间为模仿关系，具有回声呼应的效果。</p><p>要求：</p><p>（1）将其改编为二声部合唱。（4分）</p><p>（2）改编完成后的二声部之间仍然为模仿关系，保持原曲的回声效果。（6分）</p><p align="center"><img width="700px" height="703px" src="https://fb.fbstatic.cn/api/tarzan/images/165f58043cc4cef.png?width=700" /></p>', '', '2017年下半年教师资格证考试《初中音乐》题第31题', '1', '0');
DELETE FROM edu_course_exercise_qa WHERE id='2243082';
INSERT INTO edu_course_exercise_qa (id, course_exercise_id, type, question, cando, answer, total_score) VALUES ('2243082', '2243082', '12', '', '0', '<p><img width="506px" height="86px" src="https://fb.fbstatic.cn/api/tarzan/images/16589a8ab718cae.png?width=700" /></p>', '0');
DELETE FROM edu_course_exercise_comment WHERE id='2243082';
INSERT INTO edu_course_exercise_comment (id, path, course_exercise_qa_id, comment) VALUES ('2243082', ',2243082', '2243082', '<p>本题考查的是对二声部合唱的记谱写作，共两个要求。</p><p>（1）第一个要求提出将原本的两组四个声部的混声合唱，改编成二声部合唱。二声部记谱时，若只有一行乐谱，书写时高声部符干全部朝上，低声部符干全部朝下；在分写两行乐谱的情况下，每个声部都要遵循常规记谱要求，即符头在三线以下，符干朝上，符头在三线以上，符干朝下，符头在三线上时，符干可上可下。</p><p>（2）第二个要求是保证改编后的二声部之间仍然为模仿关系，保持原曲的回声效果。由于题干所给的两组四声部混声合唱为模仿关系，且主旋律在高声部，因此，改写两声部时，只需保留高声部即可。</p>');
DELETE FROM edu_course_exercise WHERE id='224308515207';
INSERT INTO edu_course_exercise (id, question_type, course_id, content, easy_error, source, checked, is_pk) VALUES ('224308515207', '12', '50505050', '<p>分析下面的谱例。</p><p>要求：</p>', '', '2017年下半年教师资格证考试《初中音乐》题第32题', '1', '0');
DELETE FROM edu_course_exercise_qa WHERE id='2243085';
INSERT INTO edu_course_exercise_qa (id, course_exercise_id, type, question, cando, answer, total_score) VALUES ('2243085', '224308515207', '12', '<p>（1）写出歌曲第一段的调式调性。</p>', '0', '<p>（1）通过找主音，排音列，分析音列的音程关系，可以得出歌曲的第一段为e自然小调。</p>', '3');
DELETE FROM edu_course_exercise_qa WHERE id='224308575';
INSERT INTO edu_course_exercise_qa (id, course_exercise_id, type, question, cando, answer, total_score) VALUES ('224308575', '224308515207', '12', '<p>（2）画出曲式结构图式。</p>', '0', '<p>（2）通过分析该作品乐句与乐段之间的关系，得出作品的结构如下：</p><p><img width="407px" height="99px" src="https://fb.fbstatic.cn/api/tarzan/images/165f580fdacb70a.png?width=700" /></p>', '7');
DELETE FROM edu_course_exercise_qa WHERE id='22430857558';
INSERT INTO edu_course_exercise_qa (id, course_exercise_id, type, question, cando, answer, total_score) VALUES ('22430857558', '224308515207', '12', '<p>（3）写出曲式的整体结构名称。</p><p><img width="700px" height="461px" src="https://fb.fbstatic.cn/api/tarzan/images/165f580bd33a686.png?width=700" /></p><p align="center"><br></p>', '0', '<p>（3）歌曲的第一部分陈述主题，第二部分与其形成对比，第三部分再现第一部分的材料。因此该作品的曲式结构名称为带再现的单三部曲式。</p>', '5');
DELETE FROM edu_course_exercise_comment WHERE id='2243085';
INSERT INTO edu_course_exercise_comment (id, path, course_exercise_qa_id, comment) VALUES ('2243085', ',2243085', '2243085', '<p>本题目共三问。</p><p>（1）第一问分析歌曲第一段的调式调性；</p>');
DELETE FROM edu_course_exercise_comment WHERE id='224308575';
INSERT INTO edu_course_exercise_comment (id, path, course_exercise_qa_id, comment) VALUES ('224308575', ',224308575', '224308575', '<p>（2）第二问考察的是曲式结构图式；</p>');
DELETE FROM edu_course_exercise_comment WHERE id='22430857558';
INSERT INTO edu_course_exercise_comment (id, path, course_exercise_qa_id, comment) VALUES ('22430857558', ',22430857558', '22430857558', '<p>（3）第三问需要阐述整体结构的名称。</p>');
DELETE FROM edu_course_exercise WHERE id='224322435291';
INSERT INTO edu_course_exercise (id, question_type, course_id, content, easy_error, source, checked, is_pk) VALUES ('224322435291', '12', '50505050', '<p>旋律写作。</p><p>以下面谱例中的旋律作为主题，分别写作三段变奏。</p><p>要求：</p>', '', '2017年下半年教师资格证考试《高中音乐》题第31题', '1', '0');
DELETE FROM edu_course_exercise_qa WHERE id='2243224';
INSERT INTO edu_course_exercise_qa (id, course_exercise_id, type, question, cando, answer, total_score) VALUES ('2243224', '224322435291', '12', '<p>（1）变奏一：加花变奏。</p>', '0', '<p>（1）加花变奏：</p><p><img width="511px" height="134px" src="https://fb.fbstatic.cn/api/tarzan/images/16589e4844444e9.png?width=700" /></p>', '4');
DELETE FROM edu_course_exercise_qa WHERE id='22432243';
INSERT INTO edu_course_exercise_qa (id, course_exercise_id, type, question, cando, answer, total_score) VALUES ('22432243', '224322435291', '12', '<p>（2）变奏二：当节拍变换为三拍子。</p>', '0', '<p>（2）三拍子记写：</p><p><img width="509px" height="149px" src="https://fb.fbstatic.cn/api/tarzan/images/16589e4af55094c.png?width=700" /></p>', '3');
DELETE FROM edu_course_exercise_qa WHERE id='2243224334';
INSERT INTO edu_course_exercise_qa (id, course_exercise_id, type, question, cando, answer, total_score) VALUES ('2243224334', '224322435291', '12', '<p>（3）变奏三：变换为小调式。</p><p>主题：</p><p><img width="700px" height="66px" src="https://fb.fbstatic.cn/api/tarzan/images/165f5c2254ebdd8.png?width=700" /></p>', '0', '<p>（3）小调式改写：</p><p><img width="512px" height="74px" src="https://fb.fbstatic.cn/api/tarzan/images/16589e4d57d84a4.png?width=700" /></p>', '3');
DELETE FROM edu_course_exercise_comment WHERE id='2243224';
INSERT INTO edu_course_exercise_comment (id, path, course_exercise_qa_id, comment) VALUES ('2243224', ',2243224', '2243224', '<p>本题共三问，要求运用加花变奏、变换拍子和变换调式的方法对原有的 旋律进行改写。</p><p>（1）加花变奏，中国民间音乐的重要旋律发展手法之一，指的是用装饰 音把旋律装饰起来，使其更为丰富。其手法有两种：①原板变奏，保持结构而使骨干音提前或延迟出现；②增减板变奏，扩充或压缩节拍，增减速度放慢，减板速度加快，民 间称为“快减慢繁”法。两种方法选其一即可。</p>');
DELETE FROM edu_course_exercise_comment WHERE id='22432243';
INSERT INTO edu_course_exercise_comment (id, path, course_exercise_qa_id, comment) VALUES ('22432243', ',22432243', '22432243', '<p>（2）改变成三拍子来记写，实际上就是 将音值重新组合，每小节三拍即可。</p>');
DELETE FROM edu_course_exercise_comment WHERE id='2243224334';
INSERT INTO edu_course_exercise_comment (id, path, course_exercise_qa_id, comment) VALUES ('2243224334', ',2243224334', '2243224334', '<p>（3）变换为小调式，改写见参考答案。</p>');
DELETE FROM edu_course_exercise WHERE id='224322961248';
INSERT INTO edu_course_exercise (id, question_type, course_id, content, easy_error, source, checked, is_pk) VALUES ('224322961248', '12', '50505050', '<p>请根据《普通高中音乐课程标准（实验）》基本理念，按照下列要求进行教学设计。</p><p>教学对象：高一年级学生</p><p>教学内容：鉴赏《非洲鼓乐》</p><p>教学重点：聆听《坦桑尼亚舞曲》，并参与鼓乐节奏实践。</p><p>要求：</p>', '', '2017年下半年教师资格证考试《高中音乐》题第33题', '1', '0');
DELETE FROM edu_course_exercise_qa WHERE id='2243229';
INSERT INTO edu_course_exercise_qa (id, course_exercise_id, type, question, cando, answer, total_score) VALUES ('2243229', '224322961248', '12', '<p>（1）设定教学目标。</p>', '1', '<p>（1）教学目标： </p><p>①情感态度与价值观：以积极的态度感受非洲民族民间音乐的风格特点，喜爱非洲民族民间音乐，理解音乐文化的多样性。 </p><p>②过程与方法：通过小组合作、演奏鼓乐，提高学生的合作能力、节奏感知及演奏能力。</p><p>③知识与技能：学生能够初步了解非洲本土的音乐概况，积极参与鼓乐节奏实践。</p>', '10');
DELETE FROM edu_course_exercise_qa WHERE id='2243229279';
INSERT INTO edu_course_exercise_qa (id, course_exercise_id, type, question, cando, answer, total_score) VALUES ('2243229279', '224322961248', '12', '<p>（2）针对教学重点，设计具体教授新课的过程，其中至少包括2个课堂提问。</p>', '1', '<p>（2）教学过程： </p><p>1）导入： </p><p>教师播放《约鲁巴阿杰舞》，请学生说出对非洲音乐的最初印象，并说出为片中舞蹈伴奏的主要乐器，由此导出非洲音乐节奏的灵魂——鼓。</p><p>2）新课讲授： </p><p>① 教师播放《坦桑尼亚舞曲》，请学生思考乐曲的情绪和情感。播放完毕后请学生自由回答，并进行点评。</p><p>② 教师再次播放《坦桑尼亚舞曲》，并配以坦桑尼亚舞蹈和非洲鼓的图片，学生聆听乐曲并思考一个问题：结合舞蹈和非洲鼓的图片聆听音乐，可以想象到什么场景？学生小组讨论并得出答案：好像有人在和着音乐打着鼓在跳舞的场景。</p><p>③ 再次聆听《坦桑尼亚舞曲》，请学生思考乐曲中鼓乐分为几个部分，并介绍常见的非洲鼓（鼓面分为高、中、低三种）。 </p><p>④ 教师示范演奏舞曲中的主要节奏，请学生注意教师的演奏手法，引导学生发现拍打鼓面的不同位置会有不同的音色。 </p><p>⑤ 再次听《坦桑尼亚舞曲》，引导学生找出自己喜欢的节奏型。 </p><p>⑥ 教师组织学生前后6人自由分组，每2人一条节奏型进行节奏练习。 </p><p>⑦ 教师播放《坦桑尼亚舞曲》，学生听乐曲，小组练习打击节奏型。</p><p>3）拓展延伸： </p><p>学生自由创编符合乐曲特点的节奏型，注意节奏的重音和节拍的特点，分组展示后，教师评价，学生之间互评。</p><p> 4）小结作业：师生合作总结非洲音乐的特点。</p>', '15');
DELETE FROM edu_course_exercise_qa WHERE id='2243229279672';
INSERT INTO edu_course_exercise_qa (id, course_exercise_id, type, question, cando, answer, total_score) VALUES ('2243229279672', '224322961248', '12', '<p>（3）针对（2）中的主要环节，写出设计意图。</p><p><img width="681px" height="381px" src="https://fb.fbstatic.cn/api/tarzan/images/165f5c58e29ca10.png?width=700" /></p><p>教学材料：在非洲，鼓是舞蹈的主要伴奏乐器，当地的仪式都在击鼓和舞蹈中举行。</p>', '0', '<p>（3）导入设计意图：以非洲音乐片段为导线，创设音乐情境，走近非洲音乐，感受非洲音乐丰富、多变的节奏，来引发学生欣赏的热情和学习兴趣。</p><p>新课讲授设计意图：音乐是一种听觉艺术，在聆听乐曲的同时引导学生思考关于乐曲的问题，提高学生自主学习及欣赏音乐的能力。</p><p>拓展延伸设计意图：在欣赏的基础上让学生分组创编符合乐曲特点的节奏型，可以激发学生参与的积极性和创造意识，增强学生音乐表现的自信心，培养良好的团队意识与合作精神。</p>', '10');
DELETE FROM edu_course_exercise_comment WHERE id='2243229';
INSERT INTO edu_course_exercise_comment (id, path, course_exercise_qa_id, comment) VALUES ('2243229', ',2243229', '2243229', '<p>本题是一道教学设计题，共三问。 </p><p>第一问要求设定教学目标，可以从以下几个方面入手。（1）三个维度：情感态度与价值观、过程与方法、知识与技能。（2）四个要求：①行为主体必须是学生；②行为条件，如时间、场所等；③行为动词必须是具体、可测评的；④表现程度及质量效果。（3）制定的依据：①学科课标，即《普通高中音乐课程标准（实验）》中对鉴赏课的相关目标要求；②教材情况，即《非洲鼓乐》在教材或单元中的作用、地位及重要性；③学生情况，即学生所具备的基础知识水平和理应达到的水平，以及学生的具体兴趣、认知情况，等等。</p><p>第二问要求设计教学过程，可从以下四个方面进行考虑：（1）从问题出发寻找答案，本题的关键点为针对题干中给出的教学重点设计教学策略与过程；（2）回忆教案设计步骤、内容；（3）回到材料中结合材料进行填充；（4）对设计好的教案进行检查和思考，确保完整。</p><p>第三问是关于教学过程设计思路的问题。设计意图就是在教案中设计的问题、环节及其活动是为了达到什么效果、引导学生了解什么。</p>');
DELETE FROM edu_course_exercise_comment WHERE id='2243229279';
INSERT INTO edu_course_exercise_comment (id, path, course_exercise_qa_id, comment) VALUES ('2243229279', ',2243229279', '2243229279', '<p>本题是一道教学设计题，共三问。 </p><p>第一问要求设定教学目标，可以从以下几个方面入手。（1）三个维度：情感态度与价值观、过程与方法、知识与技能。（2）四个要求：①行为主体必须是学生；②行为条件，如时间、场所等；③行为动词必须是具体、可测评的；④表现程度及质量效果。（3）制定的依据：①学科课标，即《普通高中音乐课程标准（实验）》中对鉴赏课的相关目标要求；②教材情况，即《非洲鼓乐》在教材或单元中的作用、地位及重要性；③学生情况，即学生所具备的基础知识水平和理应达到的水平，以及学生的具体兴趣、认知情况，等等。</p><p>第二问要求设计教学过程，可从以下四个方面进行考虑：（1）从问题出发寻找答案，本题的关键点为针对题干中给出的教学重点设计教学策略与过程；（2）回忆教案设计步骤、内容；（3）回到材料中结合材料进行填充；（4）对设计好的教案进行检查和思考，确保完整。</p><p>第三问是关于教学过程设计思路的问题。设计意图就是在教案中设计的问题、环节及其活动是为了达到什么效果、引导学生了解什么。</p>');
DELETE FROM edu_course_exercise_comment WHERE id='2243229279672';
INSERT INTO edu_course_exercise_comment (id, path, course_exercise_qa_id, comment) VALUES ('2243229279672', ',2243229279672', '2243229279672', '<p>本题是一道教学设计题，共三问。 </p><p>第一问要求设定教学目标，可以从以下几个方面入手。（1）三个维度：情感态度与价值观、过程与方法、知识与技能。（2）四个要求：①行为主体必须是学生；②行为条件，如时间、场所等；③行为动词必须是具体、可测评的；④表现程度及质量效果。（3）制定的依据：①学科课标，即《普通高中音乐课程标准（实验）》中对鉴赏课的相关目标要求；②教材情况，即《非洲鼓乐》在教材或单元中的作用、地位及重要性；③学生情况，即学生所具备的基础知识水平和理应达到的水平，以及学生的具体兴趣、认知情况，等等。</p><p>第二问要求设计教学过程，可从以下四个方面进行考虑：（1）从问题出发寻找答案，本题的关键点为针对题干中给出的教学重点设计教学策略与过程；（2）回忆教案设计步骤、内容；（3）回到材料中结合材料进行填充；（4）对设计好的教案进行检查和思考，确保完整。</p><p>第三问是关于教学过程设计思路的问题。设计意图就是在教案中设计的问题、环节及其活动是为了达到什么效果、引导学生了解什么。</p>');
DELETE FROM edu_course_exercise WHERE id='2243278';
INSERT INTO edu_course_exercise (id, question_type, course_id, content, easy_error, source, checked, is_pk) VALUES ('2243278', '12', '50505050', '<p>为民歌《工农齐武装》片段编配第二声部。</p><p>要求：</p><p>（1）第二声部调式调性与第一声部相符。（5分）</p><p>（2）编配后的二声部为典型的模仿关系。（5分）</p><p><img width="700px" height="136px" src="https://fb.fbstatic.cn/api/tarzan/images/165f4fa62475047.png?width=700" /></p>', '', '2018年上半年教师资格证考试《初中音乐》题第31题', '1', '0');
DELETE FROM edu_course_exercise_qa WHERE id='2243278';
INSERT INTO edu_course_exercise_qa (id, course_exercise_id, type, question, cando, answer, total_score) VALUES ('2243278', '2243278', '12', '', '0', '<p><img width="521px" height="98px" src="https://fb.fbstatic.cn/api/tarzan/images/1658a0b247c5f5a.png?width=700" /></p>', '0');
DELETE FROM edu_course_exercise_comment WHERE id='2243278';
INSERT INTO edu_course_exercise_comment (id, path, course_exercise_qa_id, comment) VALUES ('2243278', ',2243278', '2243278', '<p>本题只有一个总的写作思路，即为旋律编配二声部。同时，提出了两个要求：</p><p>（1）要求第二声部调式调性与第一声部相同，通过分析乐谱得知该旋律为G自然大调。</p><p>（2）要求编配后的二声部为典型的模仿关系，即运用模仿手法创作。</p>');
DELETE FROM edu_course_exercise WHERE id='224328146782';
INSERT INTO edu_course_exercise (id, question_type, course_id, content, easy_error, source, checked, is_pk) VALUES ('224328146782', '12', '50505050', '<p>请根据《义务教育音乐课程标准（2011年版）》基本理念，按照下列要求进行教学设计。</p><p>教学对象：八年级学生</p><p>教学内容：欣赏《川江船夫号子》《山丹丹开花红艳艳》</p><p>要求：</p>', '', '2018年上半年教师资格证考试《初中音乐》题第33题', '1', '0');
DELETE FROM edu_course_exercise_qa WHERE id='2243281';
INSERT INTO edu_course_exercise_qa (id, course_exercise_id, type, question, cando, answer, total_score) VALUES ('2243281', '224328146782', '12', '<p>（1）设定教学目标与重点。</p>', '1', '<p>（1）教学目标：</p><p>①情感态度价值观：聆听音乐作品体会汉族民歌中劳动号子和山歌的特点，弘扬民族音乐；</p><p>②过程与方法：通过对比聆听、合作表演唱，体会劳动号子一领众和的演唱形式；</p><p>③知识与技能：能够分辨汉族民歌劳动号子和山歌的类别以及哼唱音乐主旋律。</p><p>     教学重难点：</p><p>①教学重点：听辨汉族民歌不同的体裁，体会一领众和的演唱方式；</p><p>②教学难点：哼唱音乐作品主旋律。</p>', '10');
DELETE FROM edu_course_exercise_qa WHERE id='224328170';
INSERT INTO edu_course_exercise_qa (id, course_exercise_id, type, question, cando, answer, total_score) VALUES ('224328170', '224328146782', '12', '<p>（2）针对教学重点，设计具体的教学策略与过程，其中至少包括2个课堂提问。</p>', '0', '<p>（2）【教学过程】</p><p>1.导入：上课之前教师给学生用多媒体播放一组耳熟能详音乐作品包括江苏民歌《茉莉花》、山东民歌《沂蒙山小调》、云南民歌《小河淌水》，引导学生大胆猜想都是哪些地方的民歌？学生回答之后教师鼓励性的评价，顺势带领学生进入本课内容的欣赏。</p><p>2.新课教授：</p><p>①教师初次播放音乐作品《川江船夫号子》，请学生思考音乐作品的情绪和情感是刚劲有力的还是平静安定的？并且进一步启发学生思考，《川江船夫号子》是通过什么样的音乐要素来体现气势豪迈的效果的？代领学生深入聆听。</p><p>②教师给学生二次播放音乐作品，让学生在聆听的过程中思考音乐作品的演唱形式？</p><p>③教师领唱、学生合唱，师生共同合作体会一领众和的演唱形式。</p><p>④体会衬词、装饰音所呈现的音乐效果，联想劳动的具体场景，并思考这样的音乐与之进行的劳动有什么样的关系？</p><p>⑤老师给大家讲解汉族民歌中劳动号子这一体裁的类别，进一步感受《川江船夫号子》的旋律特点。</p><p>⑥教师给学生呈现《山丹丹开花红艳艳》，让学生前后四人为一组在聆听的过程中思考音乐作品的情绪情感、节奏特点、歌词内容、演唱形式等，从而共同总结出一般山歌的特点。</p><p>3.拓展延伸：</p><p>教师播放侗族大歌《大山真美好》，感受我国民间复调合唱音乐作品，体会少数民族民歌中蕴含的智慧与文化。</p><p>4.小结作业：</p><p>师生合作共同总结本课收获，课后请同学们收集外国的民间歌曲，下节课一起分享。</p>', '15');
DELETE FROM edu_course_exercise_qa WHERE id='2243281708';
INSERT INTO edu_course_exercise_qa (id, course_exercise_id, type, question, cando, answer, total_score) VALUES ('2243281708', '224328146782', '12', '<p>（3）针对（2）中的主要环节，写出设计意图。</p><p><img width="700px" height="612px" src="https://fb.fbstatic.cn/api/tarzan/images/165f50c49d4f4b1.png?width=700" /></p>', '1', '<p>（3）【导入的设计意图】</p><p>通过一系类熟悉民歌的聆听激发起学生的共鸣引起兴趣，从而更好地组织课堂，体现学生的主体地位，更可以有效的和本节课所要欣赏的汉族民歌密切联系。</p><p>    【初次聆听设计意图】</p><p>由浅入深的引导学生对于音乐作品的感知，符合认知规律，启发性的教学。</p><p>    【小组讨论《山丹丹开花红艳艳》】</p><p>在学生感知了劳动号子的音乐特点之后用同样的聆听规律启发学生自主分析音乐作品，提升音乐欣赏的能力更能提升小组合作能力，培养学生团结友爱、互帮互助的精神。</p>', '10');
DELETE FROM edu_course_exercise_comment WHERE id='2243281';
INSERT INTO edu_course_exercise_comment (id, path, course_exercise_qa_id, comment) VALUES ('2243281', ',2243281', '2243281', '<p>本题是一道教学设计题，共三问：</p><p>第一问要求设计教学目标和教学重点。可以从以下几个方面入手。</p><p>（1）三个维度：情感态度与价值观、过程与方法、知识与技能。</p><p>（2）四个要求：①行为主体必须是学生；②行为条件，如时间、场所等；③行为动词必须是具体、可测评的；④表现程度及质量效果。</p><p>（3）制定的依据：①学科课标，即《义务教育音乐课程标准（2011年版）》中对演奏课的相关目标要求；②教材情况，即在教材中或单元中的作用、地位及重要性；③学生情况，即学生所具备的基础知识水平和理应达到的水平，以及学生的具体兴趣、认知情况等等。</p><p>第二问是书写主要的教学过程，可从以下四个方面进行设计：</p><p>（1）激趣导入；</p><p>（2）新课讲授；</p><p>（3）拓展延伸；</p><p>（4）小结作业。</p><p>第三问是针对第二问设计的教学过程主要环节阐述设计意图，主要通过对学生的帮助以及体现了新课改的哪些理念着手书写即可。</p>');
DELETE FROM edu_course_exercise_comment WHERE id='224328170';
INSERT INTO edu_course_exercise_comment (id, path, course_exercise_qa_id, comment) VALUES ('224328170', ',224328170', '224328170', '<p>本题是一道教学设计题，共三问：</p><p>第一问要求设计教学目标和教学重点。可以从以下几个方面入手。</p><p>（1）三个维度：情感态度与价值观、过程与方法、知识与技能。</p><p>（2）四个要求：①行为主体必须是学生；②行为条件，如时间、场所等；③行为动词必须是具体、可测评的；④表现程度及质量效果。</p><p>（3）制定的依据：①学科课标，即《义务教育音乐课程标准（2011年版）》中对演奏课的相关目标要求；②教材情况，即在教材中或单元中的作用、地位及重要性；③学生情况，即学生所具备的基础知识水平和理应达到的水平，以及学生的具体兴趣、认知情况等等。</p><p>第二问是书写主要的教学过程，可从以下四个方面进行设计：</p><p>（1）激趣导入；</p><p>（2）新课讲授；</p><p>（3）拓展延伸；</p><p>（4）小结作业。</p><p>第三问是针对第二问设计的教学过程主要环节阐述设计意图，主要通过对学生的帮助以及体现了新课改的哪些理念着手书写即可。</p>');
DELETE FROM edu_course_exercise_comment WHERE id='2243281708';
INSERT INTO edu_course_exercise_comment (id, path, course_exercise_qa_id, comment) VALUES ('2243281708', ',2243281708', '2243281708', '<p>本题是一道教学设计题，共三问：</p><p>第一问要求设计教学目标和教学重点。可以从以下几个方面入手。</p><p>（1）三个维度：情感态度与价值观、过程与方法、知识与技能。</p><p>（2）四个要求：①行为主体必须是学生；②行为条件，如时间、场所等；③行为动词必须是具体、可测评的；④表现程度及质量效果。</p><p>（3）制定的依据：①学科课标，即《义务教育音乐课程标准（2011年版）》中对演奏课的相关目标要求；②教材情况，即在教材中或单元中的作用、地位及重要性；③学生情况，即学生所具备的基础知识水平和理应达到的水平，以及学生的具体兴趣、认知情况等等。</p><p>第二问是书写主要的教学过程，可从以下四个方面进行设计：</p><p>（1）激趣导入；</p><p>（2）新课讲授；</p><p>（3）拓展延伸；</p><p>（4）小结作业。</p><p>第三问是针对第二问设计的教学过程主要环节阐述设计意图，主要通过对学生的帮助以及体现了新课改的哪些理念着手书写即可。</p>');
DELETE FROM edu_course_exercise WHERE id='2243467';
INSERT INTO edu_course_exercise (id, question_type, course_id, content, easy_error, source, checked, is_pk) VALUES ('2243467', '12', '50505050', '<p>为歌曲《东方之珠》副歌部分选配和声。</p><p><img width="700px" height="593px" src="https://fb.fbstatic.cn/api/tarzan/images/165f52a5b755d28.png?width=700" /></p><p>（1）标明调式调性。（2分）</p><p>（2）为旋律选配和弦（每小节只配一个和弦），写在低音谱表上。（4分）</p><p>（3）标记和弦级数。（4分）</p>', '', '2018年上半年教师资格证考试《高中音乐》题第31题', '1', '0');
DELETE FROM edu_course_exercise_qa WHERE id='2243467';
INSERT INTO edu_course_exercise_qa (id, course_exercise_id, type, question, cando, answer, total_score) VALUES ('2243467', '2243467', '12', '', '0', '<p>（1）F自然大调。</p><p>（2）和（3）：</p><p><img width="603px" height="453px" src="https://fb.fbstatic.cn/api/tarzan/images/165f52ab8e90bd7.png?width=700" /></p>', '0');
DELETE FROM edu_course_exercise_comment WHERE id='2243467';
INSERT INTO edu_course_exercise_comment (id, path, course_exercise_qa_id, comment) VALUES ('2243467', ',2243467', '2243467', '<p>本题共三问，分别要求分析调式调性、为旋律配和声以及对和声功能进行分析。</p><p>（1）分析调式调性。一个降号，尾音落在<img flag="tex" src="https://fb.fbstatic.cn/api/planet/accessories/formulas?latex=4FxcGUTbGcaqxpdhdpezmg%3D%3D" />上，且整条旋律片段没有临时变音记号，大量的三连音是西洋调式的重要标记，可以判断该调式为F自然大调。</p><p>（2）为旋律配和声。要求：①记写在低音谱上，也就是说，记谱的时候可以按照钢琴伴奏记谱。②每小节只配一个和弦，所以小节中的和弦外音可以忽略不计。由此可以得出：第1小节为弱起小节，可以忽略不配；第2小节骨干音是<img flag="tex" src="https://fb.fbstatic.cn/api/planet/accessories/formulas?latex=xdZD7Ep%2FDBnCK1s9FZkjOt3db%2Ft%2Bcrw%2FwHk1b%2FAB7L8%3D" />，可以选择Ⅳ级和弦（S）；第3小节骨干音是<img flag="tex" src="https://fb.fbstatic.cn/api/planet/accessories/formulas?latex=uaoCtIKrWyGMHExgV8CGNOsrm7ogWTy%2BeCxi48KlViQ%3D" />，可以选择Ⅰ级和弦（T），其余小节，以此类推。</p><p>（3）变换为小调式，首先分析出原调为F自然大调，其对应的小调即为f小调，因此选择用移调的方式改写即可。</p>');
DELETE FROM edu_course_exercise WHERE id='224346845106';
INSERT INTO edu_course_exercise (id, question_type, course_id, content, easy_error, source, checked, is_pk) VALUES ('224346845106', '12', '50505050', '<p>分析下面谱例。</p><p>要求：</p>', '', '2018年上半年教师资格证考试《高中音乐》题第32题', '1', '0');
DELETE FROM edu_course_exercise_qa WHERE id='2243468';
INSERT INTO edu_course_exercise_qa (id, course_exercise_id, type, question, cando, answer, total_score) VALUES ('2243468', '224346845106', '12', '<p>（1）标明调式调性。</p>', '0', '<p>（1）G自然大调。</p>', '3');
DELETE FROM edu_course_exercise_qa WHERE id='2243468756';
INSERT INTO edu_course_exercise_qa (id, course_exercise_id, type, question, cando, answer, total_score) VALUES ('2243468756', '224346845106', '12', '<p>（2）画出曲式结构图示。</p>', '0', '<p>（2）</p><p><img width="235px" height="121px" src="https://fb.fbstatic.cn/api/tarzan/images/165f52d2c5e250b.png?width=700" /></p>', '6');
DELETE FROM edu_course_exercise_qa WHERE id='22434687564';
INSERT INTO edu_course_exercise_qa (id, course_exercise_id, type, question, cando, answer, total_score) VALUES ('22434687564', '224346845106', '12', '<p>（3）写出曲式结构名称。</p>', '0', '<p>（3）带再现的单三部曲式。</p>', '3');
DELETE FROM edu_course_exercise_qa WHERE id='224346875656';
INSERT INTO edu_course_exercise_qa (id, course_exercise_id, type, question, cando, answer, total_score) VALUES ('224346875656', '224346845106', '12', '<p>（4）第1—4小节与第5—8小节之间使用了哪一种旋律发展手法? （3分）</p><p><img width="700px" height="665px" src="https://fb.fbstatic.cn/api/tarzan/images/165f52cd4eae8fd.png?width=700" /></p>', '0', '<p>（4）同头换尾的旋律发展手法。</p>', '3');
DELETE FROM edu_course_exercise_comment WHERE id='2243468';
INSERT INTO edu_course_exercise_comment (id, path, course_exercise_qa_id, comment) VALUES ('2243468', ',2243468', '2243468', '<p>本题共四问。</p><p>（1）第一问提问调式调性。判断该旋律为G自然大调。</p>');
DELETE FROM edu_course_exercise_comment WHERE id='2243468756';
INSERT INTO edu_course_exercise_comment (id, path, course_exercise_qa_id, comment) VALUES ('2243468756', ',2243468756', '2243468756', '<p>（2）第二问要求画出曲式结构图。注意划分乐段、乐句，并标记小节，在标记小节的过程中要注意，旋律开始的弱起小节不算小节数，第1小节从<img flag="tex" src="https://fb.fbstatic.cn/api/planet/accessories/formulas?latex=POyFub%2BgDejmGM2WpZYGoA%3D%3D" />音起。</p>');
DELETE FROM edu_course_exercise_comment WHERE id='22434687564';
INSERT INTO edu_course_exercise_comment (id, path, course_exercise_qa_id, comment) VALUES ('22434687564', ',22434687564', '22434687564', '<p>（3）第三问要求写出整体结构名称，这是一个带再现的单三部曲式。</p>');
DELETE FROM edu_course_exercise_comment WHERE id='224346875656';
INSERT INTO edu_course_exercise_comment (id, path, course_exercise_qa_id, comment) VALUES ('224346875656', ',224346875656', '224346875656', '<p>（4）第四问就1～4小节和5～8小节的旋律发展手法进行了提问，通过观察谱例可以得出，1～2小节与5～6小节是完全一致的，而后半部分对旋律细微地进行了调整，节奏仍然没有发生改变，听感觉效果基本大体一致，由此判断，这里运用了同头换尾的旋律发展手法。</p>');
DELETE FROM edu_course_exercise WHERE id='224346903548';
INSERT INTO edu_course_exercise (id, question_type, course_id, content, easy_error, source, checked, is_pk) VALUES ('224346903548', '12', '50505050', '<p>请依据《普通高中音乐课程标准（实验）》基本理念，按照下列要求进行教学设计。</p><p>教学对象：选修“演奏”模块的学生</p><p>教学内容：乐器合奏《无题》</p><p>要求：</p>', '', '2018年上半年教师资格证考试《高中音乐》题第33题', '1', '0');
DELETE FROM edu_course_exercise_qa WHERE id='2243469';
INSERT INTO edu_course_exercise_qa (id, course_exercise_id, type, question, cando, answer, total_score) VALUES ('2243469', '224346903548', '12', '<p>（1）自选合适的乐器后，设定教学目标与重点。（10分）</p>', '1', '<p>（1）选择乐器：二胡、竹笛、响板。</p><p>教学目标：</p><p>①情感态度与价值观：引导学生体会乐曲的情绪与节奏特点。</p><p>②过程与方法：通过分排、合排乐曲，提高合作能力。</p><p>③知识与技能：学生学会相互配合，做到声部间的基本平衡，掌握一定的演奏方法</p><p>与技巧。</p><p>教学重点：</p><p>演奏时，各声部之间的音准及平衡。</p>', '35.0');
DELETE FROM edu_course_exercise_qa WHERE id='224346982';
INSERT INTO edu_course_exercise_qa (id, course_exercise_id, type, question, cando, answer, total_score) VALUES ('224346982', '224346903548', '12', '<p>（2）针对教学重点，设计具体的教学策略与过程，其中至少包括2个课堂提问。（15分）</p>', '1', '<p>（2）教学过程：</p><p>1）导入：播放民族器乐合奏《茉莉花》，提示学生注意听乐曲里面的演奏乐器。</p><p> 2）新课教授：</p><p>① 教师播放北村俊彦的《无题》，请学生观察谱例，分析歌曲的调式调性。</p><p>② 教师示范演奏主旋律，请学生思考乐曲的情绪和情感。</p><p>③ 教师介绍常见乐器的音色及演奏特点，便于学生选择合适的乐器。</p><p>④ 教师示范演奏主旋律，学生模仿演奏，在遇到不准确的地方，教师顺势讲解，直到学生能够分声部完整演奏。</p><p>⑤ 请学生分组练习各个声部，组内试听并讨论。</p><p>⑥ 请学生以小组为单位进行合奏练习，教师提示合奏过程中注意各声部的和谐统一。</p><p>⑦ 请学生带着感情，完整演奏音乐作品，教师进行录音。对比录音，师生进行讨论，提出不同的音乐处理意见。教师根据讨论结果进一步完善意见，并指出演奏中应注意的问题（对作品的理解，对节奏的统一与把握，以及演奏方法，如音乐的连贯性、乐句的呼吸等）。</p><p>3）拓展延伸：</p><p>教师请学生创编打击乐伴奏，分组展示，教师及小组间进行评价。</p><p>4）小结作业：</p><p>师生合作总结本课收获，课后请学生收集北村俊彦的其他作品，下节课一起分享。</p>', '15');
DELETE FROM edu_course_exercise_qa WHERE id='224346982295';
INSERT INTO edu_course_exercise_qa (id, course_exercise_id, type, question, cando, answer, total_score) VALUES ('224346982295', '224346903548', '12', '<p>（3）针对（2）中的主要环节，写出设计意图。（10分）</p><p><img width="474px" height="244px" src="https://fb.fbstatic.cn/api/tarzan/images/1658a870e350f29.png?width=700" /></p>', '1', '<p>（3）导入设计意图：创设音乐情境，营造音乐氛围，感受音乐作品，引导学生确立对各个乐器声音及特点的认识。</p><p>新课讲授设计意图：通过有效训练，做好准备工作。引导学生自主合作、探究。通过分声部训练，培养学生的自主学习能力和团结合作精神，能够把握作品风格特点。</p><p>拓展延伸设计意图：引导学生根据自己对乐曲的理解，创编打击乐节奏，以提高学生对音乐的感知能力及创新能力，激发学生的想象力。</p>', '10');
DELETE FROM edu_course_exercise_comment WHERE id='2243469';
INSERT INTO edu_course_exercise_comment (id, path, course_exercise_qa_id, comment) VALUES ('2243469', ',2243469', '2243469', '<p>本题是一道教学设计题，共三问。</p><p>第一问选择乐器，只要是适合本首歌曲的演奏即可，注意乐器的丰富性，即旋律乐器和打击乐器都有。设计教学目标，可以从以下几个方面入手。</p><p>（1）三个维度：情感态度与价值观、过程与方法、知识与技能。</p><p>（2）四个要求：①行为主体必须是学生；②行为条件，如时间、场所等；③行为动词必须是具体、可测评的；④表现程度及质量效果。</p><p>（3）制定的依据：①学科课标，即《普通高中音乐课程标准（实验）》中对演奏课的相关目标要求；②教材情况，即《无题》在教材中或单元中的作用、地位及重要性；③学生情况，即学生所具备的基础知识水平和理应达到的水平，以及学生的具体兴趣、认知情况，等等。</p><p>设计教学重点要注意：（1）考虑学生因素，学生是教学的对象，是教学的主体，新知识要在学生已有的学习经验和知识结构上建构；（2）音乐教学的重点要以音乐教学的内容为依据。</p><p>第二问要求针对教学重点，设计具体的教学策略与过程。可从以下四个方面进行考虑：</p><p>（1）从问题出发点寻找答案，本题的关键点为选取其中一个教学目标进行教学设计；</p><p>（2）回忆教案设计步骤、内容；</p><p>（3）回到材料中结合材料进行填充；</p><p>（4）对设计好的教案进行检查和思考，确保完整。</p><p>第三问是关于教学过程设计思路的问题。设计意图就是在教案中设计的问题、环节及其活动是为了达到什么效果、让学生了解什么。</p>');
DELETE FROM edu_course_exercise_comment WHERE id='224346982';
INSERT INTO edu_course_exercise_comment (id, path, course_exercise_qa_id, comment) VALUES ('224346982', ',224346982', '224346982', '<p>本题是一道教学设计题，共三问。</p><p>第一问选择乐器，只要是适合本首歌曲的演奏即可，注意乐器的丰富性，即旋律乐器和打击乐器都有。设计教学目标，可以从以下几个方面入手。</p><p>（1）三个维度：情感态度与价值观、过程与方法、知识与技能。</p><p>（2）四个要求：①行为主体必须是学生；②行为条件，如时间、场所等；③行为动词必须是具体、可测评的；④表现程度及质量效果。</p><p>（3）制定的依据：①学科课标，即《普通高中音乐课程标准（实验）》中对演奏课的相关目标要求；②教材情况，即《无题》在教材中或单元中的作用、地位及重要性；③学生情况，即学生所具备的基础知识水平和理应达到的水平，以及学生的具体兴趣、认知情况，等等。</p><p>设计教学重点要注意：（1）考虑学生因素，学生是教学的对象，是教学的主体，新知识要在学生已有的学习经验和知识结构上建构；（2）音乐教学的重点要以音乐教学的内容为依据。</p><p>第二问要求针对教学重点，设计具体的教学策略与过程。可从以下四个方面进行考虑：</p><p>（1）从问题出发点寻找答案，本题的关键点为选取其中一个教学目标进行教学设计；</p><p>（2）回忆教案设计步骤、内容；</p><p>（3）回到材料中结合材料进行填充；</p><p>（4）对设计好的教案进行检查和思考，确保完整。</p><p>第三问是关于教学过程设计思路的问题。设计意图就是在教案中设计的问题、环节及其活动是为了达到什么效果、让学生了解什么。</p>');
DELETE FROM edu_course_exercise_comment WHERE id='224346982295';
INSERT INTO edu_course_exercise_comment (id, path, course_exercise_qa_id, comment) VALUES ('224346982295', ',224346982295', '224346982295', '<p>本题是一道教学设计题，共三问。</p><p>第一问选择乐器，只要是适合本首歌曲的演奏即可，注意乐器的丰富性，即旋律乐器和打击乐器都有。设计教学目标，可以从以下几个方面入手。</p><p>（1）三个维度：情感态度与价值观、过程与方法、知识与技能。</p><p>（2）四个要求：①行为主体必须是学生；②行为条件，如时间、场所等；③行为动词必须是具体、可测评的；④表现程度及质量效果。</p><p>（3）制定的依据：①学科课标，即《普通高中音乐课程标准（实验）》中对演奏课的相关目标要求；②教材情况，即《无题》在教材中或单元中的作用、地位及重要性；③学生情况，即学生所具备的基础知识水平和理应达到的水平，以及学生的具体兴趣、认知情况，等等。</p><p>设计教学重点要注意：（1）考虑学生因素，学生是教学的对象，是教学的主体，新知识要在学生已有的学习经验和知识结构上建构；（2）音乐教学的重点要以音乐教学的内容为依据。</p><p>第二问要求针对教学重点，设计具体的教学策略与过程。可从以下四个方面进行考虑：</p><p>（1）从问题出发点寻找答案，本题的关键点为选取其中一个教学目标进行教学设计；</p><p>（2）回忆教案设计步骤、内容；</p><p>（3）回到材料中结合材料进行填充；</p><p>（4）对设计好的教案进行检查和思考，确保完整。</p><p>第三问是关于教学过程设计思路的问题。设计意图就是在教案中设计的问题、环节及其活动是为了达到什么效果、让学生了解什么。</p>');
DELETE FROM edu_course_exercise WHERE id='224377965290';
INSERT INTO edu_course_exercise (id, question_type, course_id, content, easy_error, source, checked, is_pk) VALUES ('224377965290', '12', '40404040', '<p>下图表示某株水稻不同位置叶片的光合速率相对值，横坐标1 ~ 10分别表示从上到下的叶片编号。</p><p><img width="653px" height="267px" src="https://fb.fbstatic.cn/api/tarzan/images/1658f0475098735.png?width=700" /></p><p>问题：  </p>', '', '2017年上半年教师资格证考试《高中生物》真题第26题', '1', '0');
DELETE FROM edu_course_exercise_qa WHERE id='2243779';
INSERT INTO edu_course_exercise_qa (id, course_exercise_id, type, question, cando, answer, total_score) VALUES ('2243779', '224377965290', '12', '<p>（1）提供给该水稻^1^4<img flag="tex" src="https://fb.fbstatic.cn/api/planet/accessories/formulas?latex=9eublJ25nyVi3bFP1FeM6Q%3D%3D" />一段时间，可推知图中第____片叶放射性强度最高。</p>', '1', '6', '3');
DELETE FROM edu_course_exercise_qa WHERE id='224377914';
INSERT INTO edu_course_exercise_qa (id, course_exercise_id, type, question, cando, answer, total_score) VALUES ('224377914', '224377965290', '12', '<p>（2）第2片、第9片叶光合作用强度均较低，但原因不同，前者是因为_____，后者是因为________。  </p>', '1', '<p>幼嫩叶片，含叶绿体少：位置靠下，接受到的阳光少</p>', '6');
DELETE FROM edu_course_exercise_qa WHERE id='2243779140';
INSERT INTO edu_course_exercise_qa (id, course_exercise_id, type, question, cando, answer, total_score) VALUES ('2243779140', '224377965290', '12', '<p>（3）若将水稻叶片置于气室内光照，用红外气体测定仪测出气室内<img flag="tex" src="https://fb.fbstatic.cn/api/planet/accessories/formulas?latex=9eublJ25nyVi3bFP1FeM6Q%3D%3D" />在光合作用前后浓度变化，则此<img flag="tex" src="https://fb.fbstatic.cn/api/planet/accessories/formulas?latex=9eublJ25nyVi3bFP1FeM6Q%3D%3D" />浓度变化反映的是_______。</p>', '1', '<p>净光合作用强度</p>', '3');
DELETE FROM edu_course_exercise_qa WHERE id='224377914053';
INSERT INTO edu_course_exercise_qa (id, course_exercise_id, type, question, cando, answer, total_score) VALUES ('224377914053', '224377965290', '12', '<p>（4）在第2片和第9片叶中，Ca元素含量相对较高的是_______。</p>', '1', '<p>第9片</p>', '3');
DELETE FROM edu_course_exercise_comment WHERE id='2243779';
INSERT INTO edu_course_exercise_comment (id, path, course_exercise_qa_id, comment) VALUES ('2243779', ',2243779', '2243779', '<p>（1）从图上所知，第6片叶片光合速率相对值最高，吸收的二氧化碳最多，</p>');
DELETE FROM edu_course_exercise_comment WHERE id='224377914';
INSERT INTO edu_course_exercise_comment (id, path, course_exercise_qa_id, comment) VALUES ('224377914', ',224377914', '224377914', '<p>（2）位于上层的叶片比较幼嫩，相对于成熟叶片来说叶绿体含量较少：位于下层的叶片由于上层叶片的遮挡，接受到的阳光少，所以光合作用速率较低。</p>');
DELETE FROM edu_course_exercise_comment WHERE id='2243779140';
INSERT INTO edu_course_exercise_comment (id, path, course_exercise_qa_id, comment) VALUES ('2243779140', ',2243779140', '2243779140', '<p>（3）植物光合作用吸收<img flag="tex" src="https://fb.fbstatic.cn/api/planet/accessories/formulas?latex=9eublJ25nyVi3bFP1FeM6Q%3D%3D" />，呼吸作用释放<img flag="tex" src="https://fb.fbstatic.cn/api/planet/accessories/formulas?latex=9eublJ25nyVi3bFP1FeM6Q%3D%3D" />，二者之差为净光合作用速率，室内<img flag="tex" src="https://fb.fbstatic.cn/api/planet/accessories/formulas?latex=9eublJ25nyVi3bFP1FeM6Q%3D%3D" />浓度的变化反映的就是净光合作用强度。</p>');
DELETE FROM edu_course_exercise_comment WHERE id='224377914053';
INSERT INTO edu_course_exercise_comment (id, path, course_exercise_qa_id, comment) VALUES ('224377914053', ',224377914053', '224377914053', '<p>（4）钙在植物体内不能重复利用，即不能由老叶向嫩叶转移，故老叶片中含量较多。</p>');
DELETE FROM edu_course_exercise WHERE id='2244075';
INSERT INTO edu_course_exercise (id, question_type, course_id, content, easy_error, source, checked, is_pk) VALUES ('2244075', '12', '40404040', '<p>科学家为了研究一种蜂鸟β-球蛋白基因的功能，将该基因导人到大肠杆菌（菌落为白色）细胞进行复制和表达，如下图。所使用的质粒中有<img flag="tex" src="https://fb.fbstatic.cn/api/planet/accessories/formulas?latex=ZVHL7bYu6%2FsAWO539W2B3g%3D%3D" />和lacZ两种标记基因，前者让受体细胞具有抗氨苄青霉素的能力，后者表达的半乳糖苷酶会使一种被称为X-gal的物质呈现蓝色。</p><p><img width="503px" height="269px" src="https://fb.fbstatic.cn/api/tarzan/images/16592b0deef7f02.png?width=700" /></p>', '', '2016年下半年教师资格证考试《高中生物》真题第27题', '1', '0');
DELETE FROM edu_course_exercise_qa WHERE id='2244075';
INSERT INTO edu_course_exercise_qa (id, course_exercise_id, type, question, cando, answer, total_score) VALUES ('2244075', '2244075', '12', '<p>（1）将蜂鸟的B-球蛋白基因导人大肠杆菌，需要先用______（相同/不同）的限制性内切酶处理蜂鸟的DNA和载体质粒，在用________酶进一步处理以得到重组质粒。</p>', '1', '相同；DNA连接酶', '6');
DELETE FROM edu_course_exercise_qa WHERE id='2244075979';
INSERT INTO edu_course_exercise_qa (id, course_exercise_id, type, question, cando, answer, total_score) VALUES ('2244075979', '2244075', '12', '<p>（2）在将重组质粒导人大肠杆菌细胞之前，需要用_______（填物质名称）处理大肠杆菌，使之转化为能够吸收周围环境中DNA分子的__________细胞。</p>', '1', 'Ca2+；感受态', '6');
DELETE FROM edu_course_exercise_qa WHERE id='2244075797';
INSERT INTO edu_course_exercise_qa (id, course_exercise_id, type, question, cando, answer, total_score) VALUES ('2244075797', '2244075', '12', '<p>（3）使用添加了氨苄青霉素和X-gal的培养基培养经上述处理的大肠杆菌，选择________的菌落培养，就获得了导人重组质粒的大肠杆菌。</p>', '1', '白色', '3');
DELETE FROM edu_course_exercise_comment WHERE id='2244075';
INSERT INTO edu_course_exercise_comment (id, path, course_exercise_qa_id, comment) VALUES ('2244075', ',2244075', '2244075', '<p>（1）将蜂鸟的β-球蛋白基因导入大肠杆菌前，需先构建基因表达载体，即先用同种限制酶处理蜂鸟的DNA和质粒，并用DNA连接酶酶进一步处理以期得到重组质粒；</p>');
DELETE FROM edu_course_exercise_comment WHERE id='2244075647';
INSERT INTO edu_course_exercise_comment (id, path, course_exercise_qa_id, comment) VALUES ('2244075647', ',2244075647', '2244075979', '<p>（2）将目的基因导入微生物细胞常用感受态细胞法，即用<img flag="tex" src="https://fb.fbstatic.cn/api/planet/accessories/formulas?latex=LM9CGPWgFBt9utd14gTfCQ%3D%3D" />处理微生物细胞，使其处于易于吸收周围环境中DNA分子的感受态。</p>');
DELETE FROM edu_course_exercise_comment WHERE id='2244075687';
INSERT INTO edu_course_exercise_comment (id, path, course_exercise_qa_id, comment) VALUES ('2244075687', ',2244075687', '2244075797', '<p>（3）质粒中有ampⅡ和lacZ两种标记基因，前者让受体细胞具有抗氨苄青霉素的能力，后者表达的半乳糖苷酶会使一种被称为X-gal的物质呈现蓝色。在构建基因表达载体时，ampⅡ基因完好，而lacZ基因被破坏，因此使用添加了氨苄青霉素和X-gal的培养基培养经上述处理的大肠杆菌，选择白色的菌落克隆培养，就获得了导入重组质粒的大肠杆菌。</p>');
DELETE FROM edu_course_exercise WHERE id='2244166';
INSERT INTO edu_course_exercise (id, question_type, course_id, content, easy_error, source, checked, is_pk) VALUES ('2244166', '12', '40404040', '<p>在某版本高中生物教材“生命活动的主要承担者——蛋白质”一节中，“蛋白质的结构及其多样性”部分的教科书内容如下：</p><p align="center">蛋白质的结构及其多样性</p><p>蛋白质是以氨基酸为基本单位构成的生物大分子。据估计，生物界的蛋白质种类多达<img flag="tex" src="https://fb.fbstatic.cn/api/planet/accessories/formulas?latex=%2FAGmiRFj9ERRJmTpO0jU5Q%3D%3D" />~<img flag="tex" src="https://fb.fbstatic.cn/api/planet/accessories/formulas?latex=xdgGdGvmIfaKjR3QjEzCkw%3D%3D" />种，它们参与组成细胞和生物体的各种结构，执行多种多样的功能。</p><p>20种氨基酸是怎样构成种类如此众多的蛋白质的呢？请仔细观察下面由氨基酸形成结构复杂的蛋白质的示意图（图2-4）。</p><p><img width="637px" height="261px" src="https://fb.fbstatic.cn/api/tarzan/images/16593309271ed9b.png?width=700" /></p><p>氨基酸分子互相结合的方式是：一个氨基酸分子的羧基（-COOH）和另一个氨基酸分子的氨基（-<img flag="tex" src="https://fb.fbstatic.cn/api/planet/accessories/formulas?latex=FF3IW62fUM5z9s0lcQSDBg%3D%3D" />）相连接，同时脱去一分子水，这种结合方式叫做脱水缩合。连接两个氨基酸分子的化学键（-NH-C0-）叫做肽键。由两个氨基酸分子缩合而成的化合物，叫做二肽（图2-5）。</p><p>以此类推，由多个氨基酸分子缩合而成的，含有多个肽键的化合物，叫做多肽。多肽通常呈链状结构，叫做肽链。肽链能盘曲、折叠，形成有一定空间结构的蛋白质分子。许多蛋白质分子含有几条肽链，它们通过一定的化学键互相结合在一起。这些肽链不呈直线，也不在同一个平面上，形成更为复杂的空间结构。例如，胰岛素是一种蛋白质，含两条肽链，它的空间结构如图2-6。</p><p><img width="319px" height="275px" src="https://fb.fbstatic.cn/api/tarzan/images/16593314486e8ea.png?width=700" /></p><p>在细胞内，每种氨基酸的数目成百上千，氨基酸形成肽链时，不同种类氨基酸的排列顺序千变万化，肽链的盘曲、折叠方式及其形成的空间结构千差万别，因此，蛋白质分子结构是极其多样的。这就是细胞中蛋白质种类繁多的原因。</p><p>要求：</p><p>（1）设计上述材料的教学目标。（15分）</p><p>（2）为检测教学目标的达成情况，设计3道备选项为四项的单项选择题，并给出答案。（15分）</p>', '', '2015年上半年教师资格证考试《高中生物》真题第30题', '1', '0');
DELETE FROM edu_course_exercise_qa WHERE id='2244166';
INSERT INTO edu_course_exercise_qa (id, course_exercise_id, type, question, cando, answer, total_score) VALUES ('2244166', '2244166', '12', '', '0', '<p>（l）①知识与技能说出氨基酸形成蛋白质的过程能解释细胞中蛋白质种类繁多的原因。</p><p>②过程与方法通过图文结合，提高分析归纳和处理信息的能力；通过小组合作提高口头表达和逻辑思维能刀。</p><p>③情感态度和价值观认同蛋白质是生命活动的主要承担者，树立结构与功能相统一的辩证唯物主义观点。</p><p>（2）单项选择题示例</p><p>1.某一多肽链中共有肽键151个，则此分子中含有一 和一COOH的数目至少有（   ）。</p><p>A.152和152     </p><p>B.151和151</p><p>C.1和1              </p><p>D.2和2</p><p>【答案】C。</p><p>2.下列与蛋白质结构多样性无关的是（   ）。</p><p>A.氨基酸的数目、种类和排列顺序多样</p><p>B.构成蛋白质的多肽链的数目多</p><p>C.构成蛋白质的多肽链的空间结构多样</p><p>D.氨基酸至少含有一个氨基和羧基</p><p>【答案】D。</p><p>3.下列能表示蛋白质分子由简到繁的结构层次的一组是（   ）。</p><p>①氨基酸                   ②C.H.O.N等化学元素</p><p>③参氨基酸分子相互结合     ④多肽</p><p>⑤肽链                     ⑥形成具有一定空间结构的蛋白质分子</p><p> A.①②③④⑤⑥               </p><p>B.②①④③⑥⑤</p><p>C.②①④③⑤⑥               </p><p>D.②①③④⑤⑥</p><p> 【答案】D。</p>', '0');
DELETE FROM edu_course_exercise_comment WHERE id='2244166';
INSERT INTO edu_course_exercise_comment (id, path, course_exercise_qa_id, comment) VALUES ('2244166', ',2244166', '2244166', '<p>（l）①知识与技能说出氨基酸形成蛋白质的过程能解释细胞中蛋白质种类繁多的原因。</p><p>②过程与方法通过图文结合，提高分析归纳和处理信息的能力；通过小组合作提高口头表达和逻辑思维能刀。</p><p>③情感态度和价值观认同蛋白质是生命活动的主要承担者，树立结构与功能相统一的辩证唯物主义观点。</p><p>（2）单项选择题示例</p><p>1.某一多肽链中共有肽键151个，则此分子中含有一 和一COOH的数目至少有（   ）。</p><p>A.152和152     </p><p>B.151和151</p><p>C.1和1              </p><p>D.2和2</p><p>【答案】C。</p><p>2.下列与蛋白质结构多样性无关的是（   ）。</p><p>A.氨基酸的数目、种类和排列顺序多样</p><p>B.构成蛋白质的多肽链的数目多</p><p>C.构成蛋白质的多肽链的空间结构多样</p><p>D.氨基酸至少含有一个氨基和羧基</p><p>【答案】D。</p><p>3.下列能表示蛋白质分子由简到繁的结构层次的一组是（   ）。</p><p>①氨基酸                   ②C.H.O.N等化学元素</p><p>③参氨基酸分子相互结合     ④多肽</p><p>⑤肽链                     ⑥形成具有一定空间结构的蛋白质分子</p><p> A.①②③④⑤⑥               </p><p>B.②①④③⑥⑤</p><p>C.②①④③⑤⑥               </p><p>D.②①③④⑤⑥</p><p> 【答案】D。</p>');
DELETE FROM edu_course_exercise WHERE id='224418412074';
INSERT INTO edu_course_exercise (id, question_type, course_id, content, easy_error, source, checked, is_pk) VALUES ('224418412074', '12', '40404040', '<p>下面是某位教师在“生物的变异”一节教学时设计的“探究花生果实大小的变异”的教学活动。</p><p><img width="569px" height="409px" src="https://fb.fbstatic.cn/api/tarzan/images/165934eb4397cb9.png?width=700" /></p><p><img width="571px" height="130px" src="https://fb.fbstatic.cn/api/tarzan/images/165935187bf509f.png?width=700" /></p><p><img width="574px" height="473px" src="https://fb.fbstatic.cn/api/tarzan/images/1659352086a0f0d.png?width=700" /></p><p>要求：</p>', '', '2017年下半年教师资格证考试《初中生物》真题第30题', '1', '0');
DELETE FROM edu_course_exercise_qa WHERE id='2244184';
INSERT INTO edu_course_exercise_qa (id, course_exercise_id, type, question, cando, answer, total_score) VALUES ('2244184', '224418412074', '12', '<p>（1）补充表格中的教学活动Ⅰ和Ⅱ。</p>', '0', '<p>（1）活动Ⅰ：根据上节课所学，教师向学生设疑：你见过两片一模一样的叶片吗？见过长得一模一样的人吗？请学生列举生活中看到的变异现象。根据学生举例，教师总结：就一种生物的某一性状而言，其不同个体之间所表达出来的该性状也是不同的，如果实的大小不同。由此引导学生观察课前每个实验小组随机取得的花生，并要求学生自由的提出各种问题，教师从学生所提出的问题中选出有探究价值的问题作为“提出问题”，如：怎样区分大花生和小花生呢？ </p><p>活动Ⅱ：学生把本小组的结果图贴在下方左侧，在右侧写上本组的结论： 要求学生认真听取小组代表的交流，因为小组间探究的问题可能有差别。</p><p><img width="537px" height="194px" src="https://fb.fbstatic.cn/api/tarzan/images/165935413fe4201.png?width=700" /></p>', '16');
DELETE FROM edu_course_exercise_qa WHERE id='2244184962';
INSERT INTO edu_course_exercise_qa (id, course_exercise_id, type, question, cando, answer, total_score) VALUES ('2244184962', '224418412074', '12', '<p>（2）写出该教学设计的知识目标。</p>', '1', '<p>（2）知识目标：理解变异的概念，认同生物性状的变异是普遍存在的；了解引起变异的原因，并能举例说出什么是可遗传变异和不可遗传变异；举例说出生物的性状既受遗传物质的控制又受环境因素的影响。 </p>', '7');
DELETE FROM edu_course_exercise_qa WHERE id='22441849628';
INSERT INTO edu_course_exercise_qa (id, course_exercise_id, type, question, cando, answer, total_score) VALUES ('22441849628', '224418412074', '12', '<p>（3）写出该教学设计的能力目标。</p>', '1', '<p>（3）能力目标：初步体验调查生物变异的方法，提高处理调查数据和分析数据的能力；在探究实验中增强协作意识和运用所学知识解释调查结果的能力，进一步提高和加强分析、推理、判断的能力。</p>', '7');
DELETE FROM edu_course_exercise_comment WHERE id='2244184';
INSERT INTO edu_course_exercise_comment (id, path, course_exercise_qa_id, comment) VALUES ('2244184', ',2244184', '2244184', '<p>（1）活动Ⅰ：根据上节课所学，教师向学生设疑：你见过两片一模一样的叶片吗？见过长得一模一样的人吗？请学生列举生活中看到的变异现象。根据学生举例，教师总结：就一种生物的某一性状而言，其不同个体之间所表达出来的该性状也是不同的，如果实的大小不同。由此引导学生观察课前每个实验小组随机取得的花生，并要求学生自由的提出各种问题，教师从学生所提出的问题中选出有探究价值的问题作为“提出问题”，如：怎样区分大花生和小花生呢？ </p><p>活动Ⅱ：学生把本小组的结果图贴在下方左侧，在右侧写上本组的结论： 要求学生认真听取小组代表的交流，因为小组间探究的问题可能有差别。</p><p><img width="537px" height="194px" src="https://fb.fbstatic.cn/api/tarzan/images/165935413fe4201.png?width=700" /></p>');
DELETE FROM edu_course_exercise_comment WHERE id='2244184962';
INSERT INTO edu_course_exercise_comment (id, path, course_exercise_qa_id, comment) VALUES ('2244184962', ',2244184962', '2244184962', '<p>（2）知识目标：理解变异的概念，认同生物性状的变异是普遍存在的；了解引起变异的原因，并能举例说出什么是可遗传变异和不可遗传变异；举例说出生物的性状既受遗传物质的控制又受环境因素的影响。 </p>');
DELETE FROM edu_course_exercise_comment WHERE id='22441849628';
INSERT INTO edu_course_exercise_comment (id, path, course_exercise_qa_id, comment) VALUES ('22441849628', ',22441849628', '22441849628', '<p>（3）能力目标：初步体验调查生物变异的方法，提高处理调查数据和分析数据的能力；在探究实验中增强协作意识和运用所学知识解释调查结果的能力，进一步提高和加强分析、推理、判断的能力。</p>');
DELETE FROM edu_course_exercise WHERE id='224418848197';
INSERT INTO edu_course_exercise (id, question_type, course_id, content, easy_error, source, checked, is_pk) VALUES ('224418848197', '12', '40404040', '<p>某版本高中生物教材“生物膜的流动镶嵌模型”一节中，“对生物膜结构的探索历程”部分的内容如下：</p><p align="center">生物膜结构的探索历程（部分）</p><p>19世纪末，欧文顿（E. Overton）曾用500多种化学物质对植物细胞的通透性进行了上万次的实验，发现细胞膜对不同物质的通透性不一样：凡是可以溶于脂质的物质，比不能溶于脂质的物质更容易通过细胞膜进入细胞。于是他提出：膜是由脂质组成的。</p><p>20世纪初，科学家第一次将膜从哺乳动物的细胞中分离出来，化学分析表明，膜的主要成分是脂质和蛋白质。1925年，两位荷兰科学家用丙酮从人的红细胞中提取脂质，在空气——水界面上铺展成单分子层，测得单分子层的面积恰好是红细胞膜表面的2倍。他们由此得出结论：细胞膜中的脂质分子必然排列为连续的两层。</p><p>思考与讨论：</p><p>1.最初认识到细胞膜是由脂质组成的是通过对现象的推理分析，还是通过对膜成分的提取和鉴定？</p><p>2.在推理分析得出结论后，还有必要对膜的成分进行提取、分离和鉴定吗?</p><p>3.磷脂是一种由甘油、脂肪酸和磷脂等所组成的分子，磷酸“头”都是亲水的，脂肪酸“尾”都是疏水的。请运用相关化学知识，解释为什么磷脂在空气——水界面铺展成单分子层，而科学家是如何从这一现象推导出“脂质在细胞膜中排列成连续的两层”这一结论。</p><p>要求：</p>', '', '2014年下半年教师资格证考试《高中生物》真题第20题', '1', '0');
DELETE FROM edu_course_exercise_qa WHERE id='2244188';
INSERT INTO edu_course_exercise_qa (id, course_exercise_id, type, question, cando, answer, total_score) VALUES ('2244188', '224418848197', '12', '<p>（1）确定该教学内容的教学重点和难点。</p>', '1', '<p>（1）教学重点细胞膜的化学组成和结构。</p><p>   教学难点通过对细胞膜化学组成和结构的探索历程，理解细胞膜结构与功能相适应的观点以及体验科学探索的严谨性。</p>', '10');
DELETE FROM edu_course_exercise_qa WHERE id='2244188231';
INSERT INTO edu_course_exercise_qa (id, course_exercise_id, type, question, cando, answer, total_score) VALUES ('2244188231', '224418848197', '12', '<p>（2）设计上述内容的教学过程</p>', '0', '<p>（2）教学过程</p><p>   复习导人，引人兴趣</p><p>   师：大家上节课做实验都非常认真，实验结果也很不错。请同学们回忆上节课做的质壁分离实验现象，想下，为什么植物细胞会发生质壁分离?</p><p>   生：因为生物膜具有半透性、弹性......</p><p>   师：那么同学们知不知道生物膜为什么具有以上的特性、细胞膜对物质的选择性吸收是否与其特定的结构相关?细胞膜结构是怎样的呢?</p><p>   学生思考、讨论、回答生物膜中有一些分子物质能控制物质进出</p><p>   （进入探索生物膜结构历史博物馆，讲授新课）</p><p>   师：大家讨论非常热烈，那么接下来让我们通过参观生物膜的结构历史博物馆来验证刚刚所回答的问题结果是否符合现实。</p><p>   （随着历史的步伐走，教师带学生走进了博物馆1号。）</p><p>   【博物馆展区1号欧文顿实验】</p><p>    展板1内容1895年，欧文顿选用500多种化学物质对植物细胞膜的通透性进行上万次的研究，发现凡是可溶于脂质的物质，比不溶于脂质的物质更容易穿过细胞膜。</p><p>    问题1：根据欧文顿所观察到的实验现象，你们能得出什么样的结论?</p><p>    问题2：科学家得出的结论、是根据现象的推理还是通过对膜成分的提取和鉴定的?</p><p>首先由负责的小组，向大家介绍欧文顿的实验内容，接着再按照问题1.2的顺序想通问题，学生自主思考讨论回答上述问题，教师在一旁指导。</p><p>    再到博物馆展区2号时，教师既然我们是根据现象作出假设，接下来就是对假设进行验证</p><p>   【博物馆展区2号红细胞膜的提取实验】</p><p>    展板2内容：20世纪初。科学家将细胞膜从哺乳动物的红细胞中分离出来，发现细胞不但会被溶解脂质的物质溶解，也会被蛋白酶（能专一地分解蛋白质的物质）分解。</p><p>    问题1：你能推测出什么结论?</p><p>    问题2：请家回忆一下以前提出动物细胞膜的实验，思考为什么要用红细胞来进行分析膜的成分?方法与前面的一样。</p><p>    学生参观完展区2后，教师现在我们知道红细胞膜的组成，但其这些物质到底是怎么在膜上排列还是不清楚，我的科学探究还没有结束，接下来让我们到下一个展区参观。</p><p>   【博物馆展区3号高特和伦德实验】</p><p>    展板3内容1925年，两位荷兰科学家高特和伦德做了丙酮提取红细胞膜脂质实验将提取出的脂质在宝气一水界面上铺成单分子层，测得其分子所占面积相当于所用的红细胞表面积的2倍。</p><p>    问题1：你能推测出什么结论?</p><p>    （细胞膜中的脂质分子必然排列为连续的两层）</p><p>    提示：生物膜中的脂质，后来确定为磷脂（展示磷脂分子的结构特点，指出磷脂分子亲水性头部和疏水性尾部）现在请大家运用相关的化学知识，解释为什么磷脂在空气二水界面上铺展成单分子层，而科学家如何从这现象推导出。脂质在细胞膜中必然排列为连续的两层。这一结论。</p><p>（方法与前面一样）</p><p>参观完展区3后，教师进行点评和小结从上面的三个实验，我们可以看到膜的成分和结构的初步阐明通过。提出假设。后进行实验验证的。但提出假设不是随便猜想的，而是根据实验现象和有关知识提出的，同时还需要严谨的推理和大胆的想象。</p><p>（答案合理即可）</p>', '20');
DELETE FROM edu_course_exercise_comment WHERE id='2244188';
INSERT INTO edu_course_exercise_comment (id, path, course_exercise_qa_id, comment) VALUES ('2244188', ',2244188', '2244188', '<p>（1）教学重点细胞膜的化学组成和结构。</p><p>   教学难点通过对细胞膜化学组成和结构的探索历程，理解细胞膜结构与功能相适应的观点以及体验科学探索的严谨性。</p>');
DELETE FROM edu_course_exercise_comment WHERE id='2244188231';
INSERT INTO edu_course_exercise_comment (id, path, course_exercise_qa_id, comment) VALUES ('2244188231', ',2244188231', '2244188231', '<p>（2）教学过程</p><p>   复习导人，引人兴趣</p><p>   师：大家上节课做实验都非常认真，实验结果也很不错。请同学们回忆上节课做的质壁分离实验现象，想下，为什么植物细胞会发生质壁分离?</p><p>   生：因为生物膜具有半透性、弹性......</p><p>   师：那么同学们知不知道生物膜为什么具有以上的特性、细胞膜对物质的选择性吸收是否与其特定的结构相关?细胞膜结构是怎样的呢?</p><p>   学生思考、讨论、回答生物膜中有一些分子物质能控制物质进出</p><p>   （进入探索生物膜结构历史博物馆，讲授新课）</p><p>   师：大家讨论非常热烈，那么接下来让我们通过参观生物膜的结构历史博物馆来验证刚刚所回答的问题结果是否符合现实。</p><p>   （随着历史的步伐走，教师带学生走进了博物馆1号。）</p><p>   【博物馆展区1号欧文顿实验】</p><p>    展板1内容1895年，欧文顿选用500多种化学物质对植物细胞膜的通透性进行上万次的研究，发现凡是可溶于脂质的物质，比不溶于脂质的物质更容易穿过细胞膜。</p><p>    问题1：根据欧文顿所观察到的实验现象，你们能得出什么样的结论?</p><p>    问题2：科学家得出的结论、是根据现象的推理还是通过对膜成分的提取和鉴定的?</p><p>首先由负责的小组，向大家介绍欧文顿的实验内容，接着再按照问题1.2的顺序想通问题，学生自主思考讨论回答上述问题，教师在一旁指导。</p><p>    再到博物馆展区2号时，教师既然我们是根据现象作出假设，接下来就是对假设进行验证</p><p>   【博物馆展区2号红细胞膜的提取实验】</p><p>    展板2内容：20世纪初。科学家将细胞膜从哺乳动物的红细胞中分离出来，发现细胞不但会被溶解脂质的物质溶解，也会被蛋白酶（能专一地分解蛋白质的物质）分解。</p><p>    问题1：你能推测出什么结论?</p><p>    问题2：请家回忆一下以前提出动物细胞膜的实验，思考为什么要用红细胞来进行分析膜的成分?方法与前面的一样。</p><p>    学生参观完展区2后，教师现在我们知道红细胞膜的组成，但其这些物质到底是怎么在膜上排列还是不清楚，我的科学探究还没有结束，接下来让我们到下一个展区参观。</p><p>   【博物馆展区3号高特和伦德实验】</p><p>    展板3内容1925年，两位荷兰科学家高特和伦德做了丙酮提取红细胞膜脂质实验将提取出的脂质在宝气一水界面上铺成单分子层，测得其分子所占面积相当于所用的红细胞表面积的2倍。</p><p>    问题1：你能推测出什么结论?</p><p>    （细胞膜中的脂质分子必然排列为连续的两层）</p><p>    提示：生物膜中的脂质，后来确定为磷脂（展示磷脂分子的结构特点，指出磷脂分子亲水性头部和疏水性尾部）现在请大家运用相关的化学知识，解释为什么磷脂在空气二水界面上铺展成单分子层，而科学家如何从这现象推导出。脂质在细胞膜中必然排列为连续的两层。这一结论。</p><p>（方法与前面一样）</p><p>参观完展区3后，教师进行点评和小结从上面的三个实验，我们可以看到膜的成分和结构的初步阐明通过。提出假设。后进行实验验证的。但提出假设不是随便猜想的，而是根据实验现象和有关知识提出的，同时还需要严谨的推理和大胆的想象。</p><p>（答案合理即可）</p>');
DELETE FROM edu_course_exercise WHERE id='224423495842';
INSERT INTO edu_course_exercise (id, question_type, course_id, content, easy_error, source, checked, is_pk) VALUES ('224423495842', '12', '40404040', '<p>“生命活动的主要承担者——蛋白质”一节的课程标准要求为：“概述蛋白质的结构与功能”。主要内容包括：①氨基酸结构和种类；②氨基酸的脱水缩合；③蛋白质分子多样性；④蛋白质功能。</p><p>要求：</p>', '', '2014年上半年教师资格证考试《高中生物》真题第30题', '1', '0');
DELETE FROM edu_course_exercise_qa WHERE id='2244234';
INSERT INTO edu_course_exercise_qa (id, course_exercise_id, type, question, cando, answer, total_score) VALUES ('2244234', '224423495842', '12', '<p>（1）设计本节课的教学目标。</p>', '0', '<p>（1）教学目标：</p><p>知识与技能：</p><p>①说明氨基酸的结构特点以及氨基酸的种类；</p><p>②概述蛋白质的结构和功能。</p><p>过程与方法：</p><p>①尝试建立氨基酸结构通式的球棍模型（模仿水平）；</p><p>②使用球棍模型演示脱水缩合、肽链形成具有空间结构的蛋白质的过程（独立操作水平）；</p><p>③能够利用多媒体搜集相关信息，学会鉴别、选择、运用和分享信息。</p><p>情感态度与价值观：</p><p>①认同蛋白质是生命活动的主要承担者；</p><p>②初步形成生物体的结构与功能、局部与整体、多样性与共同性相统一的观点。树立辩证唯物主义自然观，逐步形成科学的世界观；</p><p>③认识生物科学的价值，乐于学习生物科学，初步养成质疑、求实、创新及勇于实践的科学精神和科学态度。</p>', '10');
DELETE FROM edu_course_exercise_qa WHERE id='22442340';
INSERT INTO edu_course_exercise_qa (id, course_exercise_id, type, question, cando, answer, total_score) VALUES ('22442340', '224423495842', '12', '<p>（2）设计一个合作学习的学习活动。</p>', '0', '<p>（2）活动目标为了引导学生深人理解氨基酸的结构，故设计球棍模型模拟氨基酸结构的合作探究活动，特别是要形成对氨基酸空间结构的认识，为下一步理解肽链的空间结构做铺垫。</p><p>活动用具桔红色球——氢原子，黑色球——碳原子，绿色球——氧原子，蓝色球——氮原子，小铁棍——化学键，弹簧棍——碳氧双键。</p><p>活动要求：装配出一个甘氨酸或丙氨酸。</p><p>活动过程：</p><p>①学生结合书本内容，每两人为一组，进行模型组装。组装过程中教师注意巡视，指出问题，引导思考。组装完成后，四人为一组，进行讨论。</p><p>讨论问题；</p><p>a.我们插装的甘氨酸的侧链基团是什么?</p><p>b.R基的不同如何决定氨基酸种类的不同? 尝试用模型变换，未完成者可以课下完成。</p><p>c.R基上能不能含有— <img flag="tex" src="https://fb.fbstatic.cn/api/planet/accessories/formulas?latex=FF3IW62fUM5z9s0lcQSDBg%3D%3D" />或—COOH?</p><p>②在课件展示特殊氨基酸赖氨酸（含—<img flag="tex" src="https://fb.fbstatic.cn/api/planet/accessories/formulas?latex=FF3IW62fUM5z9s0lcQSDBg%3D%3D" />）、天冬氨酸（含—COOH），拓展学生知识</p><p>③讨论后，进行小结，谈一谈有何收获。</p>', '20');
DELETE FROM edu_course_exercise_comment WHERE id='2244234';
INSERT INTO edu_course_exercise_comment (id, path, course_exercise_qa_id, comment) VALUES ('2244234', ',2244234', '2244234', '<p>（1）教学目标根据教学内容，课程标准及学生情况来确定。确定目标为三维目标，体现课改理念。三维目标的表达注意以下几个方面：</p><p>行为主体：行为的主体是学生而不是教师，体现新课程以学生为主体的理念。</p><p>行为动词：课程标准使用行为动词表述具体内容标准，这些行为“说出”“概述”“叙述”等。</p><p>行为条件：完成某个任务所需的条件，如采取“模拟”。的方式研究减数分裂过程中染色体的行为变化，另外课堂教学中会用到的器材，如实验用具、实验材料等，也属于行为条件的范畴。</p><p>行为表现程度：即教学达到的标准。如进行光合作用的学习，学生应能“阐明光合作用过程中物质与能量的变化”。</p>');
DELETE FROM edu_course_exercise_comment WHERE id='22442340';
INSERT INTO edu_course_exercise_comment (id, path, course_exercise_qa_id, comment) VALUES ('22442340', ',22442340', '22442340', '<p>（2）该活动设计要注意以下几点：其一，符合合作学习的形式。例如问题式合作学习或者讨论式合作学习。其二合作学习的内容为本节课的教学内容，不可偏离主题。第三，合作学习后要有适当的评价环节，例如总结或者提问，以巩固合作学习的效果。</p>');
DELETE FROM edu_course_exercise WHERE id='2244244';
INSERT INTO edu_course_exercise (id, question_type, course_id, content, easy_error, source, checked, is_pk) VALUES ('2244244', '12', '40404040', '<p>图7表示某株水稻不同位置叶片的光合速率相对值，横坐标1~10分别表示从上到下的叶片编号。</p><p><img width="525px" height="199px" src="https://fb.fbstatic.cn/api/tarzan/images/165937d97359a10.png?width=700" /></p>', '', '2017年上半年教师资格证考试《初中生物》真题第26题', '1', '0');
DELETE FROM edu_course_exercise_qa WHERE id='2244244';
INSERT INTO edu_course_exercise_qa (id, course_exercise_id, type, question, cando, answer, total_score) VALUES ('2244244', '2244244', '12', '（1）供给该水稻<img flag="tex" src="https://fb.fbstatic.cn/api/planet/accessories/formulas?latex=Wn5J9fB36VC9hNBHa8oNQA%3D%3D" />一段时间，可推知图中第<u>      </u>片叶放射性强度最高。</p', '1', '6', '3');
DELETE FROM edu_course_exercise_qa WHERE id='2244244371';
INSERT INTO edu_course_exercise_qa (id, course_exercise_id, type, question, cando, answer, total_score) VALUES ('2244244371', '2244244', '12', '<p>（2）第2片、第9片叶光合作用强度均较低，但原因不同，前者是因为<u>                             </u>；后者是因为<u>                          </u>。 </p>', '1', '幼嫩叶片，含叶绿素少；位置靠下，接收到的阳光少', '3');
DELETE FROM edu_course_exercise_qa WHERE id='2244244590';
INSERT INTO edu_course_exercise_qa (id, course_exercise_id, type, question, cando, answer, total_score) VALUES ('2244244590', '2244244', '12', '<p>（3）若将水稻叶片置于气室内光照，用红外气体测定仪测出室内<img flag="tex" src="https://fb.fbstatic.cn/api/planet/accessories/formulas?latex=9eublJ25nyVi3bFP1FeM6Q%3D%3D" />在光合作用前后浓度变化，则此<img flag="tex" src="https://fb.fbstatic.cn/api/planet/accessories/formulas?latex=9eublJ25nyVi3bFP1FeM6Q%3D%3D" />浓度变化反映的是<u>                         </u>。</p>', '1', '净光合作用强度', '3');
DELETE FROM edu_course_exercise_qa WHERE id='2244244947';
INSERT INTO edu_course_exercise_qa (id, course_exercise_id, type, question, cando, answer, total_score) VALUES ('2244244947', '2244244', '12', '<p>（4）在第2片和第9片叶中，Ca元素含量相对较高的是<u>             </u>。</p>', '1', '第9片', '3');
DELETE FROM edu_course_exercise_comment WHERE id='2244244';
INSERT INTO edu_course_exercise_comment (id, path, course_exercise_qa_id, comment) VALUES ('2244244', ',2244244', '2244244', '<p>（1）从图上可知，第6片叶片光合速率相对值较高，吸收的二氧化碳最多。</p>');
DELETE FROM edu_course_exercise_comment WHERE id='2244244358';
INSERT INTO edu_course_exercise_comment (id, path, course_exercise_qa_id, comment) VALUES ('2244244358', ',2244244358', '2244244371', '<p>（2）位于上层的叶片比较幼嫩，相对于成熟叶片来说叶绿体含量较少；位于下层的叶片由于上层叶片的遮挡，接收到的阳光少，所以光合速率较低。</p>');
DELETE FROM edu_course_exercise_comment WHERE id='2244244565';
INSERT INTO edu_course_exercise_comment (id, path, course_exercise_qa_id, comment) VALUES ('2244244565', ',2244244565', '2244244590', '<p>（3）植物光合作用吸收<img flag="tex" src="https://fb.fbstatic.cn/api/planet/accessories/formulas?latex=9eublJ25nyVi3bFP1FeM6Q%3D%3D" />，呼吸作用释放<img flag="tex" src="https://fb.fbstatic.cn/api/planet/accessories/formulas?latex=9eublJ25nyVi3bFP1FeM6Q%3D%3D" />，二者之差为净光合作用速率。室内<img flag="tex" src="https://fb.fbstatic.cn/api/planet/accessories/formulas?latex=9eublJ25nyVi3bFP1FeM6Q%3D%3D" />浓度的变化反应的就是净光合作用强度。</p>');
DELETE FROM edu_course_exercise_comment WHERE id='2244244689';
INSERT INTO edu_course_exercise_comment (id, path, course_exercise_qa_id, comment) VALUES ('2244244689', ',2244244689', '2244244947', '<p>（4）钙在植物体内不能重复利用，即不能由老叶向新叶转移，故老叶片中含量较多。</p>');
DELETE FROM edu_course_exercise WHERE id='2244312';
INSERT INTO edu_course_exercise (id, question_type, course_id, content, easy_error, source, checked, is_pk) VALUES ('2244312', '12', '40404040', '<p>下图是“呼吸方式”的部分板书：</p><p align="center">有氧呼吸与无氧呼吸的不同点</p><p><img width="627px" height="343px" src="https://fb.fbstatic.cn/api/tarzan/images/16593d4ea7966ba.png?width=700" /></p><p>问题：</p>', '', '2013年上半年教师资格证考试《高中生物》真题第28题', '1', '0');
DELETE FROM edu_course_exercise_qa WHERE id='2244312';
INSERT INTO edu_course_exercise_qa (id, course_exercise_id, type, question, cando, answer, total_score) VALUES ('2244312', '2244312', '12', '<p>（1）该板书属于哪种类型？</p>', '1', '属于表格式板书。', '5');
DELETE FROM edu_course_exercise_qa WHERE id='2244312395';
INSERT INTO edu_course_exercise_qa (id, course_exercise_id, type, question, cando, answer, total_score) VALUES ('2244312395', '2244312', '12', '<p>（2）此类板书有哪些优点？</p>', '1', '此板书是根据教学内容提出相应问题，让学生思考回答后书写简要的词语，形成表格。这种板书对比性强，便于比较概念的异同点，容易使学生把握概念的本质，深刻领会所学知识。这种方式易于学生找出知识的联系。类目清楚，井然有序，对比异同，培养对比分析，归纳概括等能力。', '10');
DELETE FROM edu_course_exercise_comment WHERE id='2244312';
INSERT INTO edu_course_exercise_comment (id, path, course_exercise_qa_id, comment) VALUES ('2244312', ',2244312', '2244312', '<p>（1）属于表格式板书。</p>');
DELETE FROM edu_course_exercise_comment WHERE id='2244312240';
INSERT INTO edu_course_exercise_comment (id, path, course_exercise_qa_id, comment) VALUES ('2244312240', ',2244312240', '2244312395', '<p>此板书是根据教学内容提出相应问题，让学生思考回答后书写简要的词语，形成表格。这种板书对比性强，便于比较概念的异同点，容易使学生把握概念的本质，深刻领会所学知识。这种方式易于学生找出知识的联系。类目清楚，井然有序，对比异同，培养对比分析，归纳概括等能力。</p>');
DELETE FROM edu_course_exercise WHERE id='2244314';
INSERT INTO edu_course_exercise (id, question_type, course_id, content, easy_error, source, checked, is_pk) VALUES ('2244314', '12', '40404040', '<p>《普通高中生物课程标准》（实验）中，关于“光合作用的原理和应用”的具体内容要求是“说明光合作用以及对它的认识过程”。教材主要内容有三部分： </p><p>（1）光合作用的研究历程：</p><p><img width="697px" height="573px" src="https://fb.fbstatic.cn/api/tarzan/images/16593d7571012ab.png?width=700" /></p><p>（2）光合作用的过程：光反应阶段和暗反应阶段。</p><p>（3）光合作用原理的应用。 </p><p>要求：依据上述材料，确定该部分内容的三维教学目标和教学重点。</p>', '', '2013年上半年教师资格证考试《高中生物》真题第30题', '1', '0');
DELETE FROM edu_course_exercise_qa WHERE id='2244314';
INSERT INTO edu_course_exercise_qa (id, course_exercise_id, type, question, cando, answer, total_score) VALUES ('2244314', '2244314', '12', '', '1', '<p>（1）教学目标</p><p>知识与技能</p><p>① 说明光合作用以及对它的认识过程。</p><p>② 说出光合作用原理的应用。</p><p>③ 描述光反应、暗反应过程的物质变化和能量转化。</p><p>过程与方法：尝试探究影响光合作用强度的环境因素。</p><p>情感态度与价值观：通过研究科学家对光合作用原理的探究过程，认同科学是在不断的观察、实验、探索和争论中前进的；认同科学家不仅要继承前人的科研成果，而且要善于吸收不同意见中的合理成分，还要有质疑、创新、勇于实践的科学精神和态度。</p><p>（2）教学重点</p><p>①光合作用的发现及研究历史。</p><p>②光合作用的光反应ⅱ暗反应过程及相互关系。</p>', '0');
DELETE FROM edu_course_exercise_comment WHERE id='2244314';
INSERT INTO edu_course_exercise_comment (id, path, course_exercise_qa_id, comment) VALUES ('2244314', ',2244314', '2244314', '<p>（1）教学目标</p><p>知识与技能</p><p>① 说明光合作用以及对它的认识过程。</p><p>② 说出光合作用原理的应用。</p><p>③ 描述光反应、暗反应过程的物质变化和能量转化。</p><p>过程与方法：尝试探究影响光合作用强度的环境因素。</p><p>情感态度与价值观：通过研究科学家对光合作用原理的探究过程，认同科学是在不断的观察、实验、探索和争论中前进的；认同科学家不仅要继承前人的科研成果，而且要善于吸收不同意见中的合理成分，还要有质疑、创新、勇于实践的科学精神和态度。</p><p>（2）教学重点</p><p>①光合作用的发现及研究历史。</p><p>②光合作用的光反应ⅱ暗反应过程及相互关系。</p>');
DELETE FROM edu_course_exercise WHERE id='224432836914';
INSERT INTO edu_course_exercise (id, question_type, course_id, content, easy_error, source, checked, is_pk) VALUES ('224432836914', '12', '40404040', '<p>某版本义务教育生物学教材八年级下册第三章第三节“生物进化的原因”的部分内容如下。</p><p><b>分析生物进化的原因</b></p><p>这是一个真实的事例。18世纪的英国曼彻斯特地区，山清水秀，绿树成荫。那里的森林中生活着一种桦尺蠖，其成虫是一种飞蛾。它们夜间活动，白天栖息在长满地衣的树干上。1850年，一些生物学家来这里考察，发现大多数桦尺蠖成虫的体色是浅色的，只有少数是深色的，这些深色的桦尺蠖是浅色桦尺蠖在自然条件下的变异类型（图Ⅶ-24）。</p><p><img width="554px" height="236px" src="https://fb.fbstatic.cn/api/tarzan/images/16593e733f8f801.png?width=700" /></p><p>100年以后，也就是1950年，曼彻斯特已经变成了一个工业城市。这里工厂林立，烟雾弥漫，工厂排出的煤烟杀死了地衣，结果使树皮裸露并被熏成黑褐色。这时候，又有一些生物学家到这里考察，使他们惊讶的是，这里的深色桦尺蠖变成了常见类型，而浅色的桦尺蠼却成了少数（图Ⅶ-25），这是什么原因呢?</p><p>科学家做了这样一个实验：他们先把数量相等的浅色的桦尺蠖和深色的桦尺蠖同时放到树干上，然后用望远镜观察树干上所发生的情况。一群爱吃桦尺蠼的鸟儿飞过之后，他们发现，浅色桦尺蠖所剩无几，而大部分深色桦尺蠖却逃过了这场灾难。你能解释桦尺蠖体色变化的原因吗?</p><p>尽管人们不能重复桦尺蠖体色变化的整个过程， 但我们可以设法进行模拟。下面的模拟探究有助于你对这一现象的理解。</p><p>要求:</p>', '', '2016年下半年教师资格证考试《初中生物》真题第20题', '1', '0');
DELETE FROM edu_course_exercise_qa WHERE id='2244328';
INSERT INTO edu_course_exercise_qa (id, course_exercise_id, type, question, cando, answer, total_score) VALUES ('2244328', '224432836914', '12', '<p>（1）以四种领色的卡纸为主要材料，设计一个模报探究活动模拟保护色的形成过程。</p>', '1', '<p>（1）探究活动模拟保护色的形成过程：</p><p>①引出保护色。把黑、白两个磁钉吸附在黑板上面，让学生回答磁钉的数量，有学生回答2个、3个、4个，“为什么黑色的磁钉在黑色的板面上不容易被发现？”学生回答：“因为黑色是保护色。” 把黑、白两个磁钉吸附在白板上面，黑色的磁钉容易被发现，相反白色磁钉不容易被发现。引导学生思考：哪一种颜色的小磁钉在哪一颜色的板上容易找到或不易被发现，从而理解保护色的含义。</p><p>②模拟保护色的形成过程。6人一组，选择一张大彩纸作为“生活环境”，在上面均匀的撒上4种颜色（有一种颜色与背景板颜色形同）的小纸片各15张，表示4种不同体色的动物。其中3个学生为“捕食者”，从大彩纸上捡起小纸片。 “捕食者”不能特意去寻找“猎物”，注意速度要快，每“捕猎”一次后，要将“猎物”交给后面的同学纪录。另外3个同学记录被猎的“猎物”的体色、数量和被猎的先后顺序。完成捕猎后，各组统计“幸存者”中各种颜色的小纸片的数量。假若幸存者都产生2个后代，而且体色与幸存者相同，就在每一个幸存者的下面各放同样颜色的小纸片3张，将幸存者和它们的后代混合，重复上述实验，每轮记录各种颜色的小纸片的数量，实验进行5轮。</p><p>③统计实验结果，得出实验结论。经过5轮捕猎后，发现幸存者数量最多的是与背景相同的，从而说明体色变化是自然选择的结果。</p>', '20');
DELETE FROM edu_course_exercise_qa WHERE id='224432858';
INSERT INTO edu_course_exercise_qa (id, course_exercise_id, type, question, cando, answer, total_score) VALUES ('224432858', '224432836914', '12', '<p>（2）设计上述活动的结果记录单（记录单需包含模拟探究的可能数据）。</p>', '0', '<p>（2）模拟 “保护色的形成过程”探究实验数据统计表（数据以蓝色背景为例）：</p><p><img width="573px" height="173px" src="https://fb.fbstatic.cn/api/tarzan/images/16593e840640c2f.png?width=700" /></p><p><img width="572px" height="131px" src="https://fb.fbstatic.cn/api/tarzan/images/16593e8c03dfecc.png?width=700" /></p><p>学生可能的结果：</p><p>学生1：通过5代的筛选，幸存者数量最多的是红色，我们组的材料背景也是红色的。</p><p>学生2：我们组的结果是蓝色最多，与背景的颜色一致。</p><p>学生3：通过5代筛选，幸存者数量最多的是与背景颜色相近的粉红色。</p>', '10');
DELETE FROM edu_course_exercise_comment WHERE id='2244328';
INSERT INTO edu_course_exercise_comment (id, path, course_exercise_qa_id, comment) VALUES ('2244328', ',2244328', '2244328', '<p>（1）探究活动模拟保护色的形成过程：</p><p>①引出保护色。把黑、白两个磁钉吸附在黑板上面，让学生回答磁钉的数量，有学生回答2个、3个、4个，“为什么黑色的磁钉在黑色的板面上不容易被发现？”学生回答：“因为黑色是保护色。” 把黑、白两个磁钉吸附在白板上面，黑色的磁钉容易被发现，相反白色磁钉不容易被发现。引导学生思考：哪一种颜色的小磁钉在哪一颜色的板上容易找到或不易被发现，从而理解保护色的含义。</p><p>②模拟保护色的形成过程。6人一组，选择一张大彩纸作为“生活环境”，在上面均匀的撒上4种颜色（有一种颜色与背景板颜色形同）的小纸片各15张，表示4种不同体色的动物。其中3个学生为“捕食者”，从大彩纸上捡起小纸片。 “捕食者”不能特意去寻找“猎物”，注意速度要快，每“捕猎”一次后，要将“猎物”交给后面的同学纪录。另外3个同学记录被猎的“猎物”的体色、数量和被猎的先后顺序。完成捕猎后，各组统计“幸存者”中各种颜色的小纸片的数量。假若幸存者都产生2个后代，而且体色与幸存者相同，就在每一个幸存者的下面各放同样颜色的小纸片3张，将幸存者和它们的后代混合，重复上述实验，每轮记录各种颜色的小纸片的数量，实验进行5轮。</p><p>③统计实验结果，得出实验结论。经过5轮捕猎后，发现幸存者数量最多的是与背景相同的，从而说明体色变化是自然选择的结果。</p>');
DELETE FROM edu_course_exercise_comment WHERE id='224432858';
INSERT INTO edu_course_exercise_comment (id, path, course_exercise_qa_id, comment) VALUES ('224432858', ',224432858', '224432858', '<p>（2）模拟 “保护色的形成过程”探究实验数据统计表（数据以蓝色背景为例）：</p><p><img width="573px" height="173px" src="https://fb.fbstatic.cn/api/tarzan/images/16593e840640c2f.png?width=700" /></p><p><img width="572px" height="131px" src="https://fb.fbstatic.cn/api/tarzan/images/16593e8c03dfecc.png?width=700" /></p><p>学生可能的结果：</p><p>学生1：通过5代的筛选，幸存者数量最多的是红色，我们组的材料背景也是红色的。</p><p>学生2：我们组的结果是蓝色最多，与背景的颜色一致。</p><p>学生3：通过5代筛选，幸存者数量最多的是与背景颜色相近的粉红色。</p>');
DELETE FROM edu_course_exercise WHERE id='224438043582';
INSERT INTO edu_course_exercise (id, question_type, course_id, content, easy_error, source, checked, is_pk) VALUES ('224438043582', '12', '40404040', '<p>下图中甲表示洋葱根尖的不同区域，乙表示洋葱根尖处于有丝分裂各阶段细胞核中DNA和细胞质中mRNA的含量变化。</p><p><img width="493px" height="221px" src="https://fb.fbstatic.cn/api/tarzan/images/1659403c3cdca04.png?width=700" /></p><p>据图回答（1）~（3）题。</p>', '', '2012年下半年教师资格证考试《高中生物》真题第26题', '1', '0');
DELETE FROM edu_course_exercise_qa WHERE id='2244380';
INSERT INTO edu_course_exercise_qa (id, course_exercise_id, type, question, cando, answer, total_score) VALUES ('2244380', '224438043582', '12', '<p>（1）图甲中①②③④各区细胞形态不同的原因是______________。 要得到图乙结果，________（能/不能）利用图甲②区细胞为材料，原因是_____________________________。9</p>', '1', '基因的选择性表达--^--不能--^--图甲②区细胞是伸长区细胞，细胞没有分裂能力', '9');
DELETE FROM edu_course_exercise_qa WHERE id='22443801';
INSERT INTO edu_course_exercise_qa (id, course_exercise_id, type, question, cando, answer, total_score) VALUES ('22443801', '224438043582', '12', '<p>（2）在a和c两个时期通过______________酶催化合成mRNA。</p>', '1', 'RNA聚合', '3');
DELETE FROM edu_course_exercise_qa WHERE id='2244380172';
INSERT INTO edu_course_exercise_qa (id, course_exercise_id, type, question, cando, answer, total_score) VALUES ('2244380172', '224438043582', '12', '<p>（3）在观察细胞有丝分裂实验中，发现分裂间期的细胞数目远远多于分裂期的细胞数，主要原因是____________________________。</p>', '1', '在细胞周期中，分裂间期所占的时间远大于分裂期', '3');
DELETE FROM edu_course_exercise_comment WHERE id='2244380';
INSERT INTO edu_course_exercise_comment (id, path, course_exercise_qa_id, comment) VALUES ('2244380', ',2244380', '2244380', '<p>图甲中由③分生区细胞形成①②④细胞的过程属于细胞分化，四个区域细胞形态不同的根本原因是基因的选择性表达。图乙是细胞分裂过程中DNA和mRNA的含量变化，要获得此结果，取材细胞应该是具有连续分裂能力的③分生区细胞。RNA聚合酶催化DNA转录形成mRNA。</p>');
DELETE FROM edu_course_exercise_comment WHERE id='22443801';
INSERT INTO edu_course_exercise_comment (id, path, course_exercise_qa_id, comment) VALUES ('22443801', ',22443801', '22443801', '<p>图甲中由③分生区细胞形成①②④细胞的过程属于细胞分化，四个区域细胞形态不同的根本原因是基因的选择性表达。图乙是细胞分裂过程中DNA和mRNA的含量变化，要获得此结果，取材细胞应该是具有连续分裂能力的③分生区细胞。RNA聚合酶催化DNA转录形成mRNA。</p>');
DELETE FROM edu_course_exercise_comment WHERE id='2244380172';
INSERT INTO edu_course_exercise_comment (id, path, course_exercise_qa_id, comment) VALUES ('2244380172', ',2244380172', '2244380172', '<p>图甲中由③分生区细胞形成①②④细胞的过程属于细胞分化，四个区域细胞形态不同的根本原因是基因的选择性表达。图乙是细胞分裂过程中DNA和mRNA的含量变化，要获得此结果，取材细胞应该是具有连续分裂能力的③分生区细胞。RNA聚合酶催化DNA转录形成mRNA。</p>');
DELETE FROM edu_course_exercise WHERE id='2244388';
INSERT INTO edu_course_exercise (id, question_type, course_id, content, easy_error, source, checked, is_pk) VALUES ('2244388', '12', '40404040', '<p>某教师设计了工作单开展“细胞的生活需要物质和能量”的教学，相关材料如下：</p><p><b>材料</b><b>1:</b></p><p align="center"><b>细胞的生活需要物质和能量</b></p><p>生物的生活离不开物质和能量，细胞也是如此。</p><p>科学研究证明，水、氧气、葡萄糖、蔗糖，以及其他许多物质，都是由分子(molecule)组成的。分子就是构成物质的一种基本微粒，蔗糖在水中溶解，其实就是一个个蔗糖分子分散开来，挤进水分子之间的空隙中。细胞中的物质可以分为两大类:一类是分子比较小的，如水、氧和无机盐等简单的物质，这类物质一般不含碳，统称为无机物;另一类分子较大，如糖类、脂质、蛋白质和核酸等复杂的物质，一般含有碳，统称为有机物。细胞的生活需要水和其他多种营养物质，这些物质进入细胞，都要经过细胞的边界——细胞膜。细胞膜将细胞的内部与外部环境分隔开来，使细胞拥有一个比较稳定的内部环境，但是它并没有将细胞封闭起来。  </p><p>细胞膜有适于运输物质的结构，能够让细胞生活需要的物质进入细胞，而把有些物质挡在细胞外面。细胞在生活过程中会产生一些不需要的或有害的物质，这些物质也要通过细胞膜排出(图2-6)。可见，细胞膜能够控制物质的进出。</p><p><img width="211px" height="150px" src="https://fb.fbstatic.cn/api/tarzan/images/165940d8c612fc6.png?width=700" /></p><p><b>材料</b><b>2:</b>“细胞膜控制物质的进出”工作单</p><p>一、提出问题:<u>细胞膜有控制物质进出的作用吗</u><u>?</u></p><p>二、做出假设:<u>活细胞的细胞膜有控制物质进出的作用，活细胞的细胞膜能够阻挡与</u><u>DNA呈现绿色的甲基绿的进入。</u></p><p>三、制定计划:</p><p>(一)实验用具:<u>显微镜</u><u>  </u><u>载玻片</u><u>  </u><u>盖玻片</u><u>  </u><u>盐酸</u><u>  </u><u>甲基绿</u><u>  </u><u>清水</u><u>  </u><u>蒸馏水</u><u>  </u><u>培养皿</u><u>  </u><u>洋葱</u></p><p>(二)方法步骤:1.<u>                                    </u></p><p>2.<u>                                    </u></p><p>3.<u>                                    </u></p><p>4.<u>                                    </u></p><p>5.<u>                                    </u></p><p>四、实施计划:<u>                                    </u></p><p>五、得出结论:<u>                                    </u></p><p>六、表达与交流:<u>                                    </u></p><p>要求:</p><p>（1）完成上面工作单中“方法步骤”的设计。(10 分)</p><p>（2）设计采用该工作单进行实验教学的教学过程。(20分)</p>', '', '2016年上半年教师资格证考试《初中生物》真题第30题', '1', '0');
DELETE FROM edu_course_exercise_qa WHERE id='2244388';
INSERT INTO edu_course_exercise_qa (id, course_exercise_id, type, question, cando, answer, total_score) VALUES ('2244388', '2244388', '12', '', '0', '<p>（1）方法步骤：</p><p>①处理细胞：取两份等量生长状况相同的洋葱上表皮细胞放入培养皿中，一份加入盐酸（杀死细胞），一份加入等量清水。</p><p>②制作装片：分别取等量经盐酸和清水处理过的洋葱上皮细胞，展开平铺在载玻片上。</p><p>③冲洗载玻片：用蒸馏水缓缓地冲洗载玻片10秒（去除盐酸以方便染色）。</p><p>④染色：用甲基绿对细胞进行染色，盖上盖玻片。</p><p>⑤显微镜下观察：经盐酸处理的细胞的细胞核被染成绿色，经清水处理的细胞的细胞核未被染成绿色。</p><p>（2）教学过程：</p><p align="center">细胞膜控制物质的进出</p><p><b>环节一：导入新课</b></p><p>教师展示图片：人困在废墟中，几天几夜没有进食就会很虚弱，但补充物质和能量后就健康起来，引导学生回顾生物是由细胞构成的，引出课题——细胞的生活需要物质和能量。</p><p><b>环节二：新课讲授</b></p><p>教师：吃水果有甜味，说明水果里有糖类，而且有汁液流出，说明水果中有水，这些糖类和水来自哪里？</p><p>学生分组讨论。</p><p>学生回答：来自于细胞中，由分子构成。</p><p>教师：糖类和水等物质由分子构成，肉眼无法直接观察。</p><p>教师演示实验：龙胆紫溶液滴于清水中扩散。</p><p>教师：细胞中的糖类和水由分子构成。细胞中还含有其他物质吗？细胞内与细胞外的物质能否进行交换？如果能，哪些结构在交换过程中发挥作用？</p><p>学生分组讨论。</p><p>学生提问：细胞膜在物质交换的过程中发挥作用吗？</p><p>教师引导学生作出假设：活细胞的细胞膜有控制物质进出的作用。</p><p>教师补充：活细胞的细胞膜能阻挡与DNA结合呈现绿色的甲基绿进入细胞。</p><p>学生分组制定实验计划，教师补充指导。</p><p>学生开始实验，教师巡视指导。</p><p>学生得出实验结果，分析实验结论：细胞膜控制物质的进出。</p><p>教师多媒体展示细胞膜控制物质的进出的flash动画。</p><p>学生观看视频、加深理解。</p><p><b>环节三：巩固小结</b></p><p>教师提问学生课堂收获，学生回顾总结本节课知识要点。</p><p>教师通过ppt展示填空、选择等练习题，学生回答，加深理解。</p><p><b>环节四：布置作业</b></p><p>完成课后梯度练习。</p>', '0');
DELETE FROM edu_course_exercise_comment WHERE id='2244388';
INSERT INTO edu_course_exercise_comment (id, path, course_exercise_qa_id, comment) VALUES ('2244388', ',2244388', '2244388', '<p>（1）方法步骤：</p><p>①处理细胞：取两份等量生长状况相同的洋葱上表皮细胞放入培养皿中，一份加入盐酸（杀死细胞），一份加入等量清水。</p><p>②制作装片：分别取等量经盐酸和清水处理过的洋葱上皮细胞，展开平铺在载玻片上。</p><p>③冲洗载玻片：用蒸馏水缓缓地冲洗载玻片10秒（去除盐酸以方便染色）。</p><p>④染色：用甲基绿对细胞进行染色，盖上盖玻片。</p><p>⑤显微镜下观察：经盐酸处理的细胞的细胞核被染成绿色，经清水处理的细胞的细胞核未被染成绿色。</p><p>（2）教学过程：</p><p align="center">细胞膜控制物质的进出</p><p><b>环节一：导入新课</b></p><p>教师展示图片：人困在废墟中，几天几夜没有进食就会很虚弱，但补充物质和能量后就健康起来，引导学生回顾生物是由细胞构成的，引出课题——细胞的生活需要物质和能量。</p><p><b>环节二：新课讲授</b></p><p>教师：吃水果有甜味，说明水果里有糖类，而且有汁液流出，说明水果中有水，这些糖类和水来自哪里？</p><p>学生分组讨论。</p><p>学生回答：来自于细胞中，由分子构成。</p><p>教师：糖类和水等物质由分子构成，肉眼无法直接观察。</p><p>教师演示实验：龙胆紫溶液滴于清水中扩散。</p><p>教师：细胞中的糖类和水由分子构成。细胞中还含有其他物质吗？细胞内与细胞外的物质能否进行交换？如果能，哪些结构在交换过程中发挥作用？</p><p>学生分组讨论。</p><p>学生提问：细胞膜在物质交换的过程中发挥作用吗？</p><p>教师引导学生作出假设：活细胞的细胞膜有控制物质进出的作用。</p><p>教师补充：活细胞的细胞膜能阻挡与DNA结合呈现绿色的甲基绿进入细胞。</p><p>学生分组制定实验计划，教师补充指导。</p><p>学生开始实验，教师巡视指导。</p><p>学生得出实验结果，分析实验结论：细胞膜控制物质的进出。</p><p>教师多媒体展示细胞膜控制物质的进出的flash动画。</p><p>学生观看视频、加深理解。</p><p><b>环节三：巩固小结</b></p><p>教师提问学生课堂收获，学生回顾总结本节课知识要点。</p><p>教师通过ppt展示填空、选择等练习题，学生回答，加深理解。</p><p><b>环节四：布置作业</b></p><p>完成课后梯度练习。</p>');
DELETE FROM edu_course_exercise WHERE id='224441364089';
INSERT INTO edu_course_exercise (id, question_type, course_id, content, easy_error, source, checked, is_pk) VALUES ('224441364089', '12', '40404040', '<p>雌、雄果蝇体细胞的染色体组成如图5中甲、乙所示，其中X、Y、I、I、IV表示不同的染色体、果蝇的红眼（D）和白眼（d）是一对相对性状，基因D、d位于X染色体上，回答问题：</p><p><img width="406px" height="193px" src="https://fb.fbstatic.cn/api/tarzan/images/1659438ec1fa901.png?width=700" /></p>', '', '2015年下半年教师资格证考试《初中生物》真题第25题', '1', '0');
DELETE FROM edu_course_exercise_qa WHERE id='2244413';
INSERT INTO edu_course_exercise_qa (id, course_exercise_id, type, question, cando, answer, total_score) VALUES ('2244413', '224441364089', '12', '<p>（1）据图判断，果蝇为<u>        </u>倍体生物，每个染色体组含有<u>        </u>条染色体，其中属于常染色体的是<u>        </u>（用图中的染色体标号作答）。9</p>', '1', '二--^--4--^--II、III、IV', '9');
DELETE FROM edu_course_exercise_qa WHERE id='224441321';
INSERT INTO edu_course_exercise_qa (id, course_exercise_id, type, question, cando, answer, total_score) VALUES ('224441321', '224441364089', '12', '<p>（2）若只考虑基因D、d的遗传，图中雌果蝇产生的配子基因型是<u>        </u>，雄果蝇产生含Y染色体的配子比例为<u>        </u>。</p>', '1', 'XD、Xd--^--1/2', '6');
DELETE FROM edu_course_exercise_comment WHERE id='2244413';
INSERT INTO edu_course_exercise_comment (id, path, course_exercise_qa_id, comment) VALUES ('2244413', ',2244413', '2244413', '<p>（1）判断染色体组数，可通过细胞中同源染色体的条数及相同基因或等位基因个数来判断。果蝇体细胞中含有大小形态两两相同的染色体，所以它是二倍体，有四对同源染色体，所以一个染色体中有4条染色体，属于常染色体的是II、III、IV。</p>');
DELETE FROM edu_course_exercise_comment WHERE id='224441321';
INSERT INTO edu_course_exercise_comment (id, path, course_exercise_qa_id, comment) VALUES ('224441321', ',224441321', '224441321', '<p>（2）若只考虑基因D、d的遗传,雌果蝇的基因型是XDXd，符合基因的分离定律，产生两种配子，雄性产生含Y染色体的配子的比例是1/2。</p>');
DELETE FROM edu_course_exercise WHERE id='2246641';
INSERT INTO edu_course_exercise (id, question_type, course_id, content, easy_error, source, checked, is_pk) VALUES ('2246641', '12', '70707070', '<p>学校开展心理健康教育的途径有哪些？</p>', '', '2018年5月27日天津市武清区、静海区教师招聘 《教育综合知识》题第58题', '1', '0');
DELETE FROM edu_course_exercise_qa WHERE id='2246641';
INSERT INTO edu_course_exercise_qa (id, course_exercise_id, type, question, cando, answer, total_score) VALUES ('2246641', '2246641', '12', '', '1', '<p>        学校心理健康教育的途径主要有：</p><p>       （1）心理辅导课程。心理辅导课程指促进学生心理健康发展的系列专题活动，包括心理知识讲座、心理训练、专题辨析、情境设计、角色扮演、游戏辅导等。</p><p>       （2）教育教学渗透。心理健康教育具有长期性和广泛性，不能仅限于心理辅导活动课程，而是应该渗透到学校的一切教育教学活动中，可以说，学校的一切工作都应当包含着深刻的心理健康教育意义。</p><p>       （3）心理咨询。按咨询的对象，心理咨询分为个别咨询和团体咨询。</p>', '0');
DELETE FROM edu_course_exercise_comment WHERE id='2246641';
INSERT INTO edu_course_exercise_comment (id, path, course_exercise_qa_id, comment) VALUES ('2246641', ',2246641', '2246641', '<p>        学校心理健康教育的途径主要有：</p><p>       （1）心理辅导课程。心理辅导课程指促进学生心理健康发展的系列专题活动，包括心理知识讲座、心理训练、专题辨析、情境设计、角色扮演、游戏辅导等。</p><p>       （2）教育教学渗透。心理健康教育具有长期性和广泛性，不能仅限于心理辅导活动课程，而是应该渗透到学校的一切教育教学活动中，可以说，学校的一切工作都应当包含着深刻的心理健康教育意义。</p><p>       （3）心理咨询。按咨询的对象，心理咨询分为个别咨询和团体咨询。</p>');
DELETE FROM edu_course_exercise WHERE id='2246791';
INSERT INTO edu_course_exercise (id, question_type, course_id, content, easy_error, source, checked, is_pk) VALUES ('2246791', '12', '70707070', '<p>什么是课程？请列举不同的观点，并谈一谈你对课程的理解。</p>', '', '2018年4月天津市滨海教师招聘《教育综合知识》题第19题', '1', '0');
DELETE FROM edu_course_exercise_qa WHERE id='2246791';
INSERT INTO edu_course_exercise_qa (id, course_exercise_id, type, question, cando, answer, total_score) VALUES ('2246791', '2246791', '12', '', '1', '<p>广义的课程指为实现学校教育目的而选择的教育内容的总和及进程安排。它包括各门学科和课外活动。狭义的课程指某一门学科，如语文、数学、英语。</p><p>在我国“课程”一次最早出现在唐朝。唐朝孔颖达为《诗经·小雅·巧言》中“奕奕寝庙，君子作之”句作疏：“维护课程，必君子监之，乃依法制。”用“一词”指“寝庙”，其寓意为伟业，含义远远超出学校教育的范围。</p><p>宋代朱熹在《朱子全书·论学》中多次提及课程，如“宽着期限，紧着课程”“小立课程，大作功夫”等。这里的“课程”指功课及其进程。</p><p>把课程用于教育科学的专门术语，始于英国教育家斯宾塞的《什么知识最有价值》，作为教育科学的重要倡导者，他把课程解释为教学内容的系统组织。</p><p>我们所研究的课程是广义上的，是各级各类学校为了实现培养目标而规定的学习科目及其进程的总和。</p>', '0');
DELETE FROM edu_course_exercise_comment WHERE id='2246791';
INSERT INTO edu_course_exercise_comment (id, path, course_exercise_qa_id, comment) VALUES ('2246791', ',2246791', '2246791', '<p>广义的课程指为实现学校教育目的而选择的教育内容的总和及进程安排。它包括各门学科和课外活动。狭义的课程指某一门学科，如语文、数学、英语。</p><p>在我国“课程”一次最早出现在唐朝。唐朝孔颖达为《诗经·小雅·巧言》中“奕奕寝庙，君子作之”句作疏：“维护课程，必君子监之，乃依法制。”用“一词”指“寝庙”，其寓意为伟业，含义远远超出学校教育的范围。</p><p>宋代朱熹在《朱子全书·论学》中多次提及课程，如“宽着期限，紧着课程”“小立课程，大作功夫”等。这里的“课程”指功课及其进程。</p><p>把课程用于教育科学的专门术语，始于英国教育家斯宾塞的《什么知识最有价值》，作为教育科学的重要倡导者，他把课程解释为教学内容的系统组织。</p><p>我们所研究的课程是广义上的，是各级各类学校为了实现培养目标而规定的学习科目及其进程的总和。</p>');
DELETE FROM edu_course_exercise WHERE id='2246905';
INSERT INTO edu_course_exercise (id, question_type, course_id, content, easy_error, source, checked, is_pk) VALUES ('2246905', '12', '70707070', '<p>“幻想是一种不切实际，不能实现的想象，不宜提倡。”这种说法是否正确结合想象知识，说明理由。</p>', '', '2018年4月17日福建省中小学教师招聘考试《教育综合知识》题第62题', '1', '0');
DELETE FROM edu_course_exercise_qa WHERE id='2246905';
INSERT INTO edu_course_exercise_qa (id, course_exercise_id, type, question, cando, answer, total_score) VALUES ('2246905', '2246905', '12', '', '1', '<p>这种说法是错误的，幻想不一定是一种不切实际，不能实现的想象。</p><p>幻想是指向未来，并与个人愿望相联系的想象，是创造想象的特殊形式。幻想不立即体现在人们的实际生活中，而是带有向往的性质，是人们寄托的东西。如果幻想以现实为依据，并指向行动，经过努力最终可以实现，那么它就变成了理想；如果幻想完全脱离现实，毫无实现的可能，那就成了空想。</p><p>因此，对于理想来说，是可能实现的，切合实际的幻想，适合提倡；但是对于空想来说，是不可能实现的，不切合实际的幻想，不适合提倡。</p>', '0');
DELETE FROM edu_course_exercise_comment WHERE id='2246905';
INSERT INTO edu_course_exercise_comment (id, path, course_exercise_qa_id, comment) VALUES ('2246905', ',2246905', '2246905', '<p>第一：判断对错，并将题干进行改进或完善；第二：将题目涉及相关理论进行完善并完整论述；第三：阐明两者的联系。</p>');
DELETE FROM edu_course_exercise WHERE id='2246938';
INSERT INTO edu_course_exercise (id, question_type, course_id, content, easy_error, source, checked, is_pk) VALUES ('2246938', '12', '70707070', '<p>认识——结构教学论。</p>', '', '2018年7月1日河南省焦作市教育局直属学校公开招聘教师《教育理论知识》题第28题', '1', '0');
DELETE FROM edu_course_exercise_qa WHERE id='2246938';
INSERT INTO edu_course_exercise_qa (id, course_exercise_id, type, question, cando, answer, total_score) VALUES ('2246938', '2246938', '12', '', '1', '<p>布鲁纳提出认识-结构教学论，其内容主要包括：</p><p>（1）课程设计应按照学科知识的基本结构进行。</p><p>（2）教学过程注重发展儿童的认知能力。</p><p>（3）教学过程是教师引导学生发现的过程。</p>', '0');
DELETE FROM edu_course_exercise_comment WHERE id='2246938';
INSERT INTO edu_course_exercise_comment (id, path, course_exercise_qa_id, comment) VALUES ('2246938', ',2246938', '2246938', '<p>布鲁纳提出认识-结构教学论，其内容主要包括：</p><p>（1）课程设计应按照学科知识的基本结构进行。</p><p>（2）教学过程注重发展儿童的认知能力。</p><p>（3）教学过程是教师引导学生发现的过程。</p>');
DELETE FROM edu_course_exercise WHERE id='2247002';
INSERT INTO edu_course_exercise (id, question_type, course_id, content, easy_error, source, checked, is_pk) VALUES ('2247002', '12', '70707070', '<p>新课程标准的核心理念是教育以人为本，即“一切为了每一位学生的发展”，请结合相关知识，谈谈你对该理念的理解。</p>', '', '2018年6月30日陕西省农村特岗教师招聘考试 《教育理论知识》题第61题', '1', '0');
DELETE FROM edu_course_exercise_qa WHERE id='2247002';
INSERT INTO edu_course_exercise_qa (id, course_exercise_id, type, question, cando, answer, total_score) VALUES ('2247002', '2247002', '12', '', '1', '<p>新课程改革的核心理念是“以人为本”和“以学生发展为本”。在教学中，要关注每一位学生的发展，引导学生学会学习、学会生存、学会做人，使学生在获得基础知识和基本技能的同时学会学习和形成正确价值观。</p><p>新课程背景下的学生观认为学生是发展中的人，学生是独特的人，学生是具有独立意义的人。这就要求教师在教学过程中，遵循学生的身心发展规律，把学生看作是一个完整的个体，尊重学生学习的主体性和想法，充分发挥学生的主观能动性，引导学生进行自主、合作和研究学习，才能真正做到“一切为了每一位学生的发展”。</p><p>新课改背景下的教师观认为教师是学生学习的促进者，这就要求教师充分发挥其主导作用，引导学生朝着积极健康方向发展。</p><p>新课改背景下的评价观要求教师突出学生在评价中的主体地位，采取自评、互评等方式，不以分数作为评价学生的唯一标准，采用量化评价与质性评价相结合的评价，这就要求我们教师对学生进行发展性、动态性、多元化的评价，最终促进学生全面发展。</p>', '0');
DELETE FROM edu_course_exercise_comment WHERE id='2247002';
INSERT INTO edu_course_exercise_comment (id, path, course_exercise_qa_id, comment) VALUES ('2247002', ',2247002', '2247002', '<p>新课程改革的核心理念是“以人为本”和“以学生发展为本”。在教学中，要关注每一位学生的发展，引导学生学会学习、学会生存、学会做人，使学生在获得基础知识和基本技能的同时学会学习和形成正确价值观。</p><p>新课程背景下的学生观认为学生是发展中的人，学生是独特的人，学生是具有独立意义的人。这就要求教师在教学过程中，遵循学生的身心发展规律，把学生看作是一个完整的个体，尊重学生学习的主体性和想法，充分发挥学生的主观能动性，引导学生进行自主、合作和研究学习，才能真正做到“一切为了每一位学生的发展”。</p><p>新课改背景下的教师观认为教师是学生学习的促进者，这就要求教师充分发挥其主导作用，引导学生朝着积极健康方向发展。</p><p>新课改背景下的评价观要求教师突出学生在评价中的主体地位，采取自评、互评等方式，不以分数作为评价学生的唯一标准，采用量化评价与质性评价相结合的评价，这就要求我们教师对学生进行发展性、动态性、多元化的评价，最终促进学生全面发展。</p>');
DELETE FROM edu_course_exercise WHERE id='2249573';
INSERT INTO edu_course_exercise (id, question_type, course_id, content, easy_error, source, checked, is_pk) VALUES ('2249573', '12', '81818181', '<p>简述选择中学数学教学方法的依据。</p>', '', '2018年上半年教师资格证考试《初中数学》题第12题', '1', '0');
DELETE FROM edu_course_exercise_qa WHERE id='2249573';
INSERT INTO edu_course_exercise_qa (id, course_exercise_id, type, question, cando, answer, total_score) VALUES ('2249573', '2249573', '12', '', '1', '<p>教学方法是为了完成教学任务、达到教学目标而采取的教与学的方式和手段，它包 括教师教的方法和学生学的方法，是教师引导学生掌握知识技能，获得身心发展而共同 活动的方法。一方面是教学客观的需要与实现，为目的而创造方法，另一方面是主观的 选择和创造。选择中学数学教学方法的依据有：①符合教学规律和教学原则；②符合 教学目标和任务；③符合教学内容的特点；④符合学生的发展水平；⑤符合教师的特 长；⑥符合教学的经验性。另外，选择教学方法应考虑：①教学内容及相应的教学目标； ②各种不同层次的学生；③各种教学方法的特点。 </p>', '0');
DELETE FROM edu_course_exercise_comment WHERE id='2249573';
INSERT INTO edu_course_exercise_comment (id, path, course_exercise_qa_id, comment) VALUES ('2249573', ',2249573', '2249573', '<p>教学方法是为了完成教学任务、达到教学目标而采取的教与学的方式和手段，它包 括教师教的方法和学生学的方法，是教师引导学生掌握知识技能，获得身心发展而共同 活动的方法。一方面是教学客观的需要与实现，为目的而创造方法，另一方面是主观的 选择和创造。选择中学数学教学方法的依据有：①符合教学规律和教学原则；②符合 教学目标和任务；③符合教学内容的特点；④符合学生的发展水平；⑤符合教师的特 长；⑥符合教学的经验性。另外，选择教学方法应考虑：①教学内容及相应的教学目标； ②各种不同层次的学生；③各种教学方法的特点。 </p>');
DELETE FROM edu_course_exercise WHERE id='2249574';
INSERT INTO edu_course_exercise (id, question_type, course_id, content, easy_error, source, checked, is_pk) VALUES ('2249574', '12', '81818181', '<p>简述你对《义务教育数学课程标准（2011 年版）》 中“探索并证明三角形的中位 线定理”这一目标的理解。</p>', '', '2018年上半年教师资格证考试《初中数学》题第13题', '1', '0');
DELETE FROM edu_course_exercise_qa WHERE id='2249574';
INSERT INTO edu_course_exercise_qa (id, course_exercise_id, type, question, cando, answer, total_score) VALUES ('2249574', '2249574', '12', '', '1', '<p>三角形的中位线定理：三角形的中位线平行于三角形的第三边，并且等于第三边的一半。课程标准中对于“探索”的要求是独立或与他人合作参与特定的数学活动，理解 或提出问题，寻求解决问题的思路，发现对象的特征及其与相关对象的区别和联系，获 得一定的理性认识。 因此，对于这一目标呈现了两个层次：第一个层次是探究，三角形中位线定理的得 出是平行四边形判定定理和性质定理的直接应用，因此可以借助这些知识进行探究，经 历发现知识的过程，符合《义务教育数学课程标准（2011 年版）》 中提出的体会数学结 果的形成过程和蕴含的数学思想方法。第二个层次是证明，学生对于推理证明的基本要 求、基本步骤和方法已经初步掌握，对于三角形中位线定义一般也在同一小节内进行了 学习，这对于学生接下来学习三角形中位线定理的证明有一定的帮助。另外，数学知识 的学习不是孤立的，是整体中的一个部分，三角形中位线定理是三角形的重要性质定理， 要让学生理解这个定理的特点，即同一个题设下，有两个结论，一个是数量关系，另一 个是位置关系。应用这个定理时，不一定同时用到两个结论，有时用到平行关系，有时 用到倍数关系，需根据具体情况灵活应用。</p>', '0');
DELETE FROM edu_course_exercise_comment WHERE id='2249574';
INSERT INTO edu_course_exercise_comment (id, path, course_exercise_qa_id, comment) VALUES ('2249574', ',2249574', '2249574', '<p>三角形的中位线定理：三角形的中位线平行于三角形的第三边，并且等于第三边的一半。课程标准中对于“探索”的要求是独立或与他人合作参与特定的数学活动，理解 或提出问题，寻求解决问题的思路，发现对象的特征及其与相关对象的区别和联系，获 得一定的理性认识。 因此，对于这一目标呈现了两个层次：第一个层次是探究，三角形中位线定理的得 出是平行四边形判定定理和性质定理的直接应用，因此可以借助这些知识进行探究，经 历发现知识的过程，符合《义务教育数学课程标准（2011 年版）》 中提出的体会数学结 果的形成过程和蕴含的数学思想方法。第二个层次是证明，学生对于推理证明的基本要 求、基本步骤和方法已经初步掌握，对于三角形中位线定义一般也在同一小节内进行了 学习，这对于学生接下来学习三角形中位线定理的证明有一定的帮助。另外，数学知识 的学习不是孤立的，是整体中的一个部分，三角形中位线定理是三角形的重要性质定理， 要让学生理解这个定理的特点，即同一个题设下，有两个结论，一个是数量关系，另一 个是位置关系。应用这个定理时，不一定同时用到两个结论，有时用到平行关系，有时 用到倍数关系，需根据具体情况灵活应用。</p>');
DELETE FROM edu_course_exercise WHERE id='2250036';
INSERT INTO edu_course_exercise (id, question_type, course_id, content, easy_error, source, checked, is_pk) VALUES ('2250036', '12', '91919191', '<p>简述英语校内课外活动的三个主要作用（6分），列出四种活动形式（8分），并写出教师组织课外活动的三点注意事项（6分）。</p>', '', '2018年上半年教师资格证考试《初中英语》题第31题', '1', '0');
DELETE FROM edu_course_exercise_qa WHERE id='2250036';
INSERT INTO edu_course_exercise_qa (id, course_exercise_id, type, question, cando, answer, total_score) VALUES ('2250036', '2250036', '12', '', '0', '<p>（1）英语校内课外活动的三个主要作用：</p><p>① 英语校内课外活动是学生英语学习的重要组成部分，能为学生的语言实践和</p><p>自主学习提供更大的平台。</p><p>② 英语校内课外活动有助于激发和提升学生学习英语的兴趣，帮助学生丰富语感、开阔视野、增长知识、发展智力和塑造性格。</p><p>③ 英语校内课外活动有助于提升学生的活动组织能力和管理能力。</p><p>（2）英语校内课外活动的四种形式：</p><p>① 英语角。英语角为广大爱好英语的学生提供了机会，能够带动更多的学生用英语进行交流， 学生把所学用到生活中去。</p><p>② 英语演讲。学校可以组织开展小组间、班级间、学校间的英语演讲比赛，鼓励学生积极参与， 提高学生的英语口语水平。</p><p>③ 英语板报、制作英语刊物。英语板报是教育学生、锻炼学生的重要方式，学校可以定期组织学生设计英语板报、制作英语刊物，以提高其学习英语的积极性。</p><p>④ 英语短剧会演、英语诗歌朗诵和英语歌曲大赛。学校可以根据具体情况，定期组织这些活动， 丰富学生的校内课外活动。</p><p>（3）教师组织课外活动的三点注意事项：</p><p>① 教师要根据学生的年龄特点和需求，考虑学生的兴趣、特长和差异，结合当地的实际情况， 因地制宜地开展英语校内课外活动。</p><p>② 教师应注意，英语校内课外活动要注重调动学生参与的积极性。要鼓励吸引有学习困难的学生参与课外活动，为他们设计合适的活动形式和内容，引导学生乐于参与，</p><p>通过亲身体验和实践产生学习兴趣和动力并获得成功。在活动中，老师要给予他们耐心</p><p>的指导，注意保护他们的自尊心和热情，尊重他们的参与方式，并注意因势利导。</p><p>③ 活动内容要丰富多彩，组织形式要多样化，要富有吸引力，同时，教师要充分发挥学生的自主性，尊重他们的策划和选择，并给予恰当的引导和辅导，要关注活动的过程，关注学生在活动中的表现，做好活动的顾问和服务工作，为他们的发展提供指导和支持。</p>', '0');
DELETE FROM edu_course_exercise_comment WHERE id='2250036';
INSERT INTO edu_course_exercise_comment (id, path, course_exercise_qa_id, comment) VALUES ('2250036', ',2250036', '2250036', '<p>本题考查英语校内外活动的三个主要作用、活动形式及注意事项。考生只需分条列出相关知识点即可。</p>');
DELETE FROM edu_course_exercise WHERE id='225006830125';
INSERT INTO edu_course_exercise (id, question_type, course_id, content, easy_error, source, checked, is_pk) VALUES ('225006830125', '12', '91919191', '<p>下面片段选自某高中英语课堂教学实录。</p><p><img width="689px" height="329px" src="https://fb.fbstatic.cn/api/tarzan/images/165f027cec20836.png?width=700" /></p><p>根据该教学片段回答下面四个问题：</p>', '', '2018年上半年教师资格证考试《高中英语》题第32题', '1', '0');
DELETE FROM edu_course_exercise_qa WHERE id='2250068';
INSERT INTO edu_course_exercise_qa (id, course_exercise_id, type, question, cando, answer, total_score) VALUES ('2250068', '225006830125', '12', '<p>（1）该教师采取了什么方式引出复习巩固的内容？</p>', '1', '<p>（1）知识巩固的教学方法：在开始巩固知识时，教师采用了设置真实情境的方法。教师并没有单一地呈现出短语的固定搭配来让学生回忆，而是设置了真实的语言 环境（Listen! Yesterday, you were going to play football after school when it began to rain, so you didn’t do it. Can you describe it with the word “prevent”? Who would like to have a try），让学生利用学习过的知识来解决所遇到的情境问题。</p>', '5');
DELETE FROM edu_course_exercise_qa WHERE id='2250068195';
INSERT INTO edu_course_exercise_qa (id, course_exercise_id, type, question, cando, answer, total_score) VALUES ('2250068195', '225006830125', '12', '<p>（2）当该教师发现学生没有完全掌握所学内容时，采取了什么补救方法？</p>', '1', '<p>（2）当教师发现学生并不能够完全回想起上节课所学习到的知识点时，教师可以通过给出学生固定的复习句型，让学生根据固定的句子进行课堂复习巩固。这从根本上降低了学生解决问题的难度，从而使学生能够利用原有的知识解决问题。另外，当发现学生在回答问题过程中出现知识上的疏漏时，教师应及时地给出两种答案供其选择，让其进行自我纠正。通过这样的方法让学生真正地掌握已经学过的知识。</p>', '5');
DELETE FROM edu_course_exercise_qa WHERE id='2250068195284';
INSERT INTO edu_course_exercise_qa (id, course_exercise_id, type, question, cando, answer, total_score) VALUES ('2250068195284', '225006830125', '12', '<p>（3）这种补救方法有哪两个优点？</p>', '1', '<p>（3）这种补救方法主要具备以下两个优点。首先，教师给出学生相关的句型和选择答案，有利于激发学生进一步地思考。学生在教师的帮助下自主思考，有利于加深对知识点的理解。其次，这种补救方法有利于提升学生的自信心，在帮助学生理解句型的同时激发学生的学习热情。</p>', '10');
DELETE FROM edu_course_exercise_qa WHERE id='22500681958';
INSERT INTO edu_course_exercise_qa (id, course_exercise_id, type, question, cando, answer, total_score) VALUES ('22500681958', '225006830125', '12', '<p>（4）该教师复习巩固所教内容还可以采用其他哪两种方法？</p>', '1', '<p>（4）除了利用情境导入法外，还可以利用以下两种方法进行导入。第一，可以设疑启思，即通过给学生设置相关的知识点问题引发学生思考，并回忆上一节课学习的知识点，从而达到进一步复习巩固的目的。第二，可以采用直接呈现法，即直接呈现所要复习巩固的内容，让学生进行复习巩固。</p>', '10');
DELETE FROM edu_course_exercise_comment WHERE id='2250068';
INSERT INTO edu_course_exercise_comment (id, path, course_exercise_qa_id, comment) VALUES ('2250068', ',2250068', '2250068', '<p>本题考查教学设计内容中的知识巩固的方式和知识补救方法。主要考查考生对知识巩固的方法和课堂操作的方法是否掌握。</p>');
DELETE FROM edu_course_exercise_comment WHERE id='2250068195';
INSERT INTO edu_course_exercise_comment (id, path, course_exercise_qa_id, comment) VALUES ('2250068195', ',2250068195', '2250068195', '<p>本题考查教学设计内容中的知识巩固的方式和知识补救方法。主要考查考生对知识巩固的方法和课堂操作的方法是否掌握。</p>');
DELETE FROM edu_course_exercise_comment WHERE id='2250068195284';
INSERT INTO edu_course_exercise_comment (id, path, course_exercise_qa_id, comment) VALUES ('2250068195284', ',2250068195284', '2250068195284', '<p>本题考查教学设计内容中的知识巩固的方式和知识补救方法。主要考查考生对知识巩固的方法和课堂操作的方法是否掌握。</p>');
DELETE FROM edu_course_exercise_comment WHERE id='22500681958';
INSERT INTO edu_course_exercise_comment (id, path, course_exercise_qa_id, comment) VALUES ('22500681958', ',22500681958', '22500681958', '<p>本题考查教学设计内容中的知识巩固的方式和知识补救方法。主要考查考生对知识巩固的方法和课堂操作的方法是否掌握。</p>');
DELETE FROM edu_course_exercise WHERE id='2258122';
INSERT INTO edu_course_exercise (id, question_type, course_id, content, easy_error, source, checked, is_pk) VALUES ('2258122', '12', '41414141', '<p>简述家校合作的途径。</p>', '', '2018年下半年教师资格证考试《教育教学知识与能力》（小学）题第22题', '1', '0');
DELETE FROM edu_course_exercise_qa WHERE id='2258122';
INSERT INTO edu_course_exercise_qa (id, course_exercise_id, type, question, cando, answer, total_score) VALUES ('2258122', '2258122', '12', '', '1', '<p>一般而言，家校联系的常用方式主要包括家访、班级家长会、家长学校、家长沙龙和家长委员会。</p><p>（1）家访。这是由学校的教师和干部到学生家庭进行访问，一般是与家长沟通情况、交流感情、密切关系，商讨共同教育儿童、青少年的方式方法。</p><p>（2）班级家长会。这是一种传统的家校合作方式，其主要目的是使家长与班主任及学科教师直接面对面地集中沟通，交流意见或建议，增进互信理解与支持，共同为学生进一步发展协调配合。</p><p>（3）家长学校。家长学校是组织学生家长学习进修的教育机构。家长在专业教师的引领指导下，学习教育学、心理学方面的知识，以及教育子女的方法，由此，能更好地配合班主任教育孩子，做好班级管理工作。</p><p>（4）家长沙龙和家长委员会。家长沙龙是以家长为主体，以学生学习成长为中心，以教师及专家学者为咨询指导，旨在提高家长教育素养，提升教育理念，转变传统教育观念，实现以家庭教育为突破口，最终形成教育合力的一种形式。家长委员会由关心学校、关心教育事业、具有教育子女经验的家长代表组成，其主要职责是参与学校和班级的教育与管理，协助做好学生教育工作。</p><p>（5）班级网络</p><p>教育技术现代化是当今教育的一个世界性趋势，是推进学习型家庭建设的合作互动策略。网络技术的普及推动了班级网络成为家庭与学校沟通的新载体。新的社会形势下，成人的竞争压力日趋激烈，缺乏足够的时间与学校老师进行交流，班级网络的出现为家长提供了一个非常有利的平台。</p>', '0');
DELETE FROM edu_course_exercise_comment WHERE id='2258122';
INSERT INTO edu_course_exercise_comment (id, path, course_exercise_qa_id, comment) VALUES ('2258122', ',2258122', '2258122', '<p>一般而言，家校联系的常用方式主要包括家访、班级家长会、家长学校、家长沙龙和家长委员会。</p><p>（1）家访。这是由学校的教师和干部到学生家庭进行访问，一般是与家长沟通情况、交流感情、密切关系，商讨共同教育儿童、青少年的方式方法。</p><p>（2）班级家长会。这是一种传统的家校合作方式，其主要目的是使家长与班主任及学科教师直接面对面地集中沟通，交流意见或建议，增进互信理解与支持，共同为学生进一步发展协调配合。</p><p>（3）家长学校。家长学校是组织学生家长学习进修的教育机构。家长在专业教师的引领指导下，学习教育学、心理学方面的知识，以及教育子女的方法，由此，能更好地配合班主任教育孩子，做好班级管理工作。</p><p>（4）家长沙龙和家长委员会。家长沙龙是以家长为主体，以学生学习成长为中心，以教师及专家学者为咨询指导，旨在提高家长教育素养，提升教育理念，转变传统教育观念，实现以家庭教育为突破口，最终形成教育合力的一种形式。家长委员会由关心学校、关心教育事业、具有教育子女经验的家长代表组成，其主要职责是参与学校和班级的教育与管理，协助做好学生教育工作。</p><p>（5）班级网络</p><p>教育技术现代化是当今教育的一个世界性趋势，是推进学习型家庭建设的合作互动策略。网络技术的普及推动了班级网络成为家庭与学校沟通的新载体。新的社会形势下，成人的竞争压力日趋激烈，缺乏足够的时间与学校老师进行交流，班级网络的出现为家长提供了一个非常有利的平台。</p>');
DELETE FROM edu_course_exercise WHERE id='2258145';
INSERT INTO edu_course_exercise (id, question_type, course_id, content, easy_error, source, checked, is_pk) VALUES ('2258145', '12', '61616161', '<p>简述贯彻科学性和思维性相统一教学原则的基本要求。</p>', '', '2018年下半年教师资格证考试《教育知识与能力》（中学）题第27题', '1', '0');
DELETE FROM edu_course_exercise_qa WHERE id='2258145';
INSERT INTO edu_course_exercise_qa (id, course_exercise_id, type, question, cando, answer, total_score) VALUES ('2258145', '2258145', '12', '', '1', '<p>贯彻此原则的要求如下：</p><p>（1）确保教学的科学性；</p><p>（2）发掘教材的思想性，注意在教学中对学生进行品德教育；</p><p>（3）重视补充有价值的资料、事例和录像；</p><p>（4）教师要不断提高自己的专业水平和思想修养。</p>', '0');
DELETE FROM edu_course_exercise_comment WHERE id='2258145';
INSERT INTO edu_course_exercise_comment (id, path, course_exercise_qa_id, comment) VALUES ('2258145', ',2258145', '2258145', '<p>贯彻此原则的要求如下：</p><p>（1）确保教学的科学性；</p><p>（2）发掘教材的思想性，注意在教学中对学生进行品德教育；</p><p>（3）重视补充有价值的资料、事例和录像；</p><p>（4）教师要不断提高自己的专业水平和思想修养。</p>');
DELETE FROM edu_course_exercise WHERE id='2259355';
INSERT INTO edu_course_exercise (id, question_type, course_id, content, easy_error, source, checked, is_pk) VALUES ('2259355', '12', '70707070', '<p>幼儿教师必须具备哪些方面的能力？</p>', '', '2016年山东省临沂市费县教师招聘考试题第93题', '1', '0');
DELETE FROM edu_course_exercise_qa WHERE id='2259355';
INSERT INTO edu_course_exercise_qa (id, course_exercise_id, type, question, cando, answer, total_score) VALUES ('2259355', '2259355', '12', '', '1', '<p>幼儿教师素质要求主要有三个方面：思想品德与职业道德素质、身心素质和能力素质。</p><p>（1）幼儿教师的思想品德与职业道德素质。教师必须忠诚于社会主义教育事业，是最基本的、最重要的思想品德素质；教师也要热爱幼儿，把身心奉献给幼教事业；</p><p>（2）幼儿教师的身心素质。幼儿教师应该有宽阔慈爱的心胸、稳定的情绪、丰富的感情和活泼开朗的性格；</p><p>（3）幼儿教师的能力素质。幼儿教师需要掌握幼儿身心发展的特点和规律、了解每个幼儿的内心世界、具备因人施教的技能和能力等。从知识结构上说，需要具有涉及教育学、心理学、生理学、社会学等多方面的、宽广的能力结构。观察力是幼儿教师首要的能力，这种观察可以是有计划地进行，同时也渗透在平时的教育教学活动中。沟通能力也是幼儿教师的一种基本能力，包括非言语的沟通和言语的沟通、与家长和幼儿的沟通、促进幼儿之间的沟通。组织小组活动能力也是衡量教师能力的一个方面，教师需要有能力组织教学活动、分组和指导小组活动。</p>', '0');
DELETE FROM edu_course_exercise_comment WHERE id='2259355';
INSERT INTO edu_course_exercise_comment (id, path, course_exercise_qa_id, comment) VALUES ('2259355', ',2259355', '2259355', '<p>幼儿教师素质要求主要有三个方面：思想品德与职业道德素质、身心素质和能力素质。</p><p>（1）幼儿教师的思想品德与职业道德素质。教师必须忠诚于社会主义教育事业，是最基本的、最重要的思想品德素质；教师也要热爱幼儿，把身心奉献给幼教事业；</p><p>（2）幼儿教师的身心素质。幼儿教师应该有宽阔慈爱的心胸、稳定的情绪、丰富的感情和活泼开朗的性格；</p><p>（3）幼儿教师的能力素质。幼儿教师需要掌握幼儿身心发展的特点和规律、了解每个幼儿的内心世界、具备因人施教的技能和能力等。从知识结构上说，需要具有涉及教育学、心理学、生理学、社会学等多方面的、宽广的能力结构。观察力是幼儿教师首要的能力，这种观察可以是有计划地进行，同时也渗透在平时的教育教学活动中。沟通能力也是幼儿教师的一种基本能力，包括非言语的沟通和言语的沟通、与家长和幼儿的沟通、促进幼儿之间的沟通。组织小组活动能力也是衡量教师能力的一个方面，教师需要有能力组织教学活动、分组和指导小组活动。</p>');
DELETE FROM edu_course_exercise WHERE id='2259356';
INSERT INTO edu_course_exercise (id, question_type, course_id, content, easy_error, source, checked, is_pk) VALUES ('2259356', '12', '70707070', '<p>简述意志的特征。</p>', '', '2016年山东省临沂市费县教师招聘考试题第94题', '1', '0');
DELETE FROM edu_course_exercise_qa WHERE id='2259356';
INSERT INTO edu_course_exercise_qa (id, course_exercise_id, type, question, cando, answer, total_score) VALUES ('2259356', '2259356', '12', '', '1', '<p>意志是有意识地确立目的，调节和支配行动，并通过克服困难和挫折，实现预定目的的心理过程。意志的特征主要包括：</p><p>（1）意志有明确的目的性；</p><p>（2）意志对活动有调节作用；</p><p>（3）克服困难是意志行动最重要的特征；</p><p>（4）意志以随意动作为基础。</p>', '0');
DELETE FROM edu_course_exercise_comment WHERE id='2259356';
INSERT INTO edu_course_exercise_comment (id, path, course_exercise_qa_id, comment) VALUES ('2259356', ',2259356', '2259356', '<p>意志是有意识地确立目的，调节和支配行动，并通过克服困难和挫折，实现预定目的的心理过程。意志的特征主要包括：</p><p>（1）意志有明确的目的性；</p><p>（2）意志对活动有调节作用；</p><p>（3）克服困难是意志行动最重要的特征；</p><p>（4）意志以随意动作为基础。</p>');
DELETE FROM edu_course_exercise WHERE id='2259357';
INSERT INTO edu_course_exercise (id, question_type, course_id, content, easy_error, source, checked, is_pk) VALUES ('2259357', '12', '70707070', '<p>简述如何建立以学生为本的班级管理机制。</p>', '', '2016年山东省临沂市费县教师招聘考试题第95题', '1', '0');
DELETE FROM edu_course_exercise_qa WHERE id='2259357';
INSERT INTO edu_course_exercise_qa (id, course_exercise_id, type, question, cando, answer, total_score) VALUES ('2259357', '2259357', '12', '', '1', '<p>班级管理是班主任按照一定的原则和具体要求，对班级中的各种资源进行计划、组织、协调、控制，以实现各种共同目标而进行的管理活动。班级管理的根本目的是实现教育目标，使学生得到充分的、全面的发展。建立以学生为本的班级管理的机制，需要做到以下几点：</p><p>（1）以满足学生的发展需要为目的；</p><p>（2）确立学生在班级中的主体地位；</p><p>（3）训练学生自我管理班级的能力。</p>', '0');
DELETE FROM edu_course_exercise_comment WHERE id='2259357';
INSERT INTO edu_course_exercise_comment (id, path, course_exercise_qa_id, comment) VALUES ('2259357', ',2259357', '2259357', '<p>班级管理是班主任按照一定的原则和具体要求，对班级中的各种资源进行计划、组织、协调、控制，以实现各种共同目标而进行的管理活动。班级管理的根本目的是实现教育目标，使学生得到充分的、全面的发展。建立以学生为本的班级管理的机制，需要做到以下几点：</p><p>（1）以满足学生的发展需要为目的；</p><p>（2）确立学生在班级中的主体地位；</p><p>（3）训练学生自我管理班级的能力。</p>');
DELETE FROM edu_course_exercise WHERE id='2259358';
INSERT INTO edu_course_exercise (id, question_type, course_id, content, easy_error, source, checked, is_pk) VALUES ('2259358', '12', '70707070', '<p>简述教师的权利。</p>', '', '2016年山东省临沂市费县教师招聘考试题第96题', '1', '0');
DELETE FROM edu_course_exercise_qa WHERE id='2259358';
INSERT INTO edu_course_exercise_qa (id, course_exercise_id, type, question, cando, answer, total_score) VALUES ('2259358', '2259358', '12', '', '1', '<p>《中华人民共和国教师法》第七条规定教师享有以下权利：</p><p>（1）教育教学权。是指进行教育教学活动，开展教育教学改革和实验的权利；</p><p>（2）科学研究权。是指从事科学研究、学术交流，参加专业的学术团体，在学术活动中充分发表意见的权利；</p><p>（3）指导评价权。是指指导学生的学习和发展，评定学生的品行和学业成绩的权利；</p><p>（4）获取报酬权。是指按时获取工资报酬，享受国家规定的福利待遇以及寒暑假期带薪休假的权利；</p><p>（5）民主管理权。是指对学校教育教学、管理工作和教育行政部门的工作提出意见和建议，通过教职工代表大会或者其他形式，参与学校的民主管理的权利；</p><p>（6）进修培训权。进修培训权是指参加进修或者其他方式的培训的权利。</p>', '0');
DELETE FROM edu_course_exercise_comment WHERE id='2259358';
INSERT INTO edu_course_exercise_comment (id, path, course_exercise_qa_id, comment) VALUES ('2259358', ',2259358', '2259358', '<p>《中华人民共和国教师法》第七条规定教师享有以下权利：</p><p>（1）教育教学权。是指进行教育教学活动，开展教育教学改革和实验的权利；</p><p>（2）科学研究权。是指从事科学研究、学术交流，参加专业的学术团体，在学术活动中充分发表意见的权利；</p><p>（3）指导评价权。是指指导学生的学习和发展，评定学生的品行和学业成绩的权利；</p><p>（4）获取报酬权。是指按时获取工资报酬，享受国家规定的福利待遇以及寒暑假期带薪休假的权利；</p><p>（5）民主管理权。是指对学校教育教学、管理工作和教育行政部门的工作提出意见和建议，通过教职工代表大会或者其他形式，参与学校的民主管理的权利；</p><p>（6）进修培训权。进修培训权是指参加进修或者其他方式的培训的权利。</p>');
DELETE FROM edu_course_exercise WHERE id='2259359';
INSERT INTO edu_course_exercise (id, question_type, course_id, content, easy_error, source, checked, is_pk) VALUES ('2259359', '12', '70707070', '<p>简述什么是德育。</p>', '', '2016年山东省临沂市费县教师招聘考试题第97题', '1', '0');
DELETE FROM edu_course_exercise_qa WHERE id='2259359';
INSERT INTO edu_course_exercise_qa (id, course_exercise_id, type, question, cando, answer, total_score) VALUES ('2259359', '2259359', '12', '', '1', '<p>德育的概念有广义和狭义之分。广义的德育泛指所有有目的、有计划地对社会成员在政治、思想与道德等方面施加影响的活动，包括社会德育、社区德育、学校德育和家庭德育等方面。</p><p>狭义的德育则指学校德育。学校德育是指教育者依据一定社会或阶级的要求和受教育者思想品德形成规律，有目的、有计划地对受教育者施加系统的影响，把一定社会的思想和道德转化为学生个体的思想意识和道德品质的教育。简而言之，就是教师有目的地培养学生思想品德的过程。</p>', '0');
DELETE FROM edu_course_exercise_comment WHERE id='2259359';
INSERT INTO edu_course_exercise_comment (id, path, course_exercise_qa_id, comment) VALUES ('2259359', ',2259359', '2259359', '<p>德育的概念有广义和狭义之分。广义的德育泛指所有有目的、有计划地对社会成员在政治、思想与道德等方面施加影响的活动，包括社会德育、社区德育、学校德育和家庭德育等方面。</p><p>狭义的德育则指学校德育。学校德育是指教育者依据一定社会或阶级的要求和受教育者思想品德形成规律，有目的、有计划地对受教育者施加系统的影响，把一定社会的思想和道德转化为学生个体的思想意识和道德品质的教育。简而言之，就是教师有目的地培养学生思想品德的过程。</p>');
DELETE FROM edu_course_exercise WHERE id='2259361';
INSERT INTO edu_course_exercise (id, question_type, course_id, content, easy_error, source, checked, is_pk) VALUES ('2259361', '12', '70707070', '<p>简述上好课的基本要求。</p>', '', '2016年山东省临沂市费县教师招聘考试题第99题', '1', '0');
DELETE FROM edu_course_exercise_qa WHERE id='2259361';
INSERT INTO edu_course_exercise_qa (id, course_exercise_id, type, question, cando, answer, total_score) VALUES ('2259361', '2259361', '12', '', '0', '<p>上课是教学工作的中心环节，上好课的具体要求包括以下几个方面：</p><p>（1）目的明确：一是目标制定得当，符合课程标准的要求及学生的实际；二是课堂上的一切教学活动都应该围绕教学目的来进行。</p><p>（2）内容正确：保证教学内容的科学性和思想性。</p><p>（3）方法得当：指教师根据教学任务、内容和学生的特点选择较佳的方法进行教学，力求使教学取得较好的效果。</p><p>（4）结构合理：要有严密的计划性和组织性。课的进程次序分明、有条不紊，课的安排紧凑，不同任务变换时过渡自然，课堂秩序良好。</p><p>（5）语言艺术：讲普通话，要清楚，注意抑扬顿挫等。</p><p>（6）气氛热烈：指课应该自始至终在教师的指导下充分发挥学生的积极性。教师注意因材施教，使每个学生都能积极地动脑、动手、动口，课堂内充满民主的气氛，形成生动活泼的教学局面。</p><p>（7）板书有序：形式上字迹规范、清楚、位置适宜；内容上重点突出，条理清晰。</p><p>（8）态度从容：充满自信，适当运用肢体语言。</p>', '0');
DELETE FROM edu_course_exercise_comment WHERE id='2259361';
INSERT INTO edu_course_exercise_comment (id, path, course_exercise_qa_id, comment) VALUES ('2259361', ',2259361', '2259361', '<p>上课是教学工作的中心环节，上好课的具体要求包括以下几个方面：</p><p>（1）目的明确：一是目标制定得当，符合课程标准的要求及学生的实际；二是课堂上的一切教学活动都应该围绕教学目的来进行。</p><p>（2）内容正确：保证教学内容的科学性和思想性。</p><p>（3）方法得当：指教师根据教学任务、内容和学生的特点选择较佳的方法进行教学，力求使教学取得较好的效果。</p><p>（4）结构合理：要有严密的计划性和组织性。课的进程次序分明、有条不紊，课的安排紧凑，不同任务变换时过渡自然，课堂秩序良好。</p><p>（5）语言艺术：讲普通话，要清楚，注意抑扬顿挫等。</p><p>（6）气氛热烈：指课应该自始至终在教师的指导下充分发挥学生的积极性。教师注意因材施教，使每个学生都能积极地动脑、动手、动口，课堂内充满民主的气氛，形成生动活泼的教学局面。</p><p>（7）板书有序：形式上字迹规范、清楚、位置适宜；内容上重点突出，条理清晰。</p><p>（8）态度从容：充满自信，适当运用肢体语言。</p>');
DELETE FROM edu_course_exercise WHERE id='2259598';
INSERT INTO edu_course_exercise (id, question_type, course_id, content, easy_error, source, checked, is_pk) VALUES ('2259598', '12', '70707070', '<p>简要说明基础教育新课程改革的具体目标。</p>', '', '2017年山东省日照市教育系统公开招聘教师考试《教育理论综合知识》题第79题', '1', '0');
DELETE FROM edu_course_exercise_qa WHERE id='2259598';
INSERT INTO edu_course_exercise_qa (id, course_exercise_id, type, question, cando, answer, total_score) VALUES ('2259598', '2259598', '12', '', '0', '<p>新课程改革的具体目标主要包括：</p><p>（1）实现课程功能的转变。改变课程过于注重知识传授的倾向，强调形成积极主动的学习态度，引导学生学会学习、学会生存、学会做人，使学生在获得基础知识和基本技能的同时学会学习和形成正确价值观。因此，新课程背景下的课堂教学所倡导的目标为三维目标：知识与技能、过程与方法、情感态度与价值观。</p><p>（2）体现课程结构的均衡性、综合性和选择性。改变课程结构过于强调学科本位、科目过多和缺乏整合的现状，整体设置九年一贯课程门类和课时比例，并设置综合课程，以适应不同地区和学生发展的需求。</p><p>（3）密切课程内容与生活和时代的联系。改变课程内容“繁、难、偏、旧”和过于注重书本知识的现状，加强课程内容与学生生活以及现代社会和科技发展的联系，关注学生的学习兴趣和经验，精选终身学习必备的基础知识和技能。</p><p>（4）改善学生的学习方式。改变课程实施过于强调接受学习、死记硬背、机械训练的现状，新课程改革在学习方式上强调自主、合作、探究学习。</p>', '0');
DELETE FROM edu_course_exercise_comment WHERE id='2259598';
INSERT INTO edu_course_exercise_comment (id, path, course_exercise_qa_id, comment) VALUES ('2259598', ',2259598', '2259598', '<p>新课程改革的具体目标主要包括：</p><p>（1）实现课程功能的转变。改变课程过于注重知识传授的倾向，强调形成积极主动的学习态度，引导学生学会学习、学会生存、学会做人，使学生在获得基础知识和基本技能的同时学会学习和形成正确价值观。因此，新课程背景下的课堂教学所倡导的目标为三维目标：知识与技能、过程与方法、情感态度与价值观。</p><p>（2）体现课程结构的均衡性、综合性和选择性。改变课程结构过于强调学科本位、科目过多和缺乏整合的现状，整体设置九年一贯课程门类和课时比例，并设置综合课程，以适应不同地区和学生发展的需求。</p><p>（3）密切课程内容与生活和时代的联系。改变课程内容“繁、难、偏、旧”和过于注重书本知识的现状，加强课程内容与学生生活以及现代社会和科技发展的联系，关注学生的学习兴趣和经验，精选终身学习必备的基础知识和技能。</p><p>（4）改善学生的学习方式。改变课程实施过于强调接受学习、死记硬背、机械训练的现状，新课程改革在学习方式上强调自主、合作、探究学习。</p>');
DELETE FROM edu_course_exercise WHERE id='2296048';
INSERT INTO edu_course_exercise (id, question_type, course_id, content, easy_error, source, checked, is_pk) VALUES ('2296048', '12', '91919191', '<p>简述形成性评价（formative assessment）的含义，列举两种形成性评价的方法或手段，并提出实施中应该注意的两个问题（8分）。</p>', '', '2018年下半年教师资格证考试《初中英语》题第31题', '1', '0');
DELETE FROM edu_course_exercise_qa WHERE id='2296048';
INSERT INTO edu_course_exercise_qa (id, course_exercise_id, type, question, cando, answer, total_score) VALUES ('2296048', '2296048', '12', '<p>(1)简述形成性评价（formative assessment）的含义</p>', '1', '<p>（1）形成性评价（formative evaluation）是指在教学过程中为了解学生的学习情况，及时发现教学中的问题而进行的评价。形成性评价常采用非正式考试或单元测验的形式来进行。</p><p>', '4');
DELETE FROM edu_course_exercise_qa WHERE id='2296048544';
INSERT INTO edu_course_exercise_qa (id, course_exercise_id, type, question, cando, answer, total_score) VALUES ('2296048544', '2296048', '12', '(2)列举两种形成性评价的方法或手段', '1', '<p>（2）列举两种形成性评价的方法或手段：</p><p>课堂自测</p><p>当堂课程主要学习任务基本完成后，在总结阶段，让学生完成“自检练习”并可以进行相互批改，以此来检查当堂知识掌握情况并进行调整；</p><p>奖励制度</p><p>教学中教师可以设立一些奖励制度作为评价的方式，如分组对抗，成长记录袋等……以丰富的评价方式激起学生的学习兴趣，激发其主动参与的欲望。</p>', '8');
DELETE FROM edu_course_exercise_qa WHERE id='2296048641';
INSERT INTO edu_course_exercise_qa (id, course_exercise_id, type, question, cando, answer, total_score) VALUES ('2296048641', '2296048', '12', '<p>(1)提出实施中应该注意的两个问题。', '1', '（3）提出实施中应该注意的两个问题：</p><p>1. 评价与课堂教学有机结合</p><p>在实际操作中，教师应创造一种轻负荷、低焦虑的环境和轻松愉快的氛围,根据不同年龄特征和学习风格差异采取适当的评价方式和手段。</p><p>2. 注意评价的实效性</p><p>评价是为了更好地提高教学质量，应注重评价的实效性，对评价中出现的问题要仔细分析、及时调整。</p>', '8');
DELETE FROM edu_course_exercise_comment WHERE id='2296048';
INSERT INTO edu_course_exercise_comment (id, path, course_exercise_qa_id, comment) VALUES ('2296048', ',2296048', '2296048', '<p>（1）形成性评价（formative evaluation）是指在教学过程中为了解学生的学习情况，及时发现教学中的问题而进行的评价。形成性评价常采用非正式考试或单元测验的形式来进行。</p>');
DELETE FROM edu_course_exercise_comment WHERE id='2296048906';
INSERT INTO edu_course_exercise_comment (id, path, course_exercise_qa_id, comment) VALUES ('2296048906', ',2296048906', '2296048544', '<p>（2）列举两种形成性评价的方法或手段：</p><p>课堂自测</p><p>当堂课程主要学习任务基本完成后，在总结阶段，让学生完成“自检练习”并可以进行相互批改，以此来检查当堂知识掌握情况并进行调整；</p><p>奖励制度</p><p>教学中教师可以设立一些奖励制度作为评价的方式，如分组对抗，成长记录袋等……以丰富的评价方式激起学生的学习兴趣，激发其主动参与的欲望。</p>');
DELETE FROM edu_course_exercise_comment WHERE id='2296048919';
INSERT INTO edu_course_exercise_comment (id, path, course_exercise_qa_id, comment) VALUES ('2296048919', ',2296048919', '2296048641', '（3）提出实施中应该注意的两个问题：</p><p>1. 评价与课堂教学有机结合</p><p>在实际操作中，教师应创造一种轻负荷、低焦虑的环境和轻松愉快的氛围,根据不同年龄特征和学习风格差异采取适当的评价方式和手段。</p><p>2. 注意评价的实效性</p><p>评价是为了更好地提高教学质量，应注重评价的实效性，对评价中出现的问题要仔细分析、及时调整。</p>');
DELETE FROM edu_course_exercise WHERE id='2296258';
INSERT INTO edu_course_exercise (id, question_type, course_id, content, easy_error, source, checked, is_pk) VALUES ('2296258', '12', '91919191', '<p>根据提供的信息和语言素材设计教学方案，用英文作答。</p><p>设计任务：请阅读下面学生信息和语言素材，设计20分钟的写作教学方案。教案没有固定格式，但须包含下列要点：</p><p>●teaching objectives</p><p>●teaching contents</p><p>●key and difficult points  </p><p>●major steps and time allocation</p><p>●activities and justifications</p><p>教学时间：20分钟</p><p>学生概况：某城镇普通高中一年级第一学期学生班级人数40人。多数学生已经达到《普通高中英语课程标准（实验）》五级水平。学生课堂参与积极性一般。</p><p>语言素材：</p><p>WRITING</p><p>①Read the short essay and discuss.</p><p><img width="537px" height="251px" src="https://fb.fbstatic.cn/api/tarzan/images/1684bd9e0b1e527.png?width=700" /></p><p>②Write a paragraph giving the opposite view.</p>', '', '2018年下半年教师资格证考试《高中英语》题第33题', '1', '0');
DELETE FROM edu_course_exercise_qa WHERE id='2296258';
INSERT INTO edu_course_exercise_qa (id, course_exercise_id, type, question, cando, answer, total_score) VALUES ('2296258', '2296258', '12', '', '0', '<p>●teaching objectives</p><p>Knowledge objective: Students can read for useful information in a passage and express own opinion through discussing and writing.</p><p>Ability objective: Students can develop their ability of independent thinking, observation and creativity.</p><p>Emotional objective: Students can arouse their interest in learning English and build confidence.</p><p>●teaching contents</p><p>How to write an essay to show opinions</p><p>●key and difficult points</p><p>Key points: understand the passage and be able to write an argumentative essay.</p><p>Difficult points: outline the basic structure of an essay</p><p>●major steps and time allocation</p><p>●activities and justifications</p><p><b>Step1&amp;2. lead-in &amp; pre-writing</b></p><p>1. Brainstorm. Ask students to tell the <u>activities we do with a computer</u>. Take a group contest, the more they say, the better score they get.</p><p> </p><p>2. Prediction. Elicit students to draw attention to the pictures and predict what happens in the passage. </p><p>【Purpose】 Through the presentation of pictures and group competitions to arouse students interest in this topic, laying a  preparation for the next step.</p><p> </p><p><b>Step3. While-writing</b></p><p>1. <b>Skimming.</b> Read the text briefly and check if the prediction is correct.</p><p>2. <b>Scanning.</b> Tell students to quickly browse the text within a certain time, then conclude the main idea.</p><p>3.<b>Careful reading. </b>Read the text again and find the arguments and examples.</p><p><b>4. Outline. </b>Invite students to brainstorm opposite ideas according to the given topic.</p><p>【Purpose】 Skimming makes the students understand the details of the text by answering the questions. By finding supporting ideas, students learn to draft an outline.</p><p><b>Step4. Post-writing</b></p><p>1. Drafting</p><p>    Start to write and elicit students to pay attention to the structure and grammar. </p><p>2. Share and check</p><p>    Students exchange composition and check for spelling, accuracy and punctuation. Share some of the essays in class. </p><p>【Purpose】 To train students’ habit of thinking diligently and train their writing ability through activities. It also enhances students’ ability of evaluating.</p>', '0');
DELETE FROM edu_course_exercise_comment WHERE id='2296258';
INSERT INTO edu_course_exercise_comment (id, path, course_exercise_qa_id, comment) VALUES ('2296258', ',2296258', '2296258', '<p>本题考查写作课设计和教学实践能力。</p>');
DELETE FROM edu_course_exercise WHERE id='2296449';
INSERT INTO edu_course_exercise (id, question_type, course_id, content, easy_error, source, checked, is_pk) VALUES ('2296449', '12', '60606060', '<p>简述什么是二方连续，并绘制出二方连续的种基本骨式。</p>', '', '2018年下半年教师资格证考试《初中美术》题第27题', '1', '0');
DELETE FROM edu_course_exercise_qa WHERE id='2296449';
INSERT INTO edu_course_exercise_qa (id, course_exercise_id, type, question, cando, answer, total_score) VALUES ('2296449', '2296449', '12', '', '0', '<p>二方连续：一个单位纹样沿上下或者左右两个方向做有规律的连续重复，沿左右方向连续重复的称横式二方连续，沿上下方向的称纵向二方连续。其主要形式有散点式、接圆式、波线式、垂直式、斜线式、折线式、结合式。</p><p><img width="604px" height="558px" src="https://fb.fbstatic.cn/api/tarzan/images/1687eaa9e4a0e93.jpg?width=700" /></p>', '0');
DELETE FROM edu_course_exercise_comment WHERE id='2296449';
INSERT INTO edu_course_exercise_comment (id, path, course_exercise_qa_id, comment) VALUES ('2296449', ',2296449', '2296449', '<p>二方连续：一个单位纹样沿上下或者左右两个方向做有规律的连续重复，沿左右方向连续重复的称横式二方连续，沿上下方向的称纵向二方连续。其主要形式有散点式、接圆式、波线式、垂直式、斜线式、折线式、结合式。</p><p><img width="604px" height="558px" src="https://fb.fbstatic.cn/api/tarzan/images/1687eaa9e4a0e93.jpg?width=700" /></p>');
DELETE FROM edu_course_exercise WHERE id='2296450';
INSERT INTO edu_course_exercise (id, question_type, course_id, content, easy_error, source, checked, is_pk) VALUES ('2296450', '12', '60606060', '<p>简述《义务教育美术课程标准（2011年版）》中“教学建议”的主要内容。</p>', '', '2018年下半年教师资格证考试《初中美术》题第28题', '1', '0');
DELETE FROM edu_course_exercise_qa WHERE id='2296450';
INSERT INTO edu_course_exercise_qa (id, course_exercise_id, type, question, cando, answer, total_score) VALUES ('2296450', '2296450', '12', '', '1', '<p>（1）坚持面向全体学生的教学观。</p><p>（2）积极探索有效教学的方法。</p><p>（3）营造有利于激发学生创新精神的学习氛围。</p><p>（4）多给学生感悟美术作品的机会。</p><p>（5）引导学生关注自然环境和社会生活。</p><p>（6）重视对学生学习方法的研究。</p><p>（7）探索各种生动有趣、适合学生身心发展水平的教学手段。</p><p>（8）培养学生健康乐观的心态和持之以恒的学习精神。</p>', '0');
DELETE FROM edu_course_exercise_comment WHERE id='2296450';
INSERT INTO edu_course_exercise_comment (id, path, course_exercise_qa_id, comment) VALUES ('2296450', ',2296450', '2296450', '<p>（1）坚持面向全体学生的教学观。</p><p>（2）积极探索有效教学的方法。</p><p>（3）营造有利于激发学生创新精神的学习氛围。</p><p>（4）多给学生感悟美术作品的机会。</p><p>（5）引导学生关注自然环境和社会生活。</p><p>（6）重视对学生学习方法的研究。</p><p>（7）探索各种生动有趣、适合学生身心发展水平的教学手段。</p><p>（8）培养学生健康乐观的心态和持之以恒的学习精神。</p>');
DELETE FROM edu_course_exercise WHERE id='2296451';
INSERT INTO edu_course_exercise (id, question_type, course_id, content, easy_error, source, checked, is_pk) VALUES ('2296451', '12', '60606060', '<p>简述美术教学中小组合作学习的实施要点。</p>', '', '2018年下半年教师资格证考试《初中美术》题第29题', '1', '0');
DELETE FROM edu_course_exercise_qa WHERE id='2296451';
INSERT INTO edu_course_exercise_qa (id, course_exercise_id, type, question, cando, answer, total_score) VALUES ('2296451', '2296451', '12', '', '1', '<p>小组合作学习，是学生在小组中一起工作，质量取决于每一个成员的表现，以及相互协作的程度，具有双重功能，既能培养学生的交流、沟通和合作的意识与能力。又帮助学生互相启发，获得对知识理解和方法的掌握。实施要点如下：</p><p>（1）合理地分配小组。合作学习的人数不宜过多，一般以4-6个人组成合作小组为宜；</p><p>（2）明确学习目的和分配任务；</p><p>（3）鼓励学生在合作的过程中，学习与同学沟通、交流，准确而清晰的传达自己的意见，共同解决学习中遇到的困难和问题。</p>', '0');
DELETE FROM edu_course_exercise_comment WHERE id='2296451';
INSERT INTO edu_course_exercise_comment (id, path, course_exercise_qa_id, comment) VALUES ('2296451', ',2296451', '2296451', '<p>小组合作学习，是学生在小组中一起工作，质量取决于每一个成员的表现，以及相互协作的程度，具有双重功能，既能培养学生的交流、沟通和合作的意识与能力。又帮助学生互相启发，获得对知识理解和方法的掌握。实施要点如下：</p><p>（1）合理地分配小组。合作学习的人数不宜过多，一般以4-6个人组成合作小组为宜；</p><p>（2）明确学习目的和分配任务；</p><p>（3）鼓励学生在合作的过程中，学习与同学沟通、交流，准确而清晰的传达自己的意见，共同解决学习中遇到的困难和问题。</p>');
DELETE FROM edu_course_exercise WHERE id='2296452';
INSERT INTO edu_course_exercise (id, question_type, course_id, content, easy_error, source, checked, is_pk) VALUES ('2296452', '12', '60606060', '<p>依据《义务教育美术课程标准(2011年版）》评价建议，如何采用多种评价方式评价美术作业？</p>', '', '2018年下半年教师资格证考试《初中美术》题第30题', '1', '0');
DELETE FROM edu_course_exercise_qa WHERE id='2296452';
INSERT INTO edu_course_exercise_qa (id, course_exercise_id, type, question, cando, answer, total_score) VALUES ('2296452', '2296452', '12', '', '1', '<p>（1）评价原则：既要充分肯定学生的进步和发展，也要使学生明确需要克服的弱点并找到发展的方向。</p><p>（2）评价内容：对学生美术作业的评价可以从创作构思、表现方式及技能等方面进行。</p><p>（3）评价方式：鼓励采用学生自评、互评、教师评以及座谈等方式，对学生的美术作业进行评价。</p><p>（4）评价结果：评价结果可以是分数、等级或评语，也可以是评语与等级相结合的方式。</p>', '0');
DELETE FROM edu_course_exercise_comment WHERE id='2296452';
INSERT INTO edu_course_exercise_comment (id, path, course_exercise_qa_id, comment) VALUES ('2296452', ',2296452', '2296452', '<p>（1）评价原则：既要充分肯定学生的进步和发展，也要使学生明确需要克服的弱点并找到发展的方向。</p><p>（2）评价内容：对学生美术作业的评价可以从创作构思、表现方式及技能等方面进行。</p><p>（3）评价方式：鼓励采用学生自评、互评、教师评以及座谈等方式，对学生的美术作业进行评价。</p><p>（4）评价结果：评价结果可以是分数、等级或评语，也可以是评语与等级相结合的方式。</p>');
DELETE FROM edu_course_exercise WHERE id='2296600';
INSERT INTO edu_course_exercise (id, question_type, course_id, content, easy_error, source, checked, is_pk) VALUES ('2296600', '12', '60606060', '<p>简述西方绘画中“点彩派”的主要风格特点。</p>', '', '2018年下半年教师资格证考试《高中美术》题第27题', '1', '0');
DELETE FROM edu_course_exercise_qa WHERE id='2296600';
INSERT INTO edu_course_exercise_qa (id, course_exercise_id, type, question, cando, answer, total_score) VALUES ('2296600', '2296600', '12', '', '1', '<p>（1）在印象主义之后，19世纪80年代的法国出现了“新印象主义”画派。点彩派又称新印象主义、分色主义或分割主义。</p><p>（2）这派画家根据光学科学的色彩分割理论进行创作，不在调色板上调混颜色，而是将各种纯色的小点并置在画布上，以取得印象主义所追求的光感和色感。在创作时不仅应用光线的分析和视觉的生理特征，以达到最高纯度和新鲜的色调，造成明亮辉映的画面。而且在画面上更进一步表现明朗的秩序观念。其基本特征是重科学、重和谐、重理性。</p><p>（3）代表人物修拉、西涅克，代表作：修拉《大碗岛星期日的下午》西涅克理论专著代表有《马赛港的入口》。</p>', '0');
DELETE FROM edu_course_exercise_comment WHERE id='2296600';
INSERT INTO edu_course_exercise_comment (id, path, course_exercise_qa_id, comment) VALUES ('2296600', ',2296600', '2296600', '<p>（1）在印象主义之后，19世纪80年代的法国出现了“新印象主义”画派。点彩派又称新印象主义、分色主义或分割主义。</p><p>（2）这派画家根据光学科学的色彩分割理论进行创作，不在调色板上调混颜色，而是将各种纯色的小点并置在画布上，以取得印象主义所追求的光感和色感。在创作时不仅应用光线的分析和视觉的生理特征，以达到最高纯度和新鲜的色调，造成明亮辉映的画面。而且在画面上更进一步表现明朗的秩序观念。其基本特征是重科学、重和谐、重理性。</p><p>（3）代表人物修拉、西涅克，代表作：修拉《大碗岛星期日的下午》西涅克理论专著代表有《马赛港的入口》。</p>');
DELETE FROM edu_course_exercise WHERE id='2296601';
INSERT INTO edu_course_exercise (id, question_type, course_id, content, easy_error, source, checked, is_pk) VALUES ('2296601', '12', '60606060', '<p>列举美术教师选用教学方法的依据（不少于3个）。</p>', '', '2018年下半年教师资格证考试《高中美术》题第28题', '1', '0');
DELETE FROM edu_course_exercise_qa WHERE id='2296601';
INSERT INTO edu_course_exercise_qa (id, course_exercise_id, type, question, cando, answer, total_score) VALUES ('2296601', '2296601', '12', '', '1', '<p>（1）根据所授课的教学目标选择教学方法。</p><p>（2）根据所教学生实际特点选择教学方法。</p><p>（3）根据所处教学环境选择教学方法。</p><p>（4）根据教师自身素质选择教学方法。</p>', '0');
DELETE FROM edu_course_exercise_comment WHERE id='2296601';
INSERT INTO edu_course_exercise_comment (id, path, course_exercise_qa_id, comment) VALUES ('2296601', ',2296601', '2296601', '<p>（1）根据所授课的教学目标选择教学方法。</p><p>（2）根据所教学生实际特点选择教学方法。</p><p>（3）根据所处教学环境选择教学方法。</p><p>（4）根据教师自身素质选择教学方法。</p>');
DELETE FROM edu_course_exercise WHERE id='2296602';
INSERT INTO edu_course_exercise (id, question_type, course_id, content, easy_error, source, checked, is_pk) VALUES ('2296602', '12', '60606060', '<p>依据《普通高中美术课程标准（实验）》，简述美术鉴赏的课程目标。</p>', '', '2018年下半年教师资格证考试《高中美术》题第29题', '1', '0');
DELETE FROM edu_course_exercise_qa WHERE id='2296602';
INSERT INTO edu_course_exercise_qa (id, course_exercise_id, type, question, cando, answer, total_score) VALUES ('2296602', '2296602', '12', '', '1', '<p>（1）积极参与美术鉴赏活动。</p><p>（2）懂得美术鉴赏的基本方法，恰当使用美术术语（如形状、色彩、空间、材质等）以自己的观点采用一种或多种方法描述、分析、解释和评价艺术作品，并与他人进行交流。</p><p>（3）运用多种方法或利用现代信息技术收集美术的有关信息。</p><p>（4）知道重要的美术家及其代表作品，了解中外美术的主要风格、流派。</p><p>（5）理解美术与自然、社会之间的关系，在文化情境中认识美术。</p><p>（6）热爱祖国优秀的传统文化，尊重世界多元文化。</p>', '0');
DELETE FROM edu_course_exercise_comment WHERE id='2296602';
INSERT INTO edu_course_exercise_comment (id, path, course_exercise_qa_id, comment) VALUES ('2296602', ',2296602', '2296602', '<p>（1）积极参与美术鉴赏活动。</p><p>（2）懂得美术鉴赏的基本方法，恰当使用美术术语（如形状、色彩、空间、材质等）以自己的观点采用一种或多种方法描述、分析、解释和评价艺术作品，并与他人进行交流。</p><p>（3）运用多种方法或利用现代信息技术收集美术的有关信息。</p><p>（4）知道重要的美术家及其代表作品，了解中外美术的主要风格、流派。</p><p>（5）理解美术与自然、社会之间的关系，在文化情境中认识美术。</p><p>（6）热爱祖国优秀的传统文化，尊重世界多元文化。</p>');
DELETE FROM edu_course_exercise WHERE id='2296604';
INSERT INTO edu_course_exercise (id, question_type, course_id, content, easy_error, source, checked, is_pk) VALUES ('2296604', '12', '60606060', '<p>在《普通高中美术课程标准（实验）》“评价建议”中，如何通过评价促进教师的成长？</p>', '', '2018年下半年教师资格证考试《高中美术》题第30题', '1', '0');
DELETE FROM edu_course_exercise_qa WHERE id='2296604';
INSERT INTO edu_course_exercise_qa (id, course_exercise_id, type, question, cando, answer, total_score) VALUES ('2296604', '2296604', '12', '', '1', '<p>（1）建立促进美术教师成长的评价体系。教师应转变在教学评价活动中的角色，能对自己的教学行为进行分析与反思，及时记录教学体会，教学成果以及需要改进之处。</p><p>（2）建立以美术教师自评为主，校长、教师、学生、家长等共同参与的评价制度，使美术教师从多种渠道获得反馈信息，不断改进教学，促进自身不断成长。</p>', '0');
DELETE FROM edu_course_exercise_comment WHERE id='2296604';
INSERT INTO edu_course_exercise_comment (id, path, course_exercise_qa_id, comment) VALUES ('2296604', ',2296604', '2296604', '<p>（1）建立促进美术教师成长的评价体系。教师应转变在教学评价活动中的角色，能对自己的教学行为进行分析与反思，及时记录教学体会，教学成果以及需要改进之处。</p><p>（2）建立以美术教师自评为主，校长、教师、学生、家长等共同参与的评价制度，使美术教师从多种渠道获得反馈信息，不断改进教学，促进自身不断成长。</p>');
